<?xml version="1.0" encoding="utf-8"?>
<COLLADA xmlns="http://www.collada.org/2005/11/COLLADASchema" version="1.4.1" xmlns:xsi="http://www.w3.org/2001/XMLSchema-instance">
  <asset>
    <contributor>
      <author>Blender User</author>
      <authoring_tool>Blender 4.4.3 commit date:2025-04-29, commit time:14:09, hash:802179c51ccc</authoring_tool>
    </contributor>
    <created>2025-08-27T14:15:07</created>
    <modified>2025-08-27T14:15:07</modified>
    <unit name="meter" meter="1"/>
    <up_axis>Z_UP</up_axis>
  </asset>
  <library_images/>
  <library_geometries>
    <geometry id="right_rudder-mesh" name="right_rudder">
      <mesh>
        <source id="right_rudder-mesh-positions">
          <float_array id="right_rudder-mesh-positions-array" count="2727">-1217.095 -709.8781 144.9352 -1217.083 -709.7396 144.9352 -1217.084 -709.601 144.9352 -1217.098 -709.4626 144.9352 -1261.355 -709.6789 144.9352 -1260.512 -709.3955 144.9352 -1261.355 -709.4886 144.9352 -1217.898 -711.1642 144.9352 -1217.714 -710.9965 144.9352 -1217.872 -708.216 144.9352 -1217.551 -710.8221 144.9352 -1217.606 -708.4737 144.9352 -1217.412 -710.6441 144.9352 -1217.46 -708.6483 144.9352 -1217.301 -710.4684 144.9352 -1217.338 -708.8261 144.9352 -1217.212 -710.2904 144.9352 -1217.24 -709.0056 144.9352 -1217.16 -710.1537 144.9352 -1217.166 -709.187 144.9352 -1217.121 -710.0161 144.9352 -1217.125 -709.3245 144.9352 -1218.593 -711.6375 144.9352 -1218.338 -711.4853 144.9352 -1218.568 -707.7342 144.9352 -1218.106 -711.3273 144.9352 -1218.193 -707.9689 144.9352 -1223.742 -706.528 144.9352 -1223.083 -712.7866 144.9352 -1223.118 -706.5683 144.9352 -1222.5 -712.73 144.9352 -1222.526 -706.6249 144.9352 -1221.947 -712.6583 144.9352 -1221.963 -706.6971 144.9352 -1221.423 -712.5724 144.9352 -1221.432 -706.7839 144.9352 -1220.929 -712.4729 144.9352 -1220.93 -706.8846 144.9352 -1220.465 -712.3608 144.9352 -1220.46 -706.9984 144.9352 -1220.031 -712.2368 144.9352 -1220.02 -707.1244 144.9352 -1219.621 -712.0995 144.9352 -1219.611 -707.2618 144.9352 -1219.242 -711.9517 144.9352 -1219.232 -707.4099 144.9352 -1218.903 -711.7989 144.9352 -1218.885 -707.5676 144.9352 -1223.696 -712.8274 144.9352 -1224.396 -706.5049 144.9352 -1224.339 -712.8516 144.9352 -1225.057 -706.4997 144.9352 -1225.011 -712.8583 144.9352 -1225.745 -706.5119 144.9352 -1225.714 -712.8468 144.9352 -1226.462 -706.5424 144.9352 -1226.446 -712.8163 144.9352 -1227.208 -706.5918 144.9352 -1227.208 -712.7661 144.9352 -1237.562 -707.4169 144.9352 -1237.562 -711.9409 144.9352 -1243.768 -707.9302 144.9352 -1243.768 -711.4277 144.9352 -1253.411 -708.7565 144.9352 -1253.411 -710.6013 144.9352 -1258.885 -709.2422 144.9352 -1258.885 -710.1155 144.9352 -1260.512 -709.9623 144.9352 -1261.355 -709.8692 144.9352 -1232.969 -706.0405 91.60496 -1227.208 -705.6619 93.88401 -1227.208 -705.2574 68.38813 -1227.641 -704.9827 47.2519 -1227.208 -705.0175 51.84638 -1227.208 -704.7957 35.29689 -1255.241 -706.0623 -8.188625 -1249.182 -705.9335 11.87603 -1245.727 -705.4451 -8.185749 -1259.642 -706.6503 11.87603 -1267.082 -706.8598 -8.194509 -1268.892 -707.3076 11.87604 -1276.242 -707.4998 -8.201148 -1278.997 -708.0515 11.87604 -1285.979 -708.2039 -8.210433 -1289.047 -708.8194 11.87604 -1296.305 -708.9781 -8.223122 -1292.687 -709.1047 11.87604 -1299.134 -709.1955 -8.227221 -1294.833 -709.2749 11.87604 -1280.141 -709.2275 64.93955 -1279.948 -708.8257 47.25188 -1283.414 -709.1089 47.25188 -1285.458 -709.278 47.25188 -1281.781 -709.3749 64.93955 -1286.495 -709.3729 47.25188 -1274.568 -709.4869 95.62292 -1267.569 -709.3842 118.2702 -1274.675 -709.3789 91.60493 -1291.208 -709.3714 29.56406 -1295.921 -709.3705 11.87604 -1301.582 -709.3987 -8.229844 -1302.396 -709.4819 -8.231328 -1253.081 -708.1292 118.2702 -1266.125 -708.6401 91.60493 -1259.366 -708.6606 118.2702 -1273.099 -709.2341 91.60493 -1266.057 -709.2429 118.2702 -1259.574 -708.098 91.60493 -1244.429 -707.4207 118.2703 -1250.557 -707.3753 91.60493 -1233.724 -706.5796 118.2703 -1242.302 -706.7368 91.60494 -1227.553 -706.1122 118.2703 -1227.208 -706.1071 119.398 -1231.38 -705.2325 47.2519 -1228.05 -705.2634 64.93959 -1238.388 -705.9867 64.93959 -1248.099 -706.6932 64.93957 -1256.687 -707.3412 64.93956 -1266.069 -708.0746 64.93956 -1272.885 -708.6247 64.93955 -1264.823 -707.3137 29.56406 -1274.687 -708.0557 29.56406 -1284.497 -708.8216 29.56406 -1288.051 -709.1062 29.56406 -1290.145 -709.2761 29.56406 -1255.793 -706.658 29.56406 -1245.582 -705.9432 29.56406 -1234.713 -705.2113 29.56406 -1238.048 -705.1998 11.87603 -1230.88 -704.9603 29.56406 -1234.121 -704.9481 11.87602 -1227.208 -704.5926 18.73536 -1239.781 -705.0701 -8.184762 -1227.208 -704.3033 -8.184419 -1300.766 -709.3245 -8.229038 -1270.378 -708.0634 47.25188 -1260.755 -707.3249 47.25189 -1251.945 -706.6724 47.25189 -1241.984 -705.9609 47.2519 -1264.272 -709.8696 134.0481 -1302.396 -709.6789 -8.231328 -1302.396 -709.8759 -8.23134 -1216.505 -709.9428 -8.185013 -1216.501 -709.4698 -8.185014 -1216.495 -709.7064 -8.185014 -1216.523 -709.2336 -8.185012 -1216.53 -710.1788 -8.185012 -1216.561 -708.9983 -8.18501 -1216.572 -710.4141 -8.18501 -1216.665 -708.5894 -8.185007 -1216.629 -710.6479 -8.185009 -1216.818 -708.1861 -8.184996 -1216.702 -710.8802 -8.185005 -1216.791 -711.1104 -8.184998 -1217.019 -707.7907 -8.184987 -1216.896 -711.3382 -8.184992 -1217.016 -711.5631 -8.184988 -1217.268 -707.4053 -8.184971 -1217.153 -711.7848 -8.184978 -1217.305 -712.0027 -8.184969 -1217.462 -707.1552 -8.184963 -1217.473 -712.2167 -8.18496 -1217.676 -706.9111 -8.184948 -1217.688 -712.4594 -8.184948 -1217.913 -706.6732 -8.184935 -1217.925 -712.6955 -8.184935 -1218.171 -706.4427 -8.184923 -1218.185 -712.9266 -8.184923 -1218.437 -706.2306 -8.184906 -1218.467 -713.1497 -8.184906 -1218.723 -706.0262 -8.18489 -1218.77 -713.363 -8.184888 -1219.028 -705.8303 -8.184874 -1219.094 -713.5671 -8.18487 -1219.352 -705.6431 -8.184858 -1219.439 -713.7613 -8.184851 -1219.697 -705.4654 -8.184839 -1219.806 -713.9449 -8.18483 -1220.06 -705.2976 -8.184818 -1220.195 -714.1174 -8.184809 -1220.444 -705.1403 -8.184797 -1220.605 -714.2781 -8.184786 -1220.847 -704.9941 -8.184772 -1221.036 -714.4264 -8.184762 -1221.269 -704.8596 -8.184749 -1221.49 -714.5615 -8.184739 -1221.711 -704.7372 -8.184724 -1222.173 -704.6274 -8.1847 -1221.965 -714.6831 -8.18471 -1222.654 -704.5311 -8.184674 -1222.461 -714.7902 -8.184683 -1223.155 -704.4484 -8.184644 -1222.979 -714.8823 -8.184656 -1223.675 -704.3802 -8.184617 -1223.518 -714.9589 -8.184624 -1224.215 -704.3268 -8.184585 -1224.079 -715.0192 -8.184595 -1224.775 -704.2891 -8.184556 -1224.662 -715.0626 -8.18456 -1225.354 -704.2672 -8.184522 -1225.266 -715.0884 -8.184529 -1225.952 -704.2619 -8.184491 -1225.892 -715.0961 -8.184494 -1226.57 -704.2738 -8.184454 -1226.539 -715.085 -8.184456 -1227.208 -715.0544 -8.184419 -1239.779 -714.2878 -8.184762 -1245.725 -713.9128 -8.185748 -1255.239 -713.2957 -8.188621 -1267.081 -712.4981 -8.194508 -1276.242 -711.858 -8.201148 -1285.977 -711.1541 -8.210433 -1296.305 -710.3797 -8.223122 -1299.134 -710.1623 -8.227221 -1300.766 -710.0333 -8.229038 -1301.582 -709.9591 -8.229844 -1227.208 -714.1004 68.38813 -1227.208 -713.6959 93.88401 -1232.969 -713.3173 91.60496 -1227.208 -714.5621 35.29689 -1227.208 -714.3403 51.84638 -1227.641 -714.3751 47.2519 -1249.182 -713.4243 11.87603 -1259.642 -712.7075 11.87603 -1268.892 -712.0502 11.87604 -1278.997 -711.3063 11.87604 -1289.047 -710.5384 11.87604 -1292.687 -710.2531 11.87604 -1294.833 -710.0829 11.87604 -1283.414 -710.2489 47.25188 -1279.948 -710.5321 47.25188 -1280.141 -710.1302 64.93955 -1285.458 -710.0799 47.25188 -1281.781 -709.9829 64.93955 -1286.495 -709.9849 47.25188 -1295.921 -709.9873 11.87604 -1291.208 -709.9864 29.56406 -1274.675 -709.9789 91.60493 -1267.569 -709.9737 118.2702 -1266.057 -710.1149 118.2702 -1273.099 -710.1237 91.60493 -1259.366 -710.6972 118.2702 -1266.125 -710.7177 91.60493 -1253.081 -711.2286 118.2702 -1259.574 -711.2598 91.60493 -1244.429 -711.9371 118.2703 -1250.557 -711.9825 91.60493 -1233.724 -712.7782 118.2703 -1242.302 -712.621 91.60494 -1227.553 -713.2455 118.2703 -1227.208 -713.2507 119.398 -1272.885 -710.7331 64.93955 -1266.069 -711.2833 64.93956 -1256.687 -712.0166 64.93956 -1248.099 -712.6646 64.93957 -1238.388 -713.3711 64.93959 -1228.05 -714.0944 64.93959 -1231.38 -714.1252 47.2519 -1290.145 -710.0818 29.56406 -1288.051 -710.2516 29.56406 -1284.497 -710.5362 29.56406 -1274.687 -711.3022 29.56406 -1264.823 -712.0441 29.56406 -1255.793 -712.6998 29.56406 -1245.582 -713.4147 29.56406 -1234.713 -714.1465 29.56406 -1238.048 -714.1581 11.87603 -1230.88 -714.3975 29.56406 -1234.121 -714.4097 11.87602 -1227.208 -714.7653 18.73536 -1241.984 -713.3969 47.2519 -1251.945 -712.6854 47.25189 -1260.755 -712.0329 47.25189 -1270.378 -711.2944 47.25188 -1224.946 -713.2235 125.7805 -1224.334 -713.0375 135.3569 -1223.625 -713.1201 129.6107 -1222.996 -713.0784 129.6107 -1222.37 -712.8676 137.3504 -1222.883 -714.7988 1.47092 -1222.06 -714.6134 7.148012 -1220.132 -714.0895 -0.3448256 -1220.656 -714.2553 7.147942 -1220.343 -712.6061 132.1644 -1219.885 -712.3865 136.4211 -1219.352 -712.2305 135.3569 -1219.479 -713.8069 4.592827 -1218.945 -713.5369 4.592801 -1218.818 -712.0446 133.9886 -1218.371 -711.8235 133.9886 -1218.422 -713.2216 4.592774 -1217.976 -711.5876 133.9886 -1217.953 -712.884 4.59275 -1217.54 -712.5266 4.592729 -1217.635 -711.3389 133.9886 -1217.523 -711.0386 139.4617 -1217.182 -712.1519 4.59271 -1216.879 -711.7624 4.592695 -1216.903 -709.3998 139.4753 -1216.949 -709.2146 139.4678 -1217.018 -709.0308 139.4675 -1217.11 -708.8488 139.4747 -1217.194 -708.7139 139.4852 -1216.439 -708.4091 4.592673 -1217.292 -708.5806 139.5003 -1217.523 -708.3192 139.4617 -1217.635 -708.0189 133.9886 -1216.879 -707.5954 4.592695 -1217.976 -707.7701 133.9886 -1218.371 -707.5343 133.9886 -1217.54 -706.8312 4.592729 -1218.818 -707.3132 133.9886 -1217.953 -706.4738 4.59275 -1219.352 -707.1273 135.3569 -1218.422 -706.1362 4.592774 -1218.945 -705.8209 4.592801 -1219.885 -706.9713 136.4211 -1220.343 -706.7516 132.1644 -1220.947 -706.6131 132.1644 -1220.132 -705.2682 -0.3448354 -1221.595 -706.4948 132.1645 -1222.37 -706.4902 137.3504 -1222.883 -704.559 1.470889 -1224.334 -706.3203 135.3569 -1224.946 -706.1343 125.7805 -1224.149 -704.5048 10.98025 -1224.868 -704.4677 10.98028 -1225.485 -706.1404 125.7805 -1226.021 -706.0396 119.398 -1226.606 -706.0674 119.398 -1225.41 -713.5607 106.6378 -1225.485 -713.2175 125.7805 -1226.021 -713.3182 119.398 -1225.966 -713.762 93.88399 -1225.363 -713.8795 87.50899 -1225.943 -714.1625 68.38809 -1225.375 -714.6851 30.1312 -1225.348 -714.442 49.26534 -1225.951 -714.5188 42.88897 -1225.986 -714.8301 17.36587 -1225.425 -714.9023 10.98031 -1224.252 -713.2154 125.7805 -1223.485 -713.3915 114.2931 -1224.124 -713.5524 106.6378 -1223.384 -713.6465 98.98479 -1224.044 -713.864 87.50896 -1223.319 -713.8851 83.68441 -1224.009 -714.15 68.38804 -1223.289 -714.1072 68.38803 -1223.287 -714.2355 58.98963 -1223.321 -714.4771 39.8623 -1223.297 -714.3575 49.58956 -1224.016 -714.4102 49.26529 -1222.629 -714.3689 42.88884 -1222.735 -714.6149 20.62976 -1222.681 -714.5141 30.13109 -1223.357 -714.5901 30.13112 -1222.254 -713.0012 129.7666 -1221.84 -714.3081 37.78657 -1221.791 -714.1313 53.0904 -1221.93 -714.4687 22.47277 -1222.802 -714.7094 11.12418 -1221.398 -713.0734 119.398 -1222.149 -713.1337 122.0287 -1222.058 -713.262 114.2931 -1221.244 -713.2729 106.6378 -1221.917 -713.5039 98.98477 -1221.13 -713.4612 93.88391 -1221.827 -713.7294 83.68438 -1221.057 -713.6384 81.13481 -1221.786 -713.9385 68.38798 -1221.021 -713.8044 68.38795 -1220.375 -713.9797 37.78651 -1220.327 -713.8745 47.98999 -1221.082 -714.1579 37.78654 -1220.426 -714.0542 30.131 -1221.334 -714.4489 7.147975 -1219.925 -713.9739 14.9845 -1219.843 -713.9122 22.47268 -1220.49 -714.1251 22.47271 -1220.02 -714.0322 7.493851 -1219.692 -712.5099 127.9083 -1220.103 -712.7974 119.3979 -1219.525 -712.6288 119.3979 -1219.416 -712.7152 113.017 -1219.675 -713.7016 45.43947 -1219.076 -713.5012 42.88871 -1219.028 -713.3804 55.64022 -1219.743 -713.811 33.95906 -1219.168 -713.6125 30.13094 -1219.303 -713.7144 17.36556 -1218.69 -712.6761 100.2906 -1218.776 -712.6006 106.6377 -1219.321 -712.7991 106.6377 -1219.171 -712.9593 93.88388 -1218.617 -712.7492 93.94497 -1218.557 -712.8207 87.5394 -1219.126 -712.3591 125.7805 -1218.552 -712.1782 123.0449 -1218.935 -712.4825 116.2073 -1218.334 -712.3055 112.1056 -1217.907 -712.7505 68.38787 -1217.95 -712.6489 79.31369 -1218.461 -713.0203 68.3879 -1217.901 -712.807 62.01432 -1216.218 -709.2523 4.592661 -1217.182 -707.2059 4.59271 -1219.126 -706.9987 125.7805 -1218.552 -707.1796 123.0449 -1218.935 -706.8753 116.2073 -1218.334 -707.0523 112.1056 -1217.909 -706.4965 55.64018 -1218.463 -706.2162 55.6402 -1217.901 -706.5508 62.01432 -1219.692 -706.8479 127.9083 -1220.103 -706.5604 119.3979 -1219.321 -706.5587 106.6377 -1219.914 -706.3795 106.6377 -1219.416 -706.6426 113.017 -1219.076 -705.8566 42.88871 -1219.675 -705.6562 45.43947 -1219.028 -705.9774 55.64022 -1219.743 -705.5469 33.95906 -1219.168 -705.7452 30.13094 -1219.303 -705.6434 17.36556 -1219.843 -705.4456 22.47268 -1219.925 -705.3839 14.98449 -1219.479 -705.5508 4.592827 -1220.49 -705.2328 22.47271 -1221.186 -705.0467 22.47274 -1220.426 -705.3036 30.131 -1222.254 -706.3566 129.7666 -1221.244 -706.0849 106.6378 -1222.058 -706.0958 114.2931 -1221.398 -706.2844 119.398 -1221.917 -705.8539 98.98477 -1221.13 -705.8965 93.88391 -1221.827 -705.6284 83.68438 -1221.057 -705.7194 81.13481 -1221.786 -705.4193 68.38798 -1221.84 -705.0497 37.78657 -1222.629 -704.989 42.88884 -1221.791 -705.2264 53.0904 -1221.93 -704.8891 22.47277 -1222.681 -704.8437 30.13109 -1222.735 -704.7429 20.62973 -1224.252 -706.1424 125.7805 -1223.625 -706.2377 129.6107 -1223.485 -705.9664 114.2931 -1224.124 -705.8054 106.6378 -1223.384 -705.7112 98.98479 -1224.044 -705.4938 87.50896 -1223.319 -705.4727 83.68441 -1224.009 -705.2078 68.38804 -1223.289 -705.2505 68.38803 -1225.41 -705.7971 106.6378 -1225.966 -705.5958 93.88399 -1225.363 -705.4783 87.50899 -1225.943 -705.1953 68.38809 -1225.951 -704.8391 42.88897 -1225.348 -704.9158 49.26534 -1225.375 -704.6727 30.1312 -1225.986 -704.5277 17.36587 -1222.996 -706.2794 129.6107 -1222.149 -706.2241 122.0287 -1222.832 -706.0133 114.2931 -1223.461 -714.7928 10.98022 -1224.064 -714.6445 30.13115 -1224.149 -714.853 10.98025 -1219.171 -706.3985 93.88388 -1218.776 -706.7571 106.6377 -1218.69 -706.6817 100.2906 -1218.617 -706.6086 93.94496 -1218.557 -706.5371 87.5394 -1218.512 -706.468 81.13475 -1219.073 -706.2483 81.13478 -1220.656 -705.1025 7.147942 -1220.02 -705.3256 7.493831 -1221.334 -704.9089 7.147975 -1223.461 -704.5649 10.98022 -1222.802 -704.6484 11.12411 -1224.064 -704.7133 30.13115 -1223.357 -704.7677 30.13112 -1224.016 -704.9476 49.26529 -1223.287 -705.1223 58.98964 -1223.297 -705.0004 49.58959 -1223.321 -704.8807 39.86232 -1226.571 -704.8599 42.88899 -1226.588 -704.5448 17.3659 -1226.571 -714.4979 42.88899 -1226.588 -714.8131 17.3659 -1226.606 -713.2903 119.398 -1224.868 -714.8901 10.98028 -1221.595 -712.863 132.1645 -1220.947 -712.7448 132.1644 -1221.017 -713.8987 60.73965 -1221.026 -713.989 53.09038 -1221.186 -714.3111 22.47274 -1217.087 -712.3602 36.51065 -1216.684 -711.9919 39.69984 -1217.036 -712.322 42.88864 -1216.621 -711.9407 49.26503 -1216.99 -712.2685 51.39021 -1216.591 -711.8863 58.82731 -1216.969 -712.212 59.88966 -1216.595 -711.8284 68.38784 -1216.974 -712.1524 68.38784 -1216.644 -711.7582 79.31366 -1217.021 -712.0713 79.31367 -1216.74 -711.6834 90.24082 -1217.114 -711.9851 90.24083 -1216.886 -711.6041 101.171 -1217.255 -711.8935 101.1711 -1217.083 -711.5203 112.1056 -1217.444 -711.7968 112.1056 -1217.332 -711.4318 123.0449 -1217.684 -711.6948 123.0449 -1217.292 -710.7772 139.5003 -1217.194 -710.6439 139.4852 -1217.11 -710.509 139.4747 -1217.018 -710.327 139.4675 -1216.949 -710.1432 139.4678 -1216.631 -711.3605 4.592683 -1216.528 -711.1557 4.592678 -1216.439 -710.9488 4.592673 -1216.341 -710.67 4.592668 -1216.267 -710.3887 4.592664 -1216.218 -710.1055 4.592661 -1216.884 -709.5392 139.4854 -1216.878 -709.6789 139.4992 -1216.884 -709.8185 139.4854 -1216.903 -709.958 139.4753 -1216.198 -709.8923 4.59266 -1216.191 -709.6789 4.59266 -1215.575 -709.3074 68.3878 -1215.548 -709.4881 58.82727 -1215.57 -709.2975 58.82728 -1215.581 -709.4835 49.265 -1215.603 -709.2883 49.265 -1215.651 -709.4791 39.6998 -1215.672 -709.2795 39.6998 -1215.755 -709.475 30.1308 -1215.777 -709.2714 30.1308 -1215.844 -709.4724 23.74908 -1215.866 -709.2662 23.74908 -1215.948 -709.47 17.3654 -1215.969 -709.2614 17.3654 -1216.198 -709.4655 4.59266 -1215.553 -709.4931 68.3878 -1215.628 -709.3195 79.31364 -1215.606 -709.499 79.31364 -1215.734 -709.3323 90.24081 -1215.712 -709.5054 90.24081 -1215.893 -709.3459 101.171 -1215.872 -709.5123 101.171 -1216.109 -709.3603 112.1055 -1216.088 -709.5195 112.1055 -1216.382 -709.3755 123.0449 -1216.361 -709.5271 123.0449 -1216.541 -709.3834 128.5299 -1216.521 -709.5311 128.54 -1216.715 -709.3915 134.0159 -1216.696 -709.5351 134.0361 -1216.761 -709.2008 134.0008 -1216.831 -709.0115 134.0001 -1216.588 -709.1873 128.5224 -1216.659 -708.9927 128.522 -1216.43 -709.1742 123.0449 -1216.502 -708.9743 123.0449 -1216.158 -709.1489 112.1055 -1216.232 -708.939 112.1055 -1215.944 -709.1249 101.171 -1216.019 -708.9055 101.171 -1215.785 -709.1023 90.24081 -1215.861 -708.8738 90.24081 -1215.68 -709.0809 79.31364 -1215.757 -708.8441 79.31364 -1215.627 -709.0609 68.3878 -1215.705 -708.8161 68.38781 -1215.622 -709.0445 58.82728 -1215.7 -708.7931 58.82728 -1215.655 -709.0291 49.265 -1215.732 -708.7715 49.265 -1215.724 -709.0145 39.69981 -1215.801 -708.7512 39.69981 -1215.828 -709.0009 30.1308 -1215.904 -708.7322 30.13081 -1215.916 -708.9923 23.74908 -1215.992 -708.7202 23.74909 -1216.019 -708.9842 17.36541 -1216.094 -708.7089 17.36541 -1216.267 -708.9692 4.592664 -1216.341 -708.6878 4.592668 -1216.012 -708.2157 68.38782 -1215.898 -708.3594 58.82729 -1216.008 -708.1766 58.82729 -1215.93 -708.327 49.26501 -1216.039 -708.1398 49.26501 -1215.998 -708.2968 39.69981 -1216.106 -708.1052 39.69982 -1216.099 -708.2684 30.13082 -1216.207 -708.0729 30.13082 -1216.185 -708.2505 23.7491 -1216.292 -708.0526 23.7491 -1216.286 -708.2335 17.36542 -1216.391 -708.0331 17.36543 -1216.528 -708.2021 4.592678 -1216.631 -707.9973 4.592683 -1215.903 -708.3937 68.38781 -1216.063 -708.2633 79.31364 -1215.955 -708.4354 79.31364 -1216.165 -708.3139 90.24081 -1216.057 -708.4799 90.24081 -1216.319 -708.3677 101.171 -1216.212 -708.527 101.171 -1216.526 -708.4246 112.1055 -1216.422 -708.577 112.1055 -1216.789 -708.4846 123.0449 -1216.687 -708.6296 123.0449 -1216.943 -708.5161 128.5548 -1216.842 -708.6572 128.5397 -1217.111 -708.5482 134.0658 -1217.011 -708.6853 134.0356 -1217.345 -708.2787 133.9886 -1217.033 -708.2004 123.0449 -1217.332 -707.926 123.0449 -1216.776 -708.126 112.1056 -1217.083 -707.8375 112.1056 -1216.574 -708.0555 101.171 -1216.886 -707.7537 101.171 -1216.424 -707.9888 90.24082 -1216.74 -707.6744 90.24082 -1216.325 -707.9259 79.31365 -1216.644 -707.5996 79.31366 -1216.275 -707.8669 68.38784 -1216.595 -707.5294 68.38784 -1216.27 -707.8183 58.8273 -1216.591 -707.4716 58.82731 -1216.301 -707.7726 49.26502 -1216.621 -707.4171 49.26503 -1216.366 -707.7296 39.69983 -1216.684 -707.3659 39.69984 -1216.464 -707.6894 30.13083 -1216.78 -707.3181 30.13084 -1216.548 -707.6641 23.74911 -1216.861 -707.2878 23.74913 -1216.645 -707.64 17.36544 -1216.955 -707.2592 17.36545 -1219.525 -706.7289 119.3979 -1218.758 -705.9065 17.36553 -1218.613 -706.0009 30.13092 -1218.514 -706.1041 42.88869 -1219.026 -706.1079 68.3879 -1218.461 -706.3375 68.3879 -1222.06 -704.7444 7.148012 -1225.343 -705.1844 68.38808 -1224.766 -704.9209 49.26531 -1224.803 -704.6813 30.13118 -1225.425 -704.4554 10.98031 -1224.76 -705.1862 68.38806 -1224.787 -705.4771 87.50898 -1224.849 -705.7932 106.6378 -1226.567 -705.2195 68.38811 -1226.578 -705.6224 93.88401 -1226.578 -713.7354 93.88401 -1226.567 -714.1383 68.38811 -1225.343 -714.1734 68.38808 -1224.787 -713.8807 87.50898 -1224.849 -713.5646 106.6378 -1224.76 -714.1716 68.38806 -1224.766 -714.4369 49.26531 -1224.803 -714.6765 30.13118 -1222.602 -714.2123 55.64033 -1222.832 -713.3445 114.2931 -1222.712 -713.5942 98.98479 -1222.636 -713.8275 83.68439 -1222.601 -714.0443 68.388 -1220.304 -713.7625 58.19001 -1220.306 -713.6437 68.38793 -1220.346 -713.4856 81.13481 -1220.428 -713.3167 93.88389 -1220.555 -713.1368 106.6378 -1220.727 -712.9462 119.3979 -1219.64 -713.5841 56.91513 -1219.641 -713.4583 68.38792 -1219.685 -713.3087 81.13478 -1219.775 -713.1487 93.88388 -1219.914 -712.9783 106.6377 -1219.026 -713.2499 68.3879 -1219.073 -713.1096 81.13478 -1218.758 -713.4513 17.36553 -1218.613 -713.3569 30.13092 -1218.514 -713.2537 42.88869 -1218.463 -713.1415 55.6402 -1218.512 -712.8898 81.13475 -1218.034 -712.5408 90.24085 -1218.162 -712.4264 101.1711 -1218.222 -713.1437 17.36551 -1218.069 -713.0577 30.1309 -1217.964 -712.9637 42.88867 -1217.909 -712.8613 55.64018 -1217.435 -712.6071 49.29416 -1217.413 -712.5598 55.69836 -1217.406 -712.5111 62.0434 -1217.412 -712.4605 68.38787 -1217.457 -712.3689 79.31369 -1217.545 -712.2715 90.24084 -1217.68 -712.1682 101.1711 -1217.861 -712.0591 112.1056 -1218.091 -711.9442 123.0449 -1217.744 -712.8141 17.36549 -1217.582 -712.7369 30.13088 -1217.471 -712.6523 42.88865 -1217.321 -712.4649 17.36547 -1217.152 -712.3968 30.13086 -1216.861 -712.0699 23.74913 -1216.78 -712.0398 30.13084 -1216.955 -712.0987 17.36545 -1216.645 -711.7178 17.36544 -1216.548 -711.6937 23.74911 -1216.464 -711.6684 30.13083 -1216.366 -711.6282 39.69983 -1216.301 -711.5852 49.26502 -1216.27 -711.5395 58.8273 -1216.275 -711.4909 68.38784 -1216.325 -711.4319 79.31365 -1216.424 -711.369 90.24082 -1216.574 -711.3023 101.171 -1216.776 -711.2318 112.1056 -1217.033 -711.1573 123.0449 -1217.345 -711.0791 133.9886 -1217.111 -710.8096 134.0658 -1217.011 -710.6725 134.0356 -1216.925 -710.5336 134.0145 -1216.831 -710.3463 134.0001 -1216.761 -710.1571 134.0008 -1216.715 -709.9662 134.0159 -1216.696 -709.8227 134.0361 -1216.69 -709.6789 134.0635 -1216.391 -711.3246 17.36543 -1216.292 -711.3053 23.7491 -1216.207 -711.2849 30.13082 -1216.106 -711.2526 39.69982 -1216.039 -711.218 49.26501 -1216.008 -711.1812 58.82729 -1216.012 -711.1421 68.38782 -1216.063 -711.0945 79.31364 -1216.165 -711.0439 90.24081 -1216.319 -710.9901 101.171 -1216.526 -710.9332 112.1055 -1216.789 -710.8732 123.0449 -1216.943 -710.8419 128.5548 -1216.842 -710.7007 128.5397 -1216.755 -710.5578 128.5292 -1216.659 -710.3651 128.522 -1216.588 -710.1705 128.5224 -1216.541 -709.9744 128.5299 -1216.521 -709.8267 128.54 -1216.515 -709.6789 128.5537 -1216.43 -710.1836 123.0449 -1216.502 -710.3835 123.0449 -1216.599 -710.5814 123.0449 -1216.687 -710.7281 123.0449 -1216.382 -709.9823 123.0449 -1216.361 -709.8307 123.0449 -1216.355 -709.6789 123.0449 -1215.903 -710.9641 68.38781 -1215.955 -710.9224 79.31364 -1216.057 -710.8779 90.24081 -1216.212 -710.8307 101.171 -1216.422 -710.7808 112.1055 -1215.898 -710.9985 58.82729 -1215.93 -711.0308 49.26501 -1215.998 -711.0611 39.69981 -1216.099 -711.0894 30.13082 -1216.185 -711.1073 23.7491 -1216.286 -711.1243 17.36542 -1215.808 -710.7842 68.38781 -1215.86 -710.7484 79.31364 -1215.964 -710.7101 90.24081 -1216.12 -710.6696 101.171 -1216.331 -710.6266 112.1055 -1215.803 -710.8137 58.82728 -1215.836 -710.8414 49.265 -1215.904 -710.8675 39.69981 -1216.006 -710.8918 30.13081 -1216.093 -710.9072 23.74909 -1216.194 -710.9218 17.36542 -1215.705 -710.5417 68.38781 -1215.757 -710.5137 79.31364 -1215.861 -710.4839 90.24081 -1216.019 -710.4523 101.171 -1216.232 -710.4188 112.1055 -1215.7 -710.5647 58.82728 -1215.732 -710.5864 49.265 -1215.801 -710.6066 39.69981 -1215.904 -710.6256 30.13081 -1215.992 -710.6376 23.74909 -1216.094 -710.6489 17.36541 -1215.627 -710.2969 68.3878 -1215.68 -710.2769 79.31364 -1215.785 -710.2556 90.24081 -1215.944 -710.2329 101.171 -1216.158 -710.2089 112.1055 -1215.622 -710.3133 58.82728 -1215.655 -710.3288 49.265 -1215.724 -710.3433 39.69981 -1215.828 -710.3569 30.1308 -1215.916 -710.3655 23.74908 -1216.019 -710.3736 17.36541 -1215.575 -710.0504 68.3878 -1215.628 -710.0383 79.31364 -1215.734 -710.0255 90.24081 -1215.893 -710.0119 101.171 -1216.109 -709.9975 112.1055 -1215.57 -710.0602 58.82728 -1215.603 -710.0695 49.265 -1215.672 -710.0782 39.6998 -1215.777 -710.0864 30.1308 -1215.866 -710.0916 23.74908 -1215.969 -710.0964 17.3654 -1215.553 -709.8647 68.3878 -1215.606 -709.8588 79.31364 -1215.712 -709.8524 90.24081 -1215.872 -709.8455 101.171 -1216.088 -709.8383 112.1055 -1215.548 -709.8697 58.82727 -1215.581 -709.8744 49.265 -1215.651 -709.8787 39.6998 -1215.755 -709.8828 30.1308 -1215.844 -709.8854 23.74908 -1215.948 -709.8878 17.3654 -1215.546 -709.6789 68.3878 -1215.599 -709.6789 79.31364 -1215.705 -709.6789 90.24081 -1215.865 -709.6789 101.171 -1216.081 -709.6789 112.1055 -1215.541 -709.6789 58.82727 -1215.574 -709.6789 49.265 -1215.643 -709.6789 39.6998 -1215.748 -709.6789 30.1308 -1215.837 -709.6789 23.74908 -1215.941 -709.6789 17.3654 -1216.194 -708.436 17.36542 -1216.093 -708.4506 23.74909 -1216.006 -708.4659 30.13081 -1215.904 -708.4903 39.69981 -1215.836 -708.5164 49.265 -1215.803 -708.5441 58.82728 -1215.808 -708.5736 68.38781 -1215.86 -708.6094 79.31364 -1215.964 -708.6476 90.24081 -1216.12 -708.6882 101.171 -1216.331 -708.7311 112.1055 -1216.599 -708.7764 123.0449 -1216.755 -708.8 128.5292 -1216.925 -708.8242 134.0145 -1217.087 -706.9976 36.51065 -1217.036 -707.0358 42.88864 -1216.99 -707.0893 51.39021 -1216.969 -707.1458 59.88966 -1216.974 -707.2054 68.38784 -1217.021 -707.2866 79.31367 -1217.114 -707.3728 90.24083 -1217.255 -707.4644 101.1711 -1217.444 -707.5611 112.1056 -1217.684 -707.663 123.0449 -1217.321 -706.8929 17.36547 -1217.152 -706.9611 30.13086 -1217.435 -706.7508 49.29416 -1217.413 -706.798 55.69836 -1217.406 -706.8467 62.0434 -1217.412 -706.8973 68.38787 -1217.457 -706.9889 79.31369 -1217.545 -707.0863 90.24084 -1217.68 -707.1896 101.1711 -1217.861 -707.2986 112.1056 -1218.091 -707.4136 123.0449 -1217.471 -706.7055 42.88865 -1217.964 -706.3942 42.88867 -1217.582 -706.6209 30.13088 -1217.744 -706.5437 17.36549 -1217.907 -706.6072 68.38787 -1217.95 -706.7089 79.31369 -1218.034 -706.817 90.24085 -1218.162 -706.9315 101.1711 -1218.222 -706.2141 17.36551 -1218.069 -706.3 30.1309 -1219.64 -705.7737 56.91513 -1219.641 -705.8995 68.38792 -1219.685 -706.0491 81.13478 -1219.775 -706.2091 93.88388 -1220.375 -705.3781 37.78651 -1220.327 -705.4833 47.98999 -1220.304 -705.5953 58.19001 -1220.306 -705.7141 68.38793 -1220.346 -705.8722 81.13481 -1220.428 -706.0411 93.88389 -1220.555 -706.221 106.6378 -1220.727 -706.4117 119.3979 -1221.082 -705.2 37.78654 -1221.026 -705.3688 53.09038 -1221.017 -705.4591 60.73965 -1221.021 -705.5534 68.38795 -1222.602 -705.1455 55.64033 -1222.601 -705.3135 68.388 -1222.636 -705.5303 83.68439 -1222.712 -705.7635 98.98479</float_array>
          <technique_common>
            <accessor source="#right_rudder-mesh-positions-array" count="909" stride="3">
              <param name="X" type="float"/>
              <param name="Y" type="float"/>
              <param name="Z" type="float"/>
            </accessor>
          </technique_common>
        </source>
        <source id="right_rudder-mesh-normals">
          <float_array id="right_rudder-mesh-normals-array" count="8241">0 0 1 -1.18821e-5 0 1 3.96548e-5 0 1 -1.13528e-5 0 1 3.31565e-5 0 1 -2.49738e-5 0 1 -1.61655e-4 0 1 6.22065e-5 0 1 6.22152e-5 0 1 6.219e-5 0 1 2.05973e-4 0 1 1.23107e-4 0 1 -2.94633e-5 0 1 -5.88714e-5 0 1 2.62914e-6 0 1 5.08204e-6 0 1 6.71479e-6 0 1 -1.60027e-5 0 1 1.47114e-6 0 1 4.8426e-5 0 1 -1.63922e-5 0 1 -1.4573e-5 0 1 -2.08201e-6 0 1 1.73615e-5 0 1 -6.11959e-5 0 1 -1.29657e-5 0 1 1.48082e-5 0 1 1.08967e-6 0 1 -9.02754e-6 0 1 2.65851e-5 0 1 -1.28354e-5 0 1 1.9095e-6 0 1 -2.81202e-6 0 1 4.5244e-7 0 1 -3.02181e-6 0 1 8.05412e-6 0 1 -0.0717948 0.9972939 0.01582306 -0.06172168 0.9980038 0.01337581 -0.06473469 0.997816 0.01314043 -0.06835925 0.9975591 0.01424509 -0.06720417 0.9976341 0.01448833 -0.07086753 0.9973597 0.01585882 -0.06969624 0.9974405 0.01596909 -0.07340735 0.9971516 0.01732248 -0.07213115 0.9972414 0.01750862 -0.07617729 0.9969149 0.01891469 -0.07477813 0.9970167 0.01913237 -0.07811409 0.9967369 0.02034181 -0.07663965 0.9968569 0.02007138 -0.07905197 0.9966521 0.02086693 -0.08142435 0.9964421 0.02175527 -0.08243614 0.9963554 0.02191901 -0.0895031 0.9956961 0.02405422 -0.09104901 0.9955473 0.02440637 -0.1104573 0.9934391 0.02962899 -0.1104957 0.9934335 0.02967613 -0.1106504 0.9934177 0.02962887 -0.1120237 0.9932536 0.02996921 -0.1120237 0.9932536 0.02996927 -0.1120237 0.9932536 0.02996927 -0.1135609 0.9930683 0.03032094 -0.1156234 0.9928097 0.03098964 -0.1044055 0.9941436 0.02789819 -0.1013418 0.9944784 0.0272482 -0.1013418 0.9944784 0.02724826 -0.1013418 0.9944784 0.0272482 -0.08422362 0.9962016 0.02211058 -0.08484196 0.9961456 0.02226823 -0.08667415 0.9959661 0.02321791 -0.09150725 0.9955028 0.02450925 -0.09299218 0.9953544 0.02494651 -0.08244526 0.9963693 0.02124506 -0.0816037 0.996443 0.02103006 -0.07987689 0.9966031 0.02005219 -0.07831078 0.9967346 0.0196923 -0.07710528 0.9968434 0.01892274 -0.07551568 0.9969744 0.01842522 -0.07438898 0.9970707 0.01778888 -0.06974148 0.9974214 0.0169354 -0.06974148 0.9974214 0.0169354 -0.06974148 0.9974214 0.01693546 -0.072416 0.9972229 0.01739442 -0.06666272 0.9976789 0.01389598 -0.06728428 0.9976298 0.0144065 -0.06637156 0.9976899 0.01448357 -0.06978654 0.9974439 0.01535451 -0.07007795 0.9974092 0.01625072 -0.07254993 0.9972241 0.01675468 -0.07438904 0.9970704 0.01780259 -0.07522857 0.9970043 0.0179758 -0.0771079 0.9968416 0.01901179 -0.07791948 0.9967749 0.01919025 -0.0798766 0.9965975 0.02033132 -0.0804339 0.9965497 0.02047133 -0.08244156 0.9963646 0.02147239 -0.08276915 0.9963356 0.02155822 -0.08484166 0.996137 0.02264994 -0.08948522 0.9957019 0.02387869 -0.09150749 0.9955018 0.02454972 -0.07499951 0.9970117 0.01851606 -0.07617634 0.9969173 0.01879018 -0.07782375 0.9967635 0.02015018 -0.07811945 0.996739 0.02022111 -0.07980751 0.9965891 0.02100092 -0.07906049 0.996653 0.0207892 -0.08083283 0.996496 0.02149158 -0.08750027 0.9958935 0.02323698 -0.08931005 0.9957172 0.02389472 -0.07340836 0.9971532 0.01723265 -0.07240223 0.9972306 0.01700419 -0.07087087 0.9973595 0.01585865 -0.06982892 0.9974367 0.01562404 -0.06836032 0.9975559 0.0144692 -0.06717586 0.9976398 0.01422458 -0.0657497 0.9977509 0.01304429 -0.06534951 0.9977781 0.01297807 -0.06395363 0.9978758 0.01240748 -0.0641728 0.997861 0.0124638 -0.06344997 0.9979102 0.01223087 -0.06574958 0.997752 0.01296871 -0.06395775 0.997877 0.01229447 -0.06293934 0.997949 0.01168382 -0.06290149 0.9979516 0.01167237 -0.06086915 0.9980882 0.01072978 -0.07878428 0.9966753 0.02077144 -0.09058833 0.995592 0.02430051 -0.08749032 0.9958945 0.02323007 -0.1096711 0.9935309 0.02947276 -0.0937919 0.9952718 0.02524358 -0.09300911 0.995352 0.02497535 -0.0883615 0.9958055 0.02374517 -0.08667391 0.9959726 0.02294003 -0.08535552 0.9960933 0.02263844 -0.08422297 0.9962044 0.02198874 -0.08241027 0.9963702 0.02133196 -0.08160734 0.9964458 0.02088367 -0.07941663 0.9966346 0.02031195 -0.07831174 0.9967364 0.01959395 -0.07557106 0.9969609 0.01892119 -0.07551419 0.9969711 0.01861184 -0.08276522 0.9963323 0.0217266 -0.08043015 0.9965436 0.02078622 -0.07939332 0.9966433 0.01997852 -0.07791459 0.996767 0.01962023 -0.07650202 0.9968975 0.01851463 -0.07522881 0.9969998 0.01822251 -0.07385343 0.9971203 0.01722502 -0.07254886 0.9972207 0.01695799 -0.07123655 0.9973323 0.01593434 -0.06978708 0.9974394 0.01563423 -0.06852221 0.9975422 0.01464682 -0.06539636 0.9977717 0.01323467 -0.06534862 0.9977749 0.01322954 -0.066657 0.9976812 0.01375192 -0.06717824 0.997645 0.01385027 -0.06852108 0.9975379 0.01493209 -0.06982713 0.9974433 0.01520311 -0.07123506 0.9973264 0.01630425 -0.07240909 0.9972375 0.01656693 -0.07385176 0.9971138 0.01761186 -0.07500123 0.9970231 0.0178861 -0.07650017 0.9968874 0.01906311 -0.07782405 0.9967784 0.0193988 -0.07938748 0.9966301 0.0206409 -0.07981681 0.9965931 0.02077138 -0.08141523 0.9964486 0.02149075 -0.08083218 0.996499 0.02135372 -0.08244568 0.9963538 0.02194827 -0.08930933 0.9957201 0.02377837 -0.09104996 0.9955492 0.02432692 -0.9659814 0 0.2586117 -0.9659352 -0.001033544 0.258782 -0.9659349 0 0.2587856 -0.9658621 3.66195e-7 0.2590569 -0.9658621 -1.2622e-6 0.2590569 -0.9658621 0 0.2590569 -0.9659157 0.00114715 0.2588542 -0.9659158 0.00114715 0.2588542 -0.9659158 0.001147091 0.2588542 -0.9659055 1.17265e-4 0.2588952 1.44968e-4 -7.46346e-6 -1 1.44968e-4 -7.44901e-6 -1 1.44967e-4 -7.46235e-6 -1 0.001822292 -4.45918e-6 -0.9999983 8.42744e-5 -1.19334e-6 -1 -9.7487e-5 3.06762e-7 -1 -5.08388e-5 3.59943e-7 -1 -6.28899e-5 3.68496e-7 -1 -2.51383e-5 2.76177e-7 -1 -4.92872e-5 3.18412e-7 -1 -7.61499e-5 -2.78869e-7 -1 -5.54362e-5 8.07889e-7 -1 -6.44219e-5 0 -1 -4.62889e-5 2.16334e-7 -1 -5.47223e-5 -2.57905e-7 -1 -5.04881e-5 2.21871e-7 -1 -5.69198e-5 2.06461e-7 -1 -5.71911e-5 -2.94892e-7 -1 -6.24834e-5 0 -1 -5.08061e-5 0 -1 -4.2745e-5 -4.41599e-7 -1 -7.02681e-5 -4.23736e-7 -1 -5.74787e-5 0 -1 -5.20906e-5 1.21522e-7 -1 -5.70891e-5 0 -1 -4.41246e-5 0 -1 -5.10102e-5 0 -1 -6.62415e-5 1.31534e-7 -1 -5.39537e-5 2.50992e-7 -1 -5.38089e-5 2.43972e-7 -1 -6.33507e-5 1.2289e-7 -1 -4.75279e-5 0 -1 -6.06087e-5 0 -1 -4.24037e-5 0 -1 -5.37027e-5 -2.30185e-7 -1 -5.96038e-5 -2.27536e-7 -1 -6.41646e-5 -2.79563e-7 -1 -5.42208e-5 -2.65954e-7 -1 -5.54788e-5 -1.47573e-7 -1 -4.92302e-5 -1.35488e-7 -1 -5.56159e-5 -1.6519e-7 -1 -6.58821e-5 0 -1 -5.29819e-5 0 -1 -5.33285e-5 0 -1 -5.16669e-5 0 -1 -6.01093e-5 1.95093e-7 -1 -4.73139e-5 2.95382e-7 -1 -6.11096e-5 -2.94751e-7 -1 -5.38595e-5 -1.9956e-7 -1 -5.27336e-5 0 -1 -5.95635e-5 -1.80319e-7 -1 -5.44105e-5 1.93813e-7 -1 -5.07328e-5 2.31204e-7 -1 -6.08089e-5 -2.34683e-7 -1 -5.61726e-5 -2.59913e-7 -1 -5.37105e-5 2.20776e-7 -1 -5.35676e-5 2.41632e-7 -1 -5.79552e-5 -2.60761e-7 -1 -6.11803e-5 -2.67664e-7 -1 -5.25011e-5 1.94862e-7 -1 -4.95194e-5 1.91132e-7 -1 -5.62159e-5 0 -1 -5.69746e-5 0 -1 -6.08232e-5 0 -1 -5.52931e-5 0 -1 -5.36798e-5 0 -1 2.70915e-5 0 -1 2.7333e-5 0 -1 1.66481e-4 0 -1 1.65359e-4 0 -1 3.02473e-4 0 -1 3.01971e-4 -4.36535e-7 -1 4.96944e-4 -3.78564e-7 -1 4.97166e-4 0 -0.9999999 7.24865e-4 0 -0.9999998 7.2476e-4 0 -0.9999998 9.53572e-4 0 -0.9999997 9.54048e-4 6.64147e-7 -0.9999997 0.00122869 8.76514e-7 -0.9999994 0.001228392 0 -0.9999994 0.00144875 0 -0.999999 0.001449048 0 -0.9999991 0.001112043 0 -0.9999994 0.001114428 0 -0.9999994 9.87692e-4 0 -0.9999996 9.87772e-4 0 -0.9999996 0.001823425 0 -0.9999983 0.001841604 6.24285e-5 -0.9999983 -0.07179647 -0.9972938 0.0158199 -0.06172174 -0.9980038 0.01337581 -0.06472963 -0.9978163 0.01315093 -0.06835925 -0.9975591 0.01424509 -0.06719648 -0.9976345 0.01449286 -0.07087075 -0.9973593 0.01586478 -0.06970059 -0.9974402 0.015971 -0.07340735 -0.9971514 0.01733207 -0.07213306 -0.9972413 0.01751214 -0.07617133 -0.9969156 0.01890504 -0.07477587 -0.9970169 0.01913112 -0.07813072 -0.9967356 0.02034181 -0.07663959 -0.9968566 0.02008849 -0.07902383 -0.9966546 0.02085006 -0.08142435 -0.9964421 0.02175676 -0.08237701 -0.99636 0.0219326 -0.08942949 -0.995702 0.02407956 -0.09122329 -0.9955314 0.02440595 -0.1017277 -0.994438 0.02728998 -0.1045729 -0.9941198 0.02811223 -0.1221495 -0.9919773 0.03256547 -0.1183972 -0.9924598 0.03171163 -0.1154049 -0.9928401 0.03083032 -0.1125981 -0.993186 0.03005522 -0.1106041 -0.9934207 0.02970159 -0.1100594 -0.9934855 0.02955615 -0.1097002 -0.993529 0.02942895 -0.09291261 -0.9953617 0.02494668 -0.09146904 -0.9955067 0.02449196 -0.08668321 -0.9959655 0.02321243 -0.0848506 -0.9961448 0.02227348 -0.08422368 -0.9962018 0.02210479 -0.08244526 -0.9963693 0.02124506 -0.08159583 -0.9964435 0.02103829 -0.07987695 -0.9966031 0.02005219 -0.07831639 -0.9967341 0.01969569 -0.07710647 -0.9968432 0.01892745 -0.07549607 -0.9969763 0.01840156 -0.07438302 -0.997071 0.0177949 -0.07069236 -0.9973533 0.01700031 -0.07241529 -0.9972227 0.01740413 -0.09146934 -0.9955058 0.02452665 -0.08941167 -0.9957086 0.02387326 -0.08485031 -0.9961361 0.02266037 -0.08278578 -0.9963342 0.02155816 -0.08244156 -0.9963645 0.02147793 -0.08044278 -0.9965491 0.02046597 -0.07987654 -0.9965974 0.02033537 -0.0779131 -0.9967756 0.01918637 -0.07710796 -0.9968417 0.01900738 -0.07522857 -0.9970043 0.0179758 -0.0743826 -0.9970709 0.01780259 -0.07254993 -0.9972241 0.01675087 -0.07007843 -0.9974091 0.01625066 -0.06978064 -0.9974451 0.01529991 -0.06642383 -0.9976868 0.01445627 -0.06729787 -0.9976288 0.01441478 -0.06667906 -0.997679 0.01381093 -0.08936679 -0.9957122 0.0238946 -0.08750021 -0.995893 0.02326226 -0.08080399 -0.9964984 0.02149164 -0.0790323 -0.9966552 0.02078926 -0.07980746 -0.9965887 0.02102416 -0.07813608 -0.9967378 0.02021354 -0.07782995 -0.9967632 0.02013897 -0.07617032 -0.9969177 0.01879566 -0.07498723 -0.9970129 0.01850491 -0.0734083 -0.9971532 0.01723265 -0.07240897 -0.9972302 0.01699805 -0.07087063 -0.9973597 0.01584672 -0.06983488 -0.9974363 0.01561862 -0.06836032 -0.997556 0.01445865 -0.06717032 -0.9976403 0.01421952 -0.06576055 -0.9977502 0.01304179 -0.06533372 -0.9977793 0.01296377 -0.06392401 -0.9978777 0.01240777 -0.0641728 -0.997861 0.0124638 -0.0634759 -0.9979084 0.01223957 -0.06086444 -0.9980885 0.01072001 -0.06292438 -0.99795 0.0116803 -0.06293731 -0.9979491 0.01168346 -0.06393319 -0.9978788 0.01227098 -0.06575936 -0.9977513 0.01296412 -0.08749037 -0.9958951 0.0232079 -0.09084808 -0.9955692 0.02426522 -0.09084808 -0.9955691 0.02426528 -0.09084808 -0.9955692 0.02426528 -0.07849413 -0.9966968 0.020841 -0.07849407 -0.9966968 0.02084094 -0.07849407 -0.9966968 0.02084094 -0.07549583 -0.9969726 0.01860749 -0.07556092 -0.9969617 0.01892119 -0.07831746 -0.9967361 0.01958715 -0.07942831 -0.9966336 0.02031546 -0.08160042 -0.9964467 0.02087104 -0.08239084 -0.9963716 0.02134376 -0.08422303 -0.9962046 0.02197712 -0.08536803 -0.996092 0.02264976 -0.08668291 -0.9959716 0.02295088 -0.08837258 -0.9958047 0.02373516 -0.09292936 -0.9953589 0.02499967 -0.09371799 -0.9952797 0.02520459 -0.06851077 -0.9975429 0.01464682 -0.06978124 -0.9974398 0.0156396 -0.07124257 -0.9973316 0.01594257 -0.07254892 -0.9972209 0.01695233 -0.07384657 -0.9971209 0.01722186 -0.07522881 -0.9969997 0.01822888 -0.07650828 -0.9968969 0.01852035 -0.07790821 -0.9967677 0.01960849 -0.07938706 -0.9966443 0.01995265 -0.08043903 -0.9965425 0.02080237 -0.08278185 -0.9963307 0.02173417 -0.09155648 -0.9955016 0.02437096 -0.09155648 -0.9955016 0.02437096 -0.09155648 -0.9955016 0.02437096 -0.08936613 -0.9957158 0.02374595 -0.08238661 -0.9963591 0.02193492 -0.08080339 -0.9965016 0.0213406 -0.08141523 -0.9964486 0.02149075 -0.07981687 -0.9965933 0.02076363 -0.07938116 -0.9966305 0.02065241 -0.07783019 -0.9967778 0.01940441 -0.07650637 -0.9968866 0.01908022 -0.07498902 -0.9970242 0.01786935 -0.07384485 -0.9971141 0.01762127 -0.07241576 -0.9972369 0.01656693 -0.07124108 -0.9973257 0.01631802 -0.06983309 -0.9974429 0.01520311 -0.06850963 -0.9975389 0.01492691 -0.06717264 -0.997645 0.01387053 -0.06667321 -0.99768 0.01375925 -0.06533277 -0.9977759 0.0132296 -0.06539911 -0.9977715 0.01323527 0.005331933 -0.9998037 0.01908546 0.04097008 -0.9989721 0.01939618 0.009990215 -0.9997615 0.01941967 0.03756296 -0.9991085 0.01927006 0.09427547 -0.9953552 0.01949745 0.0664463 -0.9976021 0.01936775 0.1751079 -0.9845259 0.00679022 0.2109647 -0.9774767 0.005751907 0.1750078 -0.9845439 0.006767988 0.3342546 -0.9424795 0.002518892 0.3253653 -0.9455852 0.002488791 0.2664173 -0.9636278 0.02106088 0.2348973 -0.9717953 0.02091157 0.3646962 -0.9311265 3.77634e-4 0.3213244 -0.9467102 0.02214896 0.2746914 -0.9612897 0.0216093 0.447243 -0.8944107 -0.001781046 0.3992857 -0.9168266 -3.11965e-4 0.4902265 -0.8715875 -0.003653287 0.4432265 -0.8960999 0.02356505 0.4107407 -0.9114453 0.02365368 0.5758173 -0.8175515 -0.00663203 0.5125508 -0.8582935 0.02498024 0.4617943 -0.8866505 0.02443426 0.4617943 -0.8866505 0.0244342 0.4617943 -0.8866505 0.02443426 0.6205794 -0.7840958 -0.008670389 0.7057991 -0.7083119 -0.01191347 0.6581261 -0.7523939 0.02781152 0.6167122 -0.786713 0.02736794 0.7864955 -0.6174193 -0.01477795 0.8198902 -0.5722803 -0.01659864 0.9695166 0.2423492 0.0361182 0.9695168 0.2423487 0.03611814 0.9695167 0.2423489 0.0361182 0.9576298 0.2856746 0.03654319 0.9576297 0.2856745 0.03654319 0.9576298 0.2856743 0.03654319 0.8925139 0.4497268 0.034132 0.8922978 0.4501515 0.03418278 0.8925139 0.4497267 0.03413182 0.9254702 0.3771241 0.03581082 0.8495703 0.5264242 0.03328752 0.8495962 0.5263824 0.03328955 0.8495957 0.5263831 0.03328967 0.8770623 0.4791277 0.03462064 0.8770623 0.4791274 0.03462064 0.8770625 0.4791273 0.0346207 0.9347447 0.3546671 -0.02153557 0.7468081 0.6643591 0.03007817 0.766505 0.6414576 0.03165864 0.6582823 0.7522576 0.02780205 0.695441 0.7179222 0.03081619 0.8398394 0.542553 -0.01749598 0.5892815 0.807498 0.02634942 0.5892816 0.807498 0.02634936 0.5892816 0.807498 0.02634942 0.609824 0.792061 0.02746236 0.5120692 0.8585827 0.02492147 0.5120692 0.8585827 0.02492147 0.5120692 0.8585827 0.02492147 0.5302705 0.8474324 0.02591532 0.7083209 0.7057894 -0.01195007 0.7083212 0.7057892 -0.01195019 0.708321 0.7057893 -0.01195013 0.4433254 0.8960517 0.02353864 0.4652724 0.884827 0.02455258 0.6232393 0.7819824 -0.008744478 0.3799438 0.9247349 0.02254271 0.4136244 0.9101395 0.02368938 0.4136244 0.9101395 0.02368938 0.4136245 0.9101395 0.02368938 0.5814444 0.8135586 -0.006695568 0.5814445 0.8135586 -0.006695568 0.5814445 0.8135586 -0.006695508 0.5002039 0.865899 -0.003892958 0.2664852 0.963609 0.0210576 0.2753173 0.9611095 0.02165687 0.2234581 0.9744997 0.02041524 0.2352284 0.9717148 0.02092915 0.3790389 0.9253807 1.87537e-5 0.3787414 0.9255025 -7.72824e-5 0.1794995 0.9835555 0.01996427 0.1966759 0.9802523 0.02058988 0.1374182 0.9903183 0.01964771 0.1612768 0.9867012 0.02026611 0.1272034 0.9916704 0.02022975 0.1629166 0.9866172 0.006705522 0.005012869 0.9998047 0.01911431 0.007845699 0.9997829 0.0193029 0.06718921 0.9976995 0.009025514 0.03770637 0.9992439 0.009490966 -0.03695017 0.9991388 0.01888418 -0.04740345 0.9986982 0.01884388 -0.04243528 0.9989199 0.01892817 -0.02444112 -0.9995424 0.01782298 -0.0351119 -0.9992336 0.01730412 -0.01904141 -0.9996808 0.01660811 -0.02894902 -0.9994581 0.01567107 -0.007087647 -0.9998942 0.01271021 -0.01796931 -0.9997639 0.01222306 3.90203e-4 -0.9999356 0.01134473 0.03659492 -0.9991518 0.01887977 0.04143446 -0.9989777 0.018081 0.03784042 -0.9991244 0.01785069 0.04833126 -0.9986875 0.0169515 0.04312717 -0.998934 0.01646143 0.05468422 -0.9983786 0.0158075 0.05468428 -0.9983786 0.0158075 0.05468422 -0.9983786 0.0158075 0.0502423 -0.9986241 0.01502656 0.05932277 -0.9981321 0.01460546 0.05931746 -0.9981456 0.01366728 0.06762403 -0.9976376 0.01209712 0.1031573 -0.9945931 0.01197105 0.1116456 -0.9936989 0.009891152 0.09983009 -0.9948222 0.01904577 0.09983009 -0.9948223 0.01904571 0.09983009 -0.9948222 0.01904577 0.147398 -0.9890167 0.01095086 0.147398 -0.9890167 0.01095086 0.147398 -0.9890167 0.0109508 0.1560236 -0.9877083 0.009442746 0.168773 -0.9856248 0.007713198 0.1429069 -0.9895704 0.01811134 0.1490994 -0.9886718 0.01724833 0.1464694 -0.9890694 0.01698446 0.1571801 -0.9874407 0.01598155 0.1538135 -0.9879791 0.01545923 0.1650608 -0.9861748 0.01464259 0.1626721 -0.9865819 0.013929 0.1726626 -0.9848911 0.01331728 0.2443957 -0.9696353 0.008842587 0.2443915 -0.9696452 0.007805943 0.2854838 -0.9583747 0.004132032 0.2854838 -0.9583747 0.004132151 0.2854838 -0.9583747 0.004132032 0.3125199 -0.9499011 0.004391252 0.3300901 -0.943947 0.002178549 0.2737892 -0.9615789 0.02014058 0.269694 -0.9627488 0.0194984 0.2798947 -0.9598448 0.01889729 0.2798582 -0.9598767 0.01778489 0.3461664 -0.9381426 0.007575452 0.3436577 -0.9390695 0.006916761 0.3592345 -0.9332308 0.005553305 0.3728024 -0.9279044 0.003459274 0.3730309 -0.9278122 0.003564834 0.3730309 -0.9278122 0.003564953 0.3730309 -0.9278122 0.003564834 0.3896783 -0.9209504 0.001154005 0.4052324 -0.9142137 -9.14506e-6 0.3174985 -0.9480059 0.02190196 0.3420954 -0.9395322 0.01581132 0.3424561 -0.9394002 0.01584631 0.3424561 -0.9394002 0.01584631 0.3424561 -0.9394002 0.01584631 0.353224 -0.9354212 0.01483094 0.3531742 -0.9354565 0.01375639 0.3890802 -0.9209712 0.02070528 0.3890803 -0.9209712 0.02070528 0.3890802 -0.9209712 0.02070528 0.3841516 -0.9230628 0.01956659 0.3972878 -0.9175058 0.01859688 0.4376834 -0.8990728 0.01006925 0.4377774 -0.8990444 0.008391559 0.5328237 -0.8462159 -0.004216074 0.512193 -0.8585079 0.02495223 0.6642742 -0.7474277 -0.009569883 0.7484244 -0.6631085 -0.01217073 0.8505856 -0.5255519 -0.01730531 0.8505349 -0.5256339 -0.01730883 0.8505602 -0.5255928 -0.01730906 0.9868722 0.1598117 -0.02331286 0.9868646 0.1598583 -0.02331751 0.9868645 0.1598587 -0.02331751 0.7517012 0.6593583 -0.01385426 0.6664357 0.7454923 -0.01023745 0.6664358 0.7454922 -0.01023745 0.6664358 0.7454923 -0.01023751 0.3637076 0.9312316 0.02290529 0.3772389 0.9258702 0.0213378 0.389081 0.9209713 0.02068454 0.3887719 0.9211017 0.02069038 0.3841257 0.9230737 0.01955544 0.397139 0.9175701 0.0185967 0.4514172 0.8922854 0.007032632 0.5405287 0.8413077 -0.005482196 0.273935 0.9615371 0.02015215 0.2698873 0.9626947 0.01949185 0.2892107 0.9571167 0.01687735 0.3460838 0.938173 0.007583975 0.3440096 0.9389407 0.006916046 0.3440096 0.9389407 0.006916105 0.3440096 0.9389407 0.006916165 0.3589301 0.9333479 0.005565166 0.3726869 0.9279507 0.003451108 0.3734906 0.9276274 0.003525137 0.4017983 0.915728 -7.30503e-4 0.4198305 0.9076025 4.67515e-4 0.3411127 0.9400207 0.001762151 0.2583043 0.9660399 0.006770014 0.1366861 0.9904215 0.01955181 0.1490501 0.9886791 0.01725339 0.1464449 0.9890731 0.01698297 0.1570845 0.9874557 0.01598978 0.1536967 0.9879972 0.01545953 0.165045 0.9861772 0.01464962 0.1626657 0.9865831 0.01391512 0.1468707 0.9890953 0.01094311 0.1560236 0.9877083 0.009437799 0.1574122 0.9874864 0.009591519 0.04138469 0.9989799 0.01807183 0.03764581 0.9991319 0.01784259 0.03764581 0.9991319 0.01784247 0.03764581 0.9991319 0.01784253 0.04837518 0.9986854 0.01695579 0.04300683 0.9989392 0.01645928 0.05424261 0.9984029 0.01579672 0.05017828 0.9986273 0.01502323 0.05890339 0.9981569 0.01461112 0.05890339 0.9981569 0.01460653 0.05890339 0.9981569 0.01460659 0.01169294 0.9997571 0.01868301 -0.02440291 0.9995433 0.01782703 -0.03521615 0.9992299 0.01730352 -0.01914888 0.9996787 0.01661098 -0.02905094 0.9994552 0.01566851 -0.006753742 0.9998966 0.01270103 -0.006753742 0.9998966 0.01270103 -0.006753742 0.9998966 0.01270109 -0.01817727 0.9997601 0.01222282 0.06610709 0.9976239 0.01939952 0.06441038 0.9977363 0.01932781 0.09509938 0.9952766 0.01951426 0.09301304 0.995472 0.01959967 0.09916394 0.9948884 0.01906883 0.09916394 0.9948884 0.01906883 0.09916394 0.9948884 0.01906883 0.09965872 0.9948516 0.01839715 0.09250366 0.9955569 0.01759648 0.1062549 0.9941685 0.01841396 0.1062549 0.9941684 0.01841396 0.1062549 0.9941685 0.01841396 0.1127113 -0.9935997 0.007479786 0.1237264 -0.9922831 0.008141934 0.1235495 -0.9922977 0.008987903 0.1118263 -0.9936784 0.009918153 0.07669591 -0.9970031 0.01013106 0.08753108 -0.9961068 0.01046752 0.08753108 -0.9961069 0.01046746 0.08753114 -0.9961069 0.01046752 0.08720999 -0.9961497 0.008955776 0.1069054 -0.9942346 0.008299469 0.1406294 -0.9900288 0.008150517 0.3419715 0.9395773 0.01581078 0.3424264 0.9394119 0.01579713 0.3532257 0.9354204 0.01484107 0.3531797 0.9354546 0.01374661 0.3416608 0.9397397 0.01254475 0.3646481 0.9310438 0.01376062 0.3300049 0.9439768 0.002201914 0.3338614 0.9426189 0.002503812 0.303412 0.952855 0.002950191 0.3034119 0.952855 0.002956986 0.303275 0.9528986 0.00294727 0.2745993 0.9615494 0.004256427 0.2745608 0.9615511 0.005994141 0.2582652 0.9660589 0.005422234 0.3124299 0.9499293 0.004690349 0.3185197 0.9479064 0.004323601 0.3294944 0.9441523 0.003167271 0.1242409 0.9922188 0.008138358 0.1242409 0.9922188 0.008138358 0.1242409 0.9922188 0.008138358 0.1209744 0.9926237 0.007968068 0.1300168 0.9914788 0.008102059 0.09838068 0.9951128 0.008471488 0.08708584 0.9961606 0.008957684 0.08702176 0.9961516 0.01045572 0.07678151 0.9969964 0.01014447 0.1120707 0.9936509 0.009916901 0.1120707 0.9936509 0.009916901 0.1120707 0.9936509 0.009916901 0.1114912 0.9937162 0.009899556 0.1114912 0.9937161 0.009899556 0.1114912 0.9937162 0.009899556 0.1237718 0.99227 0.008989214 0.05922144 0.9981528 0.01356446 0.05769991 0.998241 0.01363319 0.05769991 0.998241 0.01363319 0.05769991 0.998241 0.01363319 0.06740987 0.9976426 0.01285552 0.0677914 0.997626 0.01211363 0.05783861 0.9982612 0.01137489 0.076774 0.9969761 0.01202362 -0.05883526 0.9981781 0.01337999 -0.04665446 0.9988346 0.0123648 -0.04993432 0.9986776 0.01224094 -0.05367106 0.9985029 0.01055383 -0.04616051 0.9988763 0.01073592 -0.05883526 -0.9981781 0.0133742 -0.04536914 -0.9988951 0.01226198 -0.04977655 -0.9986839 0.01236635 -0.05338644 -0.9985164 0.01072257 -0.04574275 -0.9988977 0.01054579 -0.06565678 -0.9976627 0.01893198 -0.04761046 -0.9986782 0.01937383 -0.06580084 -0.9976609 0.01851892 -0.03846025 -0.9990795 0.01899772 -0.04165226 -0.9989548 0.0188269 -0.01120805 -0.9997527 0.01921463 -0.01087254 -0.9997563 0.0192191 -0.01631379 -0.9996865 0.01899904 -0.02818393 -0.9995468 0.01058256 -0.01707071 -0.9998008 0.0103507 -0.01065158 -0.9998896 0.01036363 0.01228511 -0.9998764 0.00981462 0.04271286 -0.9990369 0.01005804 0.02192401 -0.9997171 0.009237349 0.0742219 -0.9971938 0.009777247 0.05143666 -0.9986373 0.008836448 0.09657806 -0.9951308 0.01968681 0.142237 -0.9896227 0.02038878 0.1285097 -0.9915179 0.01943624 0.1794676 -0.9835456 0.02072751 0.161756 -0.986641 0.0193547 0.2237737 -0.9744042 0.02149236 0.1973372 -0.9801463 0.01927262 0.1725686 -0.9849218 0.01222109 0.1737931 -0.9847048 0.01235294 0.1827846 -0.983087 0.01139932 0.1828382 -0.983084 0.01077091 0.194348 -0.9808806 0.01011395 0.1943508 -0.9808896 0.009132921 0.2069427 -0.9783174 0.008366703 0.2069427 -0.9783174 0.008366703 0.2069427 -0.9783174 0.008366703 0.2073385 -0.9782406 0.007489204 0.2210381 -0.9752427 0.006623268 0.2210938 -0.9752353 0.005801796 0.2480279 -0.968742 0.004593968 0.3772389 -0.9258702 0.0213378 0.3796354 -0.9248614 0.02254712 0.3633953 -0.9313523 0.02294856 0.6791369 -0.7340109 -0.001051485 0.6812946 -0.7320092 -5.63431e-4 0.6679462 -0.7442089 0.001068115 0.6709746 -0.7414774 0.002114415 0.6580066 -0.7530049 0.003354728 0.6580066 -0.7530049 0.003354728 0.6580066 -0.7530049 0.003354728 0.6605703 -0.7507489 0.004822075 0.6502074 -0.7597356 0.0056957 0.6502073 -0.7597356 0.0056957 0.6502074 -0.7597355 0.0056957 0.6495913 -0.7602437 0.007808327 0.6495913 -0.7602436 0.007808327 0.6495913 -0.7602436 0.007808387 0.638969 -0.7691859 0.008481681 0.6385515 -0.7695024 0.01086437 0.6277148 -0.7783587 0.01148205 0.627797 -0.7782505 0.01403963 0.6173142 -0.7865819 0.01456952 0.6173141 -0.786582 0.01456964 0.6173142 -0.7865819 0.01456958 0.617415 -0.7864508 0.0171464 0.6078485 -0.7938588 0.01756119 0.6078485 -0.793859 0.01756119 0.6078485 -0.7938588 0.01756119 0.6077204 -0.793893 0.0202471 0.5983241 -0.8009895 0.02059465 0.5982468 -0.8009715 0.02335572 0.5890563 -0.8077467 0.023624 0.5893204 -0.8074737 0.02622437 0.5628303 -0.8261529 0.02633357 0.67359 -0.7385276 0.02921557 0.67359 -0.7385276 0.02921557 0.6735899 -0.7385277 0.02921557 0.7465783 -0.664568 0.03114944 0.7302833 -0.6825219 0.02915954 0.8065267 -0.5902452 0.03354609 0.8067196 -0.589978 0.03360885 0.7877161 -0.6152321 0.03150969 0.7875981 -0.6153833 0.03150916 0.787716 -0.6152321 0.03151124 0.8497104 -0.5261531 0.03398698 0.8497107 -0.5261529 0.03398674 0.8497354 -0.5261128 0.03398776 0.8449227 -0.5338373 0.03351873 0.8449226 -0.5338375 0.03351867 0.8448712 -0.5339186 0.0335226 0.8923933 -0.4499334 0.03455972 0.8923933 -0.4499332 0.03455984 0.8923932 -0.4499334 0.03455984 0.8938726 -0.4469739 0.03472924 0.8938727 -0.446974 0.03472924 0.8938726 -0.446974 0.03472924 0.9356477 -0.351144 0.03551518 0.9356477 -0.3511438 0.03551512 0.9356477 -0.3511442 0.03551506 0.9340451 -0.3553993 0.03537261 0.9340112 -0.355489 0.03536874 0.934045 -0.3553994 0.03537261 0.882066 -0.4707385 -0.019104 0.8820659 -0.4707387 -0.01910394 0.882066 -0.4707386 -0.01910394 0.9077479 -0.4190597 -0.01956832 0.8931339 -0.4493473 -0.01996934 0.932523 -0.3605291 -0.02048838 0.932523 -0.360529 -0.02048838 0.9325229 -0.3605293 -0.02048832 0.9184642 -0.3949467 -0.02099591 0.918464 -0.3949472 -0.02099591 0.9184637 -0.3949477 -0.02099591 0.9537575 -0.2998268 -0.0212273 0.943214 -0.331467 -0.02183973 0.9713204 -0.236728 -0.02228474 0.9713204 -0.2367277 -0.0222904 0.9713203 -0.2367283 -0.0222848 0.9668686 -0.2542753 -0.0225659 0.9842193 -0.1754332 -0.02314162 0.9851477 -0.1701498 -0.02308815 0.980769 0.1915826 0.03726077 0.9807687 0.1915839 0.03726083 0.9807689 0.1915832 0.03726077 0.9942243 0.1008586 0.03668296 0.9942246 0.1008564 0.0366832 0.994224 0.1008611 0.03668296 0.9898321 0.137106 0.03787243 0.9898321 0.1371065 0.03787255 0.9898321 0.1371069 0.03787255 0.9993005 0.006938457 0.03674602 0.9993005 0.006937682 0.0367459 0.9993005 0.006939232 0.03674584 0.9981846 0.04658561 0.03817844 0.9981845 0.04658597 0.03817826 0.9981845 0.04658621 0.03817838 0.9956199 -0.08604228 0.03657555 0.9956198 -0.08604276 0.03657549 0.99562 -0.08604168 0.03657573 0.9981938 -0.04641628 0.03814411 0.9981937 -0.04641622 0.03814411 0.9981937 -0.04641616 0.03814411 0.9820669 -0.1850585 0.03603035 0.9820667 -0.1850588 0.03603041 0.9820669 -0.1850581 0.03603041 0.9898077 -0.1372302 0.03806006 0.989821 -0.1371352 0.03805893 0.9898273 -0.1370875 0.03806561 0.9613606 -0.272996 0.03548282 0.9613737 -0.2729499 0.03548353 0.9613737 -0.2729499 0.03548336 0.9695274 -0.2421875 0.03690665 0.9941576 -0.1053097 -0.0236743 0.9941577 -0.1053098 -0.0236743 0.9941577 -0.1053097 -0.02367424 0.9988495 -0.04209262 -0.02297979 0.9953063 -0.09361767 -0.02451908 0.9953063 -0.09361779 -0.02451908 0.9953063 -0.09361797 -0.02451908 0.9994176 0.02535092 -0.0228433 0.9994177 0.02535098 -0.02284336 0.9994177 0.0253508 -0.0228433 0.9991508 -0.03292417 -0.02477145 0.9934589 0.1141886 6.4883e-4 0.9934853 0.1139103 -0.003368377 0.9934471 0.1142436 -0.003371298 0.9937202 0.1118435 -0.003346085 0.9937202 0.1118437 -0.003346085 0.9937202 0.1118434 -0.003346085 0.9936525 0.1122626 -0.007211267 0.9944689 0.104794 -0.007076203 0.9944404 0.1047494 -0.01076573 0.9941014 0.1079135 -0.01082724 0.9941014 0.1079137 -0.01082736 0.9941014 0.1079133 -0.01082724 0.9941318 0.1072898 -0.01382189 0.9941317 0.1072901 -0.01382195 0.9941317 0.1072899 -0.01382189 0.9942958 0.1057573 -0.01382511 0.9942959 0.1057574 -0.01382511 0.9942958 0.1057573 -0.01382505 0.9942422 0.1059402 -0.01610022 0.9942422 0.1059404 -0.01610022 0.9942423 0.1059402 -0.01610022 0.9948394 0.1001968 -0.01598143 0.9948393 0.1001971 -0.01598137 0.9948393 0.1001965 -0.01598143 0.994808 0.09989726 -0.01943713 0.9954167 0.09366238 -0.01932007 0.9953401 0.09348505 -0.02363884 0.9954305 0.09252077 -0.02362668 0.9954305 0.09252083 -0.02362668 0.9954305 0.09252071 -0.02362668 0.9930178 0.1179631 5.83459e-4 0.9930532 0.1175631 0.004939496 0.9924928 0.1222064 0.004878878 0.9924927 0.1222065 0.004878938 0.9924928 0.1222064 0.004878997 0.9924591 0.1221876 0.009763956 0.9924473 0.1222828 0.00976777 0.9924473 0.1222827 0.009767711 0.9919839 0.1259928 0.009693145 0.9919292 0.125951 0.01459187 0.992031 0.1251416 0.01463586 0.992031 0.1251415 0.01463592 0.992031 0.1251417 0.01463586 0.9918776 0.1256508 0.01976603 0.9912372 0.1306222 0.01966553 0.9912373 0.1306222 0.01966547 0.9912372 0.1306223 0.01966553 0.9911098 0.1306923 0.02492004 0.9911098 0.1306921 0.0249201 0.9911098 0.1306923 0.0249201 0.9902446 0.1371145 0.02480655 0.9902446 0.1371144 0.02480661 0.9902446 0.1371147 0.02480661 0.9901223 0.1372029 0.02886855 0.9902561 0.1362184 0.02894186 0.9902495 0.1362655 0.02894186 0.9902494 0.1362663 0.02894192 0.9901689 0.1362615 0.03159916 0.9901689 0.1362609 0.0315994 0.9901689 0.1362611 0.0315994 0.9903381 0.1350265 0.03159666 0.9902032 0.1353558 0.03430342 0.9902031 0.1353558 0.03430336 0.9902031 0.1353558 0.03430342 0.9899841 0.1369605 0.03425335 0.9899907 0.1369129 0.03425425 0.9899841 0.1369606 0.03425347 0.9356194 0.3512359 0.0353527 0.9357336 0.3511531 0.03307843 0.9357336 0.3511535 0.03307843 0.9357336 0.3511533 0.03307837 0.9374391 0.3465542 0.03328907 0.9374095 0.3468937 0.03046584 0.9374094 0.3468939 0.03046584 0.9374428 0.346804 0.03046655 0.938886 0.3428621 0.03064054 0.9388857 0.3428629 0.0306403 0.9388862 0.3428614 0.03064042 0.9389502 0.3429195 0.02790915 0.9389501 0.3429197 0.02790915 0.9389501 0.3429196 0.0279091 0.9405618 0.3384572 0.02811086 0.9405618 0.3384574 0.02811104 0.9405619 0.3384571 0.0281108 0.9406909 0.3384023 0.02417904 0.9406906 0.3384031 0.02417892 0.9406908 0.3384027 0.02417874 0.9426606 0.3328654 0.02432596 0.9426606 0.3328655 0.02432596 0.9426606 0.3328654 0.02432602 0.9428381 0.3326987 0.0191859 0.9428377 0.3326996 0.0191859 0.9428378 0.3326991 0.01918601 0.9459424 0.3237529 0.0194205 0.9459421 0.3237535 0.01942342 0.9459426 0.3237522 0.0194205 0.9460049 0.3238315 0.01441854 0.9460358 0.3237412 0.01442527 0.9460048 0.3238317 0.0144242 0.9489711 0.3150228 0.01465088 0.9489711 0.3150228 0.01465088 0.9490162 0.3148866 0.01465928 0.9489161 0.3153784 0.009737551 0.948916 0.3153786 0.009737551 0.9489161 0.3153785 0.009737551 0.9510328 0.3089317 0.009890854 0.9510329 0.3089317 0.009890973 0.9510329 0.3089316 0.009890794 0.9510703 0.3089314 0.005186617 0.9510702 0.3089317 0.005186438 0.9510703 0.3089315 0.005186557 0.9527798 0.3036153 0.005349457 0.9527797 0.3036156 0.005349516 0.9527798 0.3036151 0.005349576 0.952741 0.3037821 0.001019239 0.9550812 0.2963419 0.001211941 0.9550812 0.2963421 0.001211941 0.9550813 0.2963417 0.001211941 0.9551351 0.2961576 -0.002799212 0.955135 0.2961578 -0.002799153 0.955135 0.2961577 -0.002799212 0.9580248 0.2866738 -0.002580285 0.9580247 0.2866739 -0.002580285 0.9580249 0.2866737 -0.002580285 0.9580597 0.2864959 -0.006469547 0.9580596 0.2864961 -0.006468772 0.9580596 0.286496 -0.006468772 0.9598018 0.2806075 -0.006323754 0.9598028 0.2804957 -0.01003843 0.9620255 0.2727833 -0.009814858 0.962114 0.2723425 -0.01290303 0.9630938 0.2688632 -0.01276797 0.9629895 0.26911 -0.01520293 0.9629894 0.2691106 -0.01519632 0.9629895 0.2691104 -0.0151962 0.9646843 0.2629851 -0.01494026 0.9646842 0.2629851 -0.01494026 0.9646843 0.2629851 -0.01494032 0.9646996 0.2627081 -0.01842135 0.9646995 0.2627084 -0.01841682 0.9646996 0.2627083 -0.01841688 0.9669933 0.2541452 -0.01827949 0.9669932 0.2541456 -0.01827961 0.9669935 0.2541447 -0.01827949 0.966885 0.2541933 -0.02278953 0.9668849 0.2541934 -0.02278953 0.966885 0.2541934 -0.02278953 0.968869 0.2465344 -0.02266544 0.8565731 0.5160201 0.00245887 0.8565729 0.5160201 0.002469241 0.8565236 0.5161021 0.002457857 0.8566666 0.5158694 -0.001127779 0.8566665 0.5158696 -0.00112766 0.8566665 0.5158695 -0.00112766 0.864344 0.5029004 -8.58947e-4 0.8643922 0.5028175 -8.58463e-4 0.864344 0.5029004 -8.58952e-4 0.8644985 0.502615 -0.004556953 0.8644986 0.5026149 -0.004557073 0.8644984 0.5026149 -0.004557013 0.8712835 0.4907609 -0.00432372 0.8712657 0.4907509 -0.007732272 0.8712655 0.4907513 -0.007732093 0.8712656 0.4907511 -0.007732212 0.8753356 0.4834559 -0.007603943 0.8751966 0.4836549 -0.01044183 0.8797776 0.4752758 -0.01021111 0.8797776 0.4752759 -0.01021111 0.8797094 0.4754021 -0.01020359 0.8796892 0.4753814 -0.01262408 0.885585 0.4643141 -0.01231759 0.8856354 0.4641178 -0.01564383 0.8856354 0.4641181 -0.01563441 0.8856354 0.464118 -0.01563447 0.8932047 0.4493824 -0.01552385 0.8931924 0.4492428 -0.01970434 0.8914031 0.4527812 -0.01974523 0.8528865 0.5220913 0.002309679 0.8528866 0.5220911 0.002309739 0.8528864 0.5220915 0.002309739 0.852829 0.5221528 0.006261527 0.8528295 0.522152 0.006264686 0.8528293 0.5221524 0.006264746 0.8469771 0.5315951 0.00604254 0.8469772 0.5315949 0.00604254 0.8469771 0.5315952 0.00604254 0.8470161 0.5314662 0.01036643 0.8381968 0.5452756 0.01003628 0.8379906 0.5454924 0.01449048 0.8379907 0.5454923 0.01449054 0.8379907 0.5454924 0.01449054 0.8300534 0.5575039 0.01417171 0.8303308 0.5569587 0.01865118 0.830331 0.5569583 0.01865106 0.8303309 0.5569585 0.01865112 0.8258901 0.5635299 0.01843434 0.8258901 0.5635299 0.01843434 0.8258901 0.5635299 0.0184344 0.8258493 0.563424 0.02294254 0.8258494 0.5634239 0.02294248 0.8258494 0.5634239 0.02294254 0.8174014 0.5756263 0.02257186 0.8175944 0.5753519 0.0225768 0.8176184 0.5751667 0.02614361 0.8176184 0.5751667 0.02614355 0.8176184 0.5751667 0.02614361 0.8144598 0.5796417 0.02589869 0.8144598 0.5796418 0.02589839 0.8145154 0.5795636 0.02590155 0.8146414 0.5792784 0.02821642 0.8146414 0.5792782 0.02821642 0.8146414 0.5792782 0.02821636 0.8107084 0.5847854 0.02789705 0.8107085 0.5847852 0.027897 0.8107082 0.5847855 0.02789705 0.810996 0.5842568 0.03049027 0.8109965 0.5842561 0.03049033 0.8109963 0.5842564 0.03049045 0.8068721 0.5899513 0.03024613 0.8068723 0.5899513 0.03024619 0.8068722 0.5899513 0.03024619 0.8068985 0.5898064 0.03229951 0.8069271 0.5897674 0.03229862 0.8068704 0.589845 0.03230041 0.8242398 0.565254 0.03341889 0.8242398 0.565254 0.03341883 0.8243207 0.5651355 0.03342747 0.6668905 0.7446595 0.02719193 0.6670604 0.7446055 0.02435362 0.6670604 0.7446055 0.02435362 0.6759521 0.7365228 0.02496069 0.6763049 0.7363249 0.02091264 0.6846354 0.7285693 0.02147716 0.6847779 0.7285454 0.01734548 0.6847777 0.7285455 0.01734828 0.6847778 0.7285454 0.01734846 0.6950802 0.7187058 0.01804453 0.6950802 0.7187057 0.01804453 0.6950802 0.7187057 0.01804453 0.6952221 0.7186602 0.01392376 0.7053095 0.7087498 0.0145756 0.7054485 0.708684 0.010459 0.7149521 0.6990859 0.01106387 0.7147981 0.6992951 0.007090449 0.714798 0.6992951 0.007090449 0.7147981 0.6992951 0.007090449 0.7256365 0.6880356 0.00766462 0.7256364 0.6880356 0.00766462 0.7256366 0.6880355 0.00766462 0.7253386 0.6883814 0.003878235 0.7340365 0.6790958 0.004419326 0.7337291 0.6794416 8.69495e-4 0.7431482 0.6691254 0.001467585 0.7433272 0.668925 -0.002055704 0.743327 0.6689251 -0.002055644 0.743327 0.6689251 -0.002055644 0.7527952 0.6582533 -0.001439809 0.7528673 0.6581541 -0.004925787 0.7528671 0.6581541 -0.004925847 0.7528672 0.6581541 -0.004925847 0.7616284 0.6479994 -0.004389107 0.7614917 0.6481319 -0.007458329 0.7614917 0.6481319 -0.007458329 0.7614917 0.6481319 -0.007458388 0.7687954 0.6394594 -0.006731748 0.7687654 0.6394641 -0.009244441 0.7754849 0.6313076 -0.008604764 0.7755522 0.6311694 -0.01200276 0.7893926 0.6137813 -0.0114901 0.7893925 0.6137814 -0.01149004 0.7893926 0.6137813 -0.0114901 0.7893838 0.6137192 -0.01489955 0.7893838 0.6137195 -0.01489162 0.7893838 0.6137194 -0.01489162 0.7899226 0.6130262 -0.01487094 0.7899225 0.6130265 -0.01487082 0.7899229 0.613026 -0.01487088 0.333749 0.942481 0.01847308 0.3402066 0.9401417 0.01982927 0.3402066 0.9401417 0.01982927 0.3402066 0.9401417 0.01982921 0.3225094 0.9463831 0.01862215 0.3225094 0.9463831 0.01862215 0.3225094 0.9463831 0.01862215 0.3309717 0.943403 0.02118313 0.3176711 0.9479856 0.02021133 0.3212588 0.9467328 0.02213317 0.3180098 0.9478338 0.02192926 0.3180098 0.9478338 0.02192932 0.3180098 0.9478338 0.02192926 0.4348069 0.90052 0.00259149 0.4344523 0.9006948 -3.33599e-4 0.4344522 0.9006949 -3.33577e-4 0.4344523 0.9006949 -3.33635e-4 0.4515514 0.8922451 2.49357e-4 0.4515514 0.8922451 2.47998e-4 0.4515515 0.8922451 2.49385e-4 0.4513797 0.8923299 -0.001955866 0.4578828 0.8890107 -0.001864969 0.4185848 0.9081757 0.00196433 0.4185848 0.9081756 0.001963317 0.4185848 0.9081757 0.00196433 0.4183375 0.9082785 0.004904091 0.4030813 0.9151542 0.004285335 0.402949 0.9151945 0.007149934 0.3893946 0.9210479 0.006539762 0.389215 0.9210994 0.009362459 0.3767617 0.9262689 0.008751988 0.3767617 0.9262688 0.008754789 0.3767617 0.9262689 0.008751988 0.3764192 0.9263771 0.01158714 0.3646201 0.9310915 0.01099687 0.2666742 0.9637774 0.004233181 0.2311649 0.9729006 0.005221009 0.2210896 0.9752362 0.00581187 0.196365 0.9805124 0.006030082 0.1736154 0.9847889 0.006970882 0.03650277 0.9991554 0.01887017 0.04174393 0.9989377 0.0195164 0.03503334 0.9992024 0.01916289 0.03503334 0.9992024 0.01916283 0.03503334 0.9992025 0.01916289 0.008811652 0.9998626 0.01404231 0.008811295 0.9998829 0.01250982 0.01504236 0.9998067 0.01267278 0.01503956 0.9998253 0.01109707 0.02213025 0.9996914 0.01128661 0.022143 0.9997059 0.009906411 0.00888288 0.999912 0.009855449 0.003035724 0.9998993 0.01386958 0.003036022 0.9998773 0.01536935 -0.002013146 0.9998825 0.01520633 -0.002347886 0.9998586 0.01665633 -0.002347886 0.9998586 0.01665633 -0.002347886 0.9998586 0.01665633 -0.006965041 0.9998397 0.01649862 -0.006959617 0.9998156 0.0179001 -0.01132339 0.9997782 0.01776272 -0.01132053 0.9997509 0.01923823 -0.01772987 0.999663 0.01896578 2.14057e-4 0.9999356 0.01135033 -0.01100194 0.9998855 0.01038962 -0.01100194 0.9998856 0.01038974 -0.01100194 0.9998856 0.01038962 -0.0192511 0.9997609 0.01037484 -0.05901134 0.9981318 0.01583665 -0.05903983 0.9981563 0.01408898 -0.04339331 0.9989531 0.01448315 -0.06256616 0.9979166 0.01574414 -0.06254857 0.9978899 0.01741832 -0.06574916 0.9976859 0.01732134 -0.06575638 0.9976561 0.01893973 -0.06612789 0.9976316 0.01893192 -0.0656321 -0.9976922 0.01740026 -0.06256365 -0.9978903 0.01733916 -0.06256645 -0.9979152 0.01583892 -0.05901163 -0.9981331 0.01575464 -0.05853337 -0.9981799 0.01451539 -0.05853337 -0.9981799 0.01451539 -0.05853337 -0.99818 0.01451534 -0.04896533 -0.998701 0.01410061 -0.04354381 -0.998927 0.01577383 -0.04389339 -0.9988871 0.01726204 -0.04389339 -0.9988871 0.01726204 -0.04389339 -0.9988871 0.01726204 -0.04761832 -0.9987146 0.01736915 -0.03870207 -0.9991282 0.01565515 -0.03870373 -0.9991514 0.01409387 -0.033737 -0.9993331 0.01397138 -0.03373587 -0.9993543 0.01236444 -0.0285089 -0.9995188 0.01223307 -0.0285089 -0.9995188 0.01223307 -0.0285089 -0.9995188 0.01223307 -0.0181995 -0.9997165 0.01535159 -0.01820206 -0.9997367 0.01397156 -0.02125799 -0.9996753 0.01405179 -0.002119243 -0.9998798 0.01536697 -0.002118706 -0.9998614 0.01651751 -0.006962478 -0.9998373 0.01664608 -0.00696218 -0.9998179 0.01777595 -0.01087021 -0.9997811 0.01787537 -0.01087021 -0.9997811 0.01787543 -0.01087021 -0.9997812 0.01787543 0.003141343 -0.9998793 0.0152148 0.003476321 -0.9998953 0.01404815 0.003476321 -0.9998953 0.01404809 0.003476321 -0.9998953 0.01404815 0.008811712 -0.9998649 0.01387226 0.008808195 -0.9998807 0.01269036 0.01504772 -0.9998087 0.01249331 0.01503944 -0.9998232 0.01129126 0.02191132 -0.9996986 0.01108074 0.01169306 -0.9997573 0.01867383 0.01169425 -0.999772 0.01787209 0.01683157 -0.9997016 0.01770859 0.01682925 -0.9997212 0.0165686 0.02241832 -0.9996145 0.01638156 0.02241778 -0.9996325 0.01524209 0.02876138 -0.9994738 0.01499915 0.02875179 -0.9994905 0.01385933 0.03562486 -0.999273 0.01357644 0.03513836 -0.9993052 0.01242947 0.0351383 -0.9993052 0.01242947 0.03513836 -0.9993052 0.01242947 0.04321968 -0.9989922 0.01211273 0.04323583 -0.9990044 0.01100045 0.05145484 -0.9986187 0.01064085 0.1362791 -0.9905992 0.01188951 0.09253448 -0.9956368 0.01202821 0.1112242 -0.9937132 0.01277828 0.04976677 -0.9986776 0.01289802 0.06696212 -0.9976636 0.01354706 0.1455366 -0.9892956 0.01065802 0.1455366 -0.9892956 0.01065808 0.1455366 -0.9892956 0.01065802 0.1078921 -0.9941031 0.01088058 0.1116367 -0.9936868 0.01112526 0.05810278 -0.9982463 0.01134133 0.05810278 -0.9982462 0.01134133 0.05810278 -0.9982462 0.01134133 0.07669115 -0.9969825 0.01201963 0.06577295 -0.9976466 0.01937502 0.06577289 -0.9976465 0.01937508 0.06610739 -0.9976247 0.01935851 0.06613278 -0.9976435 0.01827627 0.07176244 -0.9972576 0.01810109 0.07177674 -0.9972744 0.01708489 0.077578 -0.9968437 0.01686477 0.07759809 -0.9968584 0.01587474 0.08404791 -0.9963397 0.01560074 0.08406883 -0.9963526 0.01463139 0.09098786 -0.9957489 0.0143336 0.09097886 -0.9957599 0.01360827 0.09775876 -0.9951239 0.01310503 0.09965866 -0.9948521 0.0183708 0.0992524 -0.9948933 0.01834219 0.1059036 -0.9942183 0.01773363 0.1059294 -0.9942276 0.01704829 0.1128161 -0.9934749 0.01674216 0.1128073 -0.9934929 0.01569527 0.1203449 -0.9926135 0.01534914 0.1203446 -0.9926285 0.01434671 0.1287306 -0.9915822 0.01389998 0.1287751 -0.9915878 0.01306068 0.138028 -0.9903504 0.01243239 0.1573724 -0.9874929 0.009579837 0.1592975 -0.9871925 0.008693456 0.1696148 -0.9854791 0.007860243 0.1365161 -0.9904453 0.01953798 0.1390044 -0.9901128 0.01882839 0.1443552 -0.9893524 0.01853835 0.2312843 -0.9728363 0.009862065 0.2312843 -0.9728363 0.009862065 0.2312842 -0.9728363 0.009862065 0.2333738 -0.972334 0.01015985 0.2262681 -0.9740002 0.01123791 0.2266891 -0.9739007 0.01138526 0.219348 -0.9755712 0.0121448 0.2192921 -0.9755756 0.01278132 0.2100659 -0.9775965 0.01331949 0.2100547 -0.977585 0.01430875 0.2015917 -0.9793583 0.01477009 0.2015514 -0.9793502 0.01582139 0.1937807 -0.9809111 0.01620906 0.1937439 -0.9809004 0.01726025 0.1862759 -0.9823396 0.01761001 0.1861749 -0.9823386 0.01870429 0.1794573 -0.983583 0.01896244 0.2744785 -0.9615854 0.003923475 0.2743865 -0.9616054 0.005191862 0.2582733 -0.9660521 0.006192803 0.258225 -0.9660609 0.006789565 0.2470468 -0.9689703 0.008035719 0.2470468 -0.9689703 0.008035719 0.2470468 -0.9689703 0.008035719 0.2988525 -0.9542715 0.007290303 0.2986741 -0.9543272 0.00731486 0.2986741 -0.9543272 0.00731486 0.2986741 -0.9543272 0.00731486 0.2872886 -0.9578063 0.008514821 0.2887598 -0.9573599 0.008927643 0.2771457 -0.9607768 0.009912192 0.2783083 -0.9604336 0.01057583 0.2686617 -0.9631687 0.0112732 0.2682496 -0.9632716 0.01225429 0.2682496 -0.9632715 0.01225429 0.2682496 -0.9632715 0.01225429 0.2585663 -0.9659087 0.01280468 0.2584854 -0.9659147 0.01393842 0.2491762 -0.9683507 0.01443302 0.2490649 -0.9683605 0.01564669 0.2400593 -0.970625 0.01608258 0.2399535 -0.9706301 0.01730936 0.2314982 -0.9726755 0.017641 0.2314046 -0.9726974 0.01765692 0.2314982 -0.9726755 0.01764112 0.2319076 -0.9725537 0.01892906 0.2238212 -0.9744406 0.01922869 0.356725 -0.9341955 0.00512129 0.3068289 -0.9517477 0.005697727 0.3126536 -0.9498471 0.006194591 0.3803914 -0.9248245 0.001462996 0.394371 -0.9189488 0.002158641 0.3024026 -0.9531735 0.00358802 0.3286368 -0.9444459 0.004458546 0.3286368 -0.9444459 0.004458546 0.3286368 -0.9444459 0.004458606 0.3321495 -0.9431871 0.008654117 0.3338372 -0.9425819 0.009595572 0.3207722 -0.9470991 0.01041716 0.320932 -0.9470311 0.01160961 0.3088243 -0.9510405 0.01222616 0.3088242 -0.9510405 0.01222831 0.3088243 -0.9510406 0.0122261 0.3093937 -0.950837 0.01358836 0.2992134 -0.9540823 0.01409065 0.2991696 -0.954074 0.01550459 0.289321 -0.9570994 0.01593977 0.2892107 -0.9571166 0.01688897 0.2796623 -0.9599344 0.01774609 0.3333386 -0.9426271 0.01843011 0.3333386 -0.9426271 0.01843011 0.3333386 -0.9426271 0.01843017 0.3353922 -0.9418901 0.01884692 0.3256614 -0.9452831 0.01961141 0.3281133 -0.9444171 0.02044814 0.3281132 -0.9444171 0.02044808 0.3281133 -0.9444171 0.02044808 0.3190861 -0.9474939 0.02096492 0.3928741 -0.9194187 0.01786929 0.3403941 -0.9401245 0.01725786 0.3420835 -0.9395075 0.01745003 0.4515196 -0.8922595 -0.001773178 0.4512632 -0.8923907 -6.34889e-4 0.4348778 -0.9004894 5.24948e-4 0.4348778 -0.9004895 5.24962e-4 0.435007 -0.900427 5.16529e-4 0.4346978 -0.9005748 0.001714468 0.4181967 -0.9083521 0.002831697 0.4182564 -0.9083198 0.004097998 0.40308 -0.9151507 0.005072295 0.4029511 -0.9151988 0.006447613 0.3894768 -0.9210077 0.007257401 0.3893024 -0.921069 0.008693337 0.3765338 -0.9263549 0.009429633 0.376507 -0.9263486 0.01098614 0.3647059 -0.9310505 0.01160025 0.3648601 -0.9309773 0.01259469 0.3530851 -0.9354906 0.01372784 0.4142411 -0.910059 0.01403129 0.4142411 -0.910059 0.01403129 0.4142411 -0.9100592 0.01403135 0.4162259 -0.9091474 0.0143938 0.4162259 -0.9091474 0.0143938 0.4162259 -0.9091474 0.0143938 0.4068232 -0.9133809 0.0151751 0.404732 -0.9142874 0.0164504 0.404732 -0.9142875 0.0164504 0.404732 -0.9142874 0.0164504 0.4070281 -0.9132687 0.0163837 0.4234301 -0.9058631 0.01091831 0.42343 -0.9058631 0.01091837 0.42343 -0.9058631 0.01091837 0.4270403 -0.90415 0.01222151 0.420026 -0.9074228 0.01273787 0.5162461 -0.8564282 -0.004582941 0.5165329 -0.8562551 -0.004602491 0.5163335 -0.8563828 -0.002860069 0.4977005 -0.8673478 -0.001476645 0.4976802 -0.8673607 -1.25701e-4 0.4819444 -0.8762013 0.001016616 0.4819515 -0.8761945 0.002487242 0.4664177 -0.8845576 0.003539741 0.4662566 -0.8846349 0.005080461 0.4514129 -0.8922947 0.006060719 0.4516371 -0.8921741 0.007035851 0.451637 -0.8921741 0.007035791 0.451637 -0.8921741 0.007035791 0.4386766 -0.898605 0.008482277 0.5193991 -0.8545199 0.004535257 0.5193991 -0.8545199 0.004535198 0.5193991 -0.8545199 0.004535257 0.5187848 -0.8548839 0.006000161 0.5187848 -0.8548839 0.006000161 0.5187848 -0.8548839 0.006000161 0.5126959 -0.8585444 0.006658613 0.5127673 -0.8584964 0.007338106 0.505407 -0.8628427 0.008145034 0.5054509 -0.8628051 0.009314954 0.4940418 -0.8693806 0.01001548 0.4936717 -0.8695693 0.01172673 0.4825242 -0.8757953 0.01238071 0.4824127 -0.8758285 0.01423251 0.4718547 -0.881553 0.01475375 0.4724156 -0.8812196 0.01660335 0.4724156 -0.8812195 0.01660555 0.4724156 -0.8812195 0.01660543 0.4619425 -0.8867455 0.01707851 0.4618124 -0.8867737 0.01902168 0.4526925 -0.891456 0.01938509 0.4526796 -0.8914159 0.02142119 0.4431511 -0.896184 0.0217114 0.5842639 -0.8115369 -0.00662589 0.5842639 -0.8115369 -0.00662589 0.5842639 -0.8115368 -0.00662589 0.5842784 -0.8115373 -0.00511384 0.5842784 -0.8115373 -0.005116641 0.5842784 -0.8115373 -0.005116581 0.5676203 -0.8232815 -0.003859639 0.5676741 -0.8232505 -0.002227604 0.5502394 -0.8350064 -9.67707e-4 0.5502316 -0.8350117 7.59027e-4 0.5339198 -0.8455331 0.001829206 0.5341148 -0.8454068 0.002958118 0.5200371 -0.8541312 0.004624605 0.5937856 -0.8046139 0.003906011 0.5938165 -0.8045912 0.003872156 0.5938165 -0.8045913 0.003872215 0.5938165 -0.8045912 0.003872036 0.5834657 -0.8121186 0.005584359 0.5850384 -0.8109834 0.006016075 0.57515 -0.8180175 0.007075548 0.5753551 -0.8178589 0.008568465 0.5636703 -0.8259484 0.009226202 0.5639383 -0.8257395 0.01131188 0.5533524 -0.8328626 0.01188296 0.5533651 -0.8328194 0.01411068 0.542625 -0.8398476 0.01463949 0.5426349 -0.8398007 0.0168001 0.5426349 -0.8398008 0.01680016 0.5426349 -0.8398008 0.01680016 0.532333 -0.8463593 0.01725113 0.5324779 -0.8462176 0.01957553 0.5222927 -0.8525334 0.01993447 0.5224201 -0.8523972 0.02227962 0.51248 -0.8584028 0.02256017 0.6046275 -0.7965085 -8.75986e-5 0.6045819 -0.7965412 0.001738071 0.5983763 -0.801212 0.002306938 0.6543756 -0.7561073 -0.009724736 0.6543594 -0.756146 -0.007554233 0.6365171 -0.7712377 -0.006201982 0.6366946 -0.7711041 -0.00431329 0.6202234 -0.7844191 -0.003121614 0.620251 -0.7844013 -0.001863539 0.6202509 -0.7844014 -0.001863598 0.6202509 -0.7844014 -0.001863598 0.6053665 -0.795947 1.73213e-5 0.6922861 -0.7216031 -0.005378544 0.6925106 -0.7214001 -0.003328323 0.6866025 -0.7270275 -0.002834081 0.7231549 -0.6905642 -0.01296895 0.7230796 -0.6906929 -0.00996685 0.707473 -0.7066868 -0.008705317 0.7072184 -0.7069582 -0.007228732 0.6930309 -0.7208882 -0.005324363 0.7892292 -0.6139214 -0.01476156 0.7889881 -0.6142852 -0.01230871 0.7755913 -0.631137 -0.01115006 0.7754927 -0.6312867 -0.009386956 0.7687636 -0.6394776 -0.008439958 0.7687832 -0.6394644 -0.00758773 0.7617287 -0.6478626 -0.006620287 0.7616537 -0.6479645 -0.005068719 0.7528833 -0.6581407 -0.004235982 0.7528832 -0.6581407 -0.004235982 0.7528833 -0.6581406 -0.004235982 0.7526935 -0.6583678 -0.002159059 0.7430883 -0.6691921 -0.001307189 0.7431457 -0.6691293 7.78965e-4 0.7338427 -0.6793176 0.001566708 0.7339504 -0.6791922 0.003835976 0.7339504 -0.6791923 0.003840029 0.7339504 -0.6791922 0.003840029 0.7257128 -0.6879832 0.004468739 0.7254388 -0.6882506 0.007040143 0.7152684 -0.698807 0.007737219 0.7152684 -0.698807 0.007737159 0.7152685 -0.698807 0.007737219 0.7149585 -0.699088 0.01050096 0.7052056 -0.7089169 0.01104277 0.7052056 -0.7089169 0.01104277 0.7052057 -0.7089169 0.01104277 0.7053152 -0.7087556 0.01400572 0.6951436 -0.7187245 0.01451033 0.6950498 -0.7187495 0.017466 0.6845846 -0.7287133 0.01791048 0.6844878 -0.7287204 0.02105128 0.6759684 -0.7366212 0.02135461 0.6759682 -0.7366213 0.02135509 0.6758272 -0.7367508 0.02135437 0.6759027 -0.7365821 0.02454262 0.6674435 -0.7442474 0.02479821 0.6668028 -0.7447379 0.02719479 0.7507957 -0.6598846 0.02929323 0.7470886 -0.6640975 0.02886468 0.810528 -0.5849051 0.03050327 0.8105281 -0.584905 0.03050327 0.810528 -0.5849052 0.03050327 0.8069163 -0.5898932 0.03020173 0.8069163 -0.5898934 0.03020167 0.8069161 -0.5898935 0.03020173 0.8518442 -0.5228551 0.03137046 0.8518442 -0.5228551 0.0313704 0.8518442 -0.5228551 0.0313704 0.8497672 -0.5262342 0.03119933 0.8943282 -0.4462462 0.03227138 0.8943282 -0.446246 0.03227138 0.8943281 -0.4462465 0.0322715 0.892572 -0.4497592 0.0321235 0.8925718 -0.4497596 0.03212362 0.8925718 -0.4497599 0.03212368 0.9373299 -0.3468488 0.03329664 0.9356659 -0.3513334 0.03308033 0.9356659 -0.3513335 0.03308027 0.9356658 -0.3513336 0.03308027 0.9709601 -0.2368142 0.03399217 0.9709601 -0.2368142 0.03399217 0.9709601 -0.2368143 0.03399217 0.969603 -0.2423475 0.03373497 0.9696029 -0.2423476 0.03373491 0.9696031 -0.2423475 0.033728 0.990175 -0.1355692 0.03426969 0.9900248 -0.1366637 0.03426694 0.9900248 -0.1366637 0.03426694 0.9900247 -0.1366637 0.03426694 0.9982198 -0.04867988 0.03446131 0.9983318 -0.04624533 0.03457069 0.9983318 -0.04624599 0.03457051 0.9983317 -0.04624646 0.03457057 0.998196 0.04908168 0.0345804 0.998196 0.04908198 0.03458046 0.998196 0.04908132 0.03458034 0.9983409 0.04610472 0.03449851 0.8510895 -0.5247349 -0.01731693 0.8509514 -0.5250435 -0.01453357 0.8509513 -0.5250436 -0.01453357 0.8509513 -0.5250436 -0.01453351 0.8399474 -0.5425 -0.01349514 0.8399755 -0.5425047 -0.01139235 0.8347596 -0.5505127 -0.0106042 0.8349931 -0.5501812 -0.009345352 0.8350458 -0.5501012 -0.00934273 0.8349931 -0.5501812 -0.009345412 0.830553 -0.5568712 -0.008730888 0.8304883 -0.5569937 -0.006870567 0.8304884 -0.5569939 -0.006866753 0.8304884 -0.5569938 -0.006866753 0.8224416 -0.5688175 -0.006040394 0.8222739 -0.5690799 -0.003704369 0.8222739 -0.5690801 -0.00370264 0.8222739 -0.5690801 -0.00370264 0.8141176 -0.5806928 -0.002938926 0.8141174 -0.5806928 -0.002938926 0.8141175 -0.5806928 -0.002938926 0.8141784 -0.5806149 -3.99824e-4 0.8072919 -0.5901524 1.94129e-4 0.8071915 -0.5902832 0.002762913 0.8071914 -0.5902833 0.002762854 0.8071914 -0.5902833 0.002762854 0.7986674 -0.6017627 0.003478884 0.7985926 -0.6018387 0.006350874 0.7985925 -0.6018387 0.006346821 0.7985925 -0.6018387 0.006346821 0.7900439 -0.6130113 0.006932735 0.7895515 -0.6135996 0.01019525 0.7822341 -0.622893 0.01068347 0.7819703 -0.6231566 0.01408141 0.7746279 -0.6322512 0.01449275 0.7744892 -0.6323323 0.01795327 0.76671 -0.6417329 0.01829248 0.7664393 -0.6419417 0.02195072 0.7581244 -0.6517303 0.02224987 0.7582521 -0.6514879 0.02484959 0.7582519 -0.651488 0.02484965 0.758252 -0.6514879 0.02484953 0.7449532 -0.6666094 0.02601462 0.7449532 -0.6666094 0.02601468 0.7449532 -0.6666094 0.02601468 0.7510231 -0.659734 0.02674949 0.7510231 -0.659734 0.02674955 0.7510231 -0.659734 0.02674949 0.8145706 -0.5793775 0.02822476 0.8145706 -0.5793775 0.02822476 0.8145707 -0.5793775 0.02822476 0.8104661 -0.5851204 0.02790808 0.8104661 -0.5851204 0.02790808 0.8104661 -0.5851205 0.02790808 0.854751 -0.5182319 0.02892071 0.8547512 -0.5182319 0.02892076 0.8547511 -0.518232 0.02892071 0.8520362 -0.5226948 0.02871274 0.895226 -0.4446207 0.0297172 0.895226 -0.4446205 0.02971726 0.895226 -0.4446207 0.0297172 0.8942286 -0.4466286 0.02963316 0.8942283 -0.4466292 0.02963304 0.8942281 -0.4466298 0.0296331 0.9389041 -0.3428129 0.03063458 0.9389044 -0.3428123 0.0306347 0.9389039 -0.3428137 0.03063464 0.9376004 -0.3463794 0.03044348 0.9716409 -0.2344059 0.03111195 0.971641 -0.2344058 0.03111195 0.9716408 -0.2344061 0.03111195 0.9710707 -0.236755 0.03112828 0.9710706 -0.236755 0.03112828 0.9710706 -0.2367551 0.03112834 0.9901406 -0.1364693 0.0315876 0.9901407 -0.1364689 0.03158754 0.9901406 -0.1364696 0.03158754 0.9903541 -0.134909 0.03160011 0.9985506 -0.0434004 0.03183102 0.9985505 -0.04339879 0.03183478 0.9985505 -0.04340237 0.03183144 0.9983244 -0.048388 0.03173416 0.9983243 -0.04838889 0.03173422 0.9983243 -0.04838967 0.03173428 0.9985561 0.04336714 0.03170162 0.9985561 0.04336762 0.03170174 0.9985561 0.04336661 0.03170174 0.998317 0.04847198 0.03184056 0.998317 0.04847055 0.03184044 0.998317 0.04846912 0.03184068 0.9406104 -0.3383219 0.02811527 0.9406105 -0.3383218 0.02811521 0.9406105 -0.3383217 0.02811521 0.895245 -0.4447462 0.0271508 0.895245 -0.4447463 0.0271508 0.895245 -0.4447461 0.0271508 0.8976696 -0.4398149 0.02743035 0.8976696 -0.4398149 0.02743035 0.8976695 -0.4398148 0.02743035 0.8545653 -0.5186639 0.02657192 0.8545653 -0.5186638 0.02657192 0.8545653 -0.5186638 0.02657192 0.8571813 -0.5143229 0.02668994 0.8571813 -0.5143229 0.02668994 0.8571813 -0.5143229 0.02668994 0.814468 -0.5796316 0.02586716 0.8145237 -0.5795535 0.02586537 0.8144681 -0.5796316 0.02586722 0.8179812 -0.5746511 0.026133 0.8179812 -0.5746511 0.02613306 0.8179813 -0.574651 0.026133 0.9390338 -0.3426891 0.02792847 0.9390337 -0.3426892 0.02792853 0.9390336 -0.3426892 0.02792847 0.9722233 -0.2323023 0.02859222 0.9722234 -0.2323022 0.02859199 0.9722233 -0.2323026 0.02859199 0.9718393 -0.233922 0.02844464 0.9718393 -0.2339221 0.02844464 0.9718392 -0.2339223 0.0284447 0.9901214 -0.1372025 0.028898 0.9902471 -0.1362842 0.02893912 0.990247 -0.1362847 0.02893924 0.990247 -0.136285 0.02893918 0.9987998 -0.03939199 0.02910977 0.9988 -0.03939121 0.02909952 0.9987998 -0.03939276 0.02910965 0.9986442 -0.04322469 0.02900755 0.9986442 -0.04322481 0.02900743 0.9986441 -0.04322493 0.02900761 0.9988058 0.03935581 0.02895236 0.9988058 0.03935605 0.02895236 0.9988058 0.03935557 0.02895236 0.998641 0.0432288 0.02911514 0.998639 0.04327332 0.02911585 0.9986391 0.04327005 0.02911573 0.8527861 -0.5222547 0.002493023 0.8527858 -0.5222548 0.002486705 0.8527862 -0.5222544 0.002492845 0.8527989 -0.5222043 0.006061673 0.8527988 -0.5222045 0.006061673 0.8527988 -0.5222044 0.006061673 0.8469223 -0.5316799 0.006258904 0.8469223 -0.5316799 0.006258964 0.8469224 -0.5316799 0.006258964 0.8467471 -0.5319001 0.01008903 0.846747 -0.5319001 0.01008898 0.846747 -0.5319001 0.01008903 0.8382856 -0.5451333 0.01035094 0.8383143 -0.545001 0.01425379 0.8303065 -0.55712 0.01443856 0.8303598 -0.5570405 0.0144388 0.8303067 -0.5571198 0.01443862 0.8302997 -0.5570109 0.01847732 0.8302993 -0.5570111 0.01848495 0.8302995 -0.557011 0.01848495 0.825972 -0.5634053 0.0185669 0.8255679 -0.5638449 0.02272784 0.8179836 -0.5747888 0.02282226 0.8568665 -0.5155335 0.002305746 0.8564869 -0.5161682 -7.85564e-4 0.8643439 -0.5028998 -0.001204609 0.8642721 -0.5030233 -0.001222133 0.8643439 -0.5028999 -0.001204669 0.8645716 -0.5024921 -0.004235029 0.8710814 -0.491117 -0.004637837 0.8710814 -0.4911169 -0.004643082 0.8710813 -0.4911171 -0.004637837 0.8712509 -0.4907801 -0.007540464 0.8711804 -0.4909052 -0.00754249 0.8712509 -0.49078 -0.007541894 0.875398 -0.48334 -0.007802009 0.8751135 -0.4838125 -0.01009607 0.8751136 -0.4838122 -0.01009613 0.8751136 -0.4838123 -0.01009607 0.8797723 -0.4752793 -0.01051783 0.879816 -0.4751576 -0.01221454 0.8855221 -0.4644219 -0.01276427 0.8853811 -0.4646134 -0.01532238 0.8853812 -0.4646134 -0.01532238 0.8853811 -0.4646134 -0.01532244 0.8931468 -0.4494874 -0.01581406 0.8843302 -0.466857 0.002149939 0.8843302 -0.4668573 0.002149939 0.8843303 -0.4668568 0.002149939 0.8844043 -0.4666864 0.005753695 0.8844041 -0.4666866 0.005753695 0.8844042 -0.4666865 0.005753755 0.8776452 -0.4792732 0.006008028 0.8776453 -0.4792732 0.006008088 0.8776453 -0.4792732 0.006008028 0.8776308 -0.4792321 0.0100364 0.8776307 -0.4792324 0.01003646 0.8776308 -0.4792323 0.01003646 0.8747077 -0.4845448 0.01014077 0.8746967 -0.4844598 0.01429551 0.8746965 -0.4844602 0.01429545 0.8746967 -0.4844601 0.01429557 0.8681027 -0.4961742 0.01445943 0.8680313 -0.4962992 0.01445066 0.8680313 -0.496299 0.01446312 0.8681362 -0.4959742 0.01868844 0.8681358 -0.4959749 0.01868855 0.8681359 -0.4959746 0.01868849 0.8611801 -0.5079498 0.0188679 0.86118 -0.50795 0.0188679 0.8611802 -0.5079497 0.0188679 0.8609552 -0.5081514 0.02320241 0.8609552 -0.5081515 0.02320241 0.8609552 -0.5081514 0.02320247 0.8574691 -0.5140098 0.02325415 0.8574692 -0.5140101 0.02324748 0.8574692 -0.5140097 0.02325415 0.889339 -0.4572449 0.001880466 0.889339 -0.4572448 0.001880466 0.8893389 -0.457245 0.001880407 0.8893697 -0.4571868 -0.00140959 0.8893706 -0.4571852 -0.001409471 0.8893702 -0.457186 -0.00140953 0.8958331 -0.4443871 -0.00181359 0.8958758 -0.444301 -0.001812756 0.895833 -0.4443873 -0.001813471 0.8958216 -0.4443863 -0.004947543 0.8958219 -0.4443858 -0.004947483 0.8958218 -0.4443861 -0.004947543 0.8995431 -0.4368008 -0.005233764 0.8995432 -0.4368004 -0.005233705 0.8995429 -0.4368011 -0.005233764 0.899522 -0.4367988 -0.008194804 0.8995224 -0.4367979 -0.008194744 0.8995222 -0.4367983 -0.008194863 0.9047632 -0.4258291 -0.008556604 0.9047634 -0.4258286 -0.008556723 0.9047631 -0.4258295 -0.008556604 0.904777 -0.4257435 -0.01101005 0.9049198 -0.4254399 -0.01101708 0.9083948 -0.4179592 -0.01136273 0.9082341 -0.4182528 -0.01324588 0.9082342 -0.4182527 -0.01324594 0.9082341 -0.4182527 -0.01324594 0.910337 -0.4136493 -0.0134502 0.9103766 -0.4135619 -0.01345419 0.9103567 -0.4136058 -0.01345229 0.9102857 -0.4136627 -0.016227 0.9103057 -0.4136187 -0.01622825 0.9102857 -0.4136626 -0.01622706 0.9183877 -0.395325 -0.01680278 0.9183878 -0.3953246 -0.01680272 0.9183876 -0.3953253 -0.01680272 0.9203312 -0.3911365 0.001665949 0.9203312 -0.3911365 0.001665949 0.9203312 -0.3911365 0.001665949 0.9201995 -0.3914129 0.005384445 0.9158421 -0.4014986 0.005667209 0.9158421 -0.4014987 0.005663514 0.9158421 -0.4014986 0.005667209 0.9157089 -0.4017226 0.009813129 0.9101179 -0.4142262 0.01010578 0.9101179 -0.4142263 0.01010572 0.910118 -0.4142261 0.01010578 0.9099677 -0.4144309 0.01435595 0.9099676 -0.4144309 0.01435589 0.9099676 -0.4144309 0.01435589 0.9067921 -0.421329 0.01449489 0.9067919 -0.4213292 0.01449954 0.9067922 -0.4213289 0.01449483 0.9067831 -0.4211708 0.01896786 0.9067829 -0.421171 0.01896786 0.906783 -0.4211709 0.01896786 0.9024087 -0.4304578 0.01909911 0.9024903 -0.4300592 0.02367281 0.9024903 -0.4300593 0.02367287 0.9024903 -0.4300593 0.02367287 0.8976904 -0.4399836 0.02380114 0.8976482 -0.4400699 0.02379935 0.8976904 -0.4399835 0.02380114 0.923962 -0.3824816 0.001425862 0.9239621 -0.3824816 0.001425802 0.9239621 -0.3824816 0.001425802 0.9241135 -0.3821125 -0.00208342 0.9258154 -0.3779695 -0.002258718 0.9258154 -0.3779695 -0.002258718 0.9258153 -0.3779695 -0.002258718 0.9260246 -0.3774228 -0.005546748 0.9299933 -0.3675286 -0.005930244 0.930022 -0.367394 -0.008985877 0.9336804 -0.3579856 -0.00934118 0.9336405 -0.3580151 -0.01185047 0.9363737 -0.3507907 -0.01225769 0.9362574 -0.3511024 -0.01221382 0.9362575 -0.3511024 -0.01221388 0.9363874 -0.3506885 -0.01401424 0.9388388 -0.3440555 -0.01440477 0.9388388 -0.3440554 -0.01440477 0.9388389 -0.3440556 -0.01440477 0.9388566 -0.3438744 -0.01728302 0.9388568 -0.3438742 -0.01728302 0.9388567 -0.3438743 -0.01728302 0.9432398 -0.3316416 -0.01768463 0.9432398 -0.3316413 -0.01768434 0.9432396 -0.3316418 -0.01768469 0.952677 -0.3039819 0.001242458 0.9527061 -0.3038907 0.001245081 0.9526771 -0.3039817 0.001242518 0.9527602 -0.3036795 0.005185842 0.9527602 -0.3036796 0.005185782 0.9527602 -0.3036795 0.005185782 0.9510729 -0.3089208 0.005318105 0.951073 -0.3089207 0.005318224 0.9510285 -0.3090575 0.005319297 0.9509899 -0.3090687 0.009742915 0.9509899 -0.3090689 0.009738445 0.9510195 -0.3089777 0.009737968 0.9485964 -0.3163341 0.009888291 0.9488123 -0.3155098 0.01445823 0.9487821 -0.315601 0.01444941 0.9488123 -0.31551 0.01444816 0.9460557 -0.323675 0.01460629 0.9457845 -0.3242259 0.01921719 0.9427588 -0.3329117 0.01938557 0.9427585 -0.3329121 0.01939618 0.9427589 -0.3329114 0.01938551 0.9426684 -0.3328514 0.02421325 0.9426682 -0.3328519 0.02421319 0.9426683 -0.3328517 0.02421319 0.9407362 -0.3382692 0.02428066 0.9407362 -0.3382692 0.02428036 0.9407361 -0.3382693 0.02428054 0.9550453 -0.2964586 0.001006424 0.9551084 -0.2962461 -0.002511978 0.9551086 -0.2962456 -0.002511978 0.9551085 -0.2962459 -0.002511978 0.9581118 -0.2863805 -0.002847611 0.9581118 -0.2863804 -0.002847611 0.9581117 -0.2863807 -0.002847611 0.9581042 -0.2863506 -0.00630486 0.9597349 -0.2808331 -0.006466567 0.9597349 -0.280833 -0.006466567 0.9597348 -0.2808332 -0.006466567 0.9596047 -0.2811818 -0.009774863 0.9621396 -0.2723715 -0.01007002 0.9621396 -0.2723715 -0.01007002 0.9621396 -0.2723715 -0.01007002 0.962132 -0.2722854 -0.01275908 0.9631666 -0.2685957 -0.01290804 0.9630764 -0.2689189 -0.01291447 0.9631666 -0.2685957 -0.01290804 0.9630903 -0.2687644 -0.01493746 0.9630008 -0.2690863 -0.01490598 0.9646831 -0.262974 -0.01520568 0.9646832 -0.2629739 -0.01520562 0.9646831 -0.2629742 -0.01520568 0.9647333 -0.2625987 -0.01821273 0.9670101 -0.2540664 -0.01848781 0.9784834 -0.2063239 8.39206e-4 0.9784833 -0.2063244 8.39206e-4 0.9784835 -0.2063235 8.39317e-4 0.9783718 -0.2067939 0.004995584 0.9783718 -0.2067939 0.004995465 0.9783719 -0.2067939 0.004995465 0.9771353 -0.2125571 0.005124449 0.9771353 -0.2125573 0.005124449 0.9771353 -0.2125571 0.005124449 0.9770053 -0.2129935 0.009720981 0.9762664 -0.2163521 0.009783625 0.9762664 -0.2163525 0.009783565 0.9762665 -0.2163518 0.009783625 0.9761785 -0.2164856 0.01447695 0.9761785 -0.2164863 0.01446759 0.9761786 -0.216486 0.01446747 0.9742844 -0.2248469 0.01462113 0.9742844 -0.2248473 0.01462113 0.9742845 -0.2248465 0.01462107 0.9741895 -0.2248855 0.01953125 0.9741891 -0.2248862 0.0195387 0.9741892 -0.2248859 0.01953864 0.9740454 -0.2255067 0.01955682 0.9740451 -0.225507 0.0195629 0.9740455 -0.2255064 0.01955693 0.9738184 -0.2259922 0.02460426 0.9738181 -0.2259934 0.02460408 0.9738183 -0.2259928 0.02460426 0.9723719 -0.2321243 0.02471983 0.9723388 -0.2322644 0.02470695 0.9723386 -0.2322642 0.02472162 0.9795266 -0.2013137 7.31242e-4 0.9795267 -0.2013134 7.34841e-4 0.9795265 -0.2013139 7.31227e-4 0.9794731 -0.2015523 -0.003053486 0.9804763 -0.1966122 -0.003161013 0.9804763 -0.1966118 -0.003160893 0.9804763 -0.1966125 -0.003161013 0.9804286 -0.1967567 -0.006817579 0.9804287 -0.1967565 -0.006817579 0.9804288 -0.1967566 -0.006817638 0.9812549 -0.1925922 -0.006879687 0.9812549 -0.1925921 -0.006879687 0.9812548 -0.1925922 -0.006879687 0.9812102 -0.1926615 -0.01039451 0.9826356 -0.1852427 -0.01061695 0.9826356 -0.1852422 -0.01061695 0.9826354 -0.185243 -0.01061689 0.9825667 -0.1854338 -0.01330173 0.9826289 -0.1851041 -0.01330173 0.9836308 -0.1796841 -0.01356989 0.9835811 -0.1797882 -0.01564073 0.9835638 -0.179882 -0.01564574 0.9835637 -0.1798823 -0.01564574 0.983973 -0.1776212 -0.01574784 0.983973 -0.1776211 -0.01574784 0.983973 -0.1776213 -0.01574784 0.9839973 -0.1771781 -0.01890665 0.9839974 -0.1771777 -0.01890665 0.9839973 -0.1771779 -0.01890659 0.985122 -0.170796 -0.01906681 0.9851218 -0.1707957 -0.01907557 0.985122 -0.1707962 -0.01906675 0.993081 -0.1174305 6.65541e-4 0.9930809 -0.1174306 6.65556e-4 0.993081 -0.1174305 6.65577e-4 0.993049 -0.1176012 0.004881322 0.9924991 -0.1221519 0.00495851 0.9924991 -0.1221518 0.00495845 0.9924991 -0.1221519 0.00495845 0.992478 -0.122038 0.009705007 0.992478 -0.122038 0.009705007 0.992478 -0.122038 0.009705126 0.9919832 -0.1259928 0.009763121 0.9919291 -0.1259508 0.01459985 0.9919654 -0.1256651 0.01459532 0.9919455 -0.1251286 0.0196734 0.9919455 -0.1251289 0.0196734 0.9919455 -0.1251288 0.01967346 0.9912043 -0.1308581 0.01975852 0.9912043 -0.1308581 0.01975852 0.9912043 -0.130858 0.01975852 0.9911245 -0.1305953 0.02484357 0.9911244 -0.1305956 0.02484351 0.9911245 -0.1305955 0.02484351 0.9902414 -0.1371189 0.02491199 0.9902413 -0.1371189 0.02491194 0.9902413 -0.1371188 0.02491199 0.9934123 -0.1145939 5.74243e-4 0.9934123 -0.1145939 5.74271e-4 0.9934123 -0.1145939 5.74221e-4 0.9934229 -0.1144552 -0.003325045 0.993423 -0.1144542 -0.003322005 0.9934229 -0.1144546 -0.003322184 0.9937146 -0.1118922 -0.003382802 0.9937147 -0.1118922 -0.003382861 0.9937146 -0.1118923 -0.003382861 0.9936996 -0.1118561 -0.007042169 0.9936996 -0.111856 -0.007042229 0.9936996 -0.1118561 -0.007042169 0.9944643 -0.1048256 -0.007231354 0.9944364 -0.104781 -0.01083254 0.9941518 -0.1074537 -0.01075965 0.994152 -0.1074534 -0.0107578 0.9941519 -0.107454 -0.01075953 0.9940969 -0.1076161 -0.01378476 0.9943196 -0.1055322 -0.01384013 0.9942567 -0.1058287 -0.01594233 0.9942567 -0.1058287 -0.01594233 0.9942567 -0.1058287 -0.01594233 0.9948506 -0.1000539 -0.01617246 0.9948506 -0.1000536 -0.01617258 0.9948506 -0.1000542 -0.01617246 0.9947712 -0.1002855 -0.01931607 0.9947713 -0.1002855 -0.01931607 0.9947713 -0.1002855 -0.01931601 0.9954265 -0.09352695 -0.01946336 0.9954265 -0.09352689 -0.01946336 0.9954265 -0.09352707 -0.01946336 0.9992945 -0.03755539 5.3998e-4 0.9992944 -0.03755617 5.42986e-4 0.9992945 -0.03755468 5.4001e-4 0.9992849 -0.03749954 0.004844725 0.9992849 -0.03749978 0.004845201 0.9992849 -0.03749966 0.004845261 0.9992379 -0.03873008 0.00486499 0.9992007 -0.03878575 0.009683549 0.9992005 -0.03878688 0.009687781 0.9992006 -0.03878635 0.009687781 0.999128 -0.04060548 0.0097211 0.9991242 -0.04070144 0.009719967 0.9991242 -0.04070109 0.009719908 0.9990667 -0.04064363 0.01462876 0.9990666 -0.04064458 0.01462882 0.9990667 -0.0406441 0.01462882 0.9990193 -0.04178166 0.0146631 0.9990192 -0.04178202 0.01466315 0.9990192 -0.04178136 0.01466321 0.998932 -0.04177808 0.01973414 0.9988538 -0.04359871 0.01975375 0.9988539 -0.04359906 0.0197522 0.9988539 -0.04359835 0.01975369 0.9987342 -0.04363793 0.02501839 0.998914 -0.03934705 0.02495807 0.9989139 -0.03934806 0.02495813 0.998914 -0.03934609 0.02495813 0.9993246 -0.03674513 5.2863e-4 0.9993246 -0.03674429 5.23474e-4 0.9993246 -0.0367459 5.28681e-4 0.9993248 -0.03658002 -0.003436207 0.9993249 -0.03657978 -0.003436267 0.9993249 -0.0365799 -0.003436326 0.9993428 -0.03608655 -0.003451108 0.9993428 -0.03608596 -0.003451049 0.9993427 -0.03608709 -0.003451049 0.9993242 -0.03602784 -0.007290482 0.9993243 -0.03602671 -0.007286608 0.9993243 -0.03602725 -0.007286489 0.9991805 -0.03983074 -0.00720942 0.9991343 -0.0401625 -0.01084583 0.9991344 -0.04016202 -0.01084285 0.9991344 -0.04016226 -0.0108428 0.9993627 -0.03396916 -0.01096677 0.9993627 -0.0339688 -0.01096665 0.9993627 -0.03396946 -0.01096665 0.9993332 -0.03374648 -0.01394385 0.9993356 -0.03367865 -0.01393526 0.9993342 -0.03372579 -0.01392823 0.9993357 -0.03367942 -0.0139352 0.99929 -0.03398746 -0.01626384 0.99929 -0.03398704 -0.01626384 0.99929 -0.03398728 -0.01626378 0.999312 -0.0333333 -0.01626759 0.999312 -0.03333324 -0.01626765 0.999312 -0.0333333 -0.01626765 0.9992555 -0.03325664 -0.01956009 0.9992555 -0.03325659 -0.01956009 0.9992555 -0.03325659 -0.01956009 0.999266 -0.03294074 -0.0195561 0.999188 0.03258031 -0.02370917 0.999188 0.03258025 -0.02370917 0.9991879 0.03258037 -0.02370917 0.9992744 0.03269517 -0.01954078 0.9992744 0.03269505 -0.01954078 0.9992744 0.03269511 -0.01954078 0.9992583 0.03316378 -0.01957327 0.9992583 0.03316372 -0.01957333 0.9992583 0.03316378 -0.01957327 0.9993258 0.03292769 -0.01624661 0.9992873 0.03405606 -0.01628476 0.9993299 0.03384953 -0.01392465 0.9993299 0.03384917 -0.01392465 0.9993299 0.03384935 -0.01392471 0.9993074 0.03450578 -0.01393371 0.9993576 0.03415763 -0.0108537 0.9993576 0.03415709 -0.0108537 0.9993576 0.03415733 -0.0108537 0.9991286 0.04026728 -0.01097482 0.9991267 0.04031473 -0.01097536 0.9991286 0.0402677 -0.01097482 0.9991636 0.04023653 -0.00729078 0.9991636 0.04023575 -0.007287681 0.9991636 0.04023611 -0.0072878 0.9993266 0.03597903 -0.007202982 0.9993266 0.03597897 -0.007202923 0.9993266 0.03597903 -0.007202923 0.9993467 0.03598022 -0.003443241 0.9993467 0.03597986 -0.00344336 0.9993467 0.03598004 -0.0034433 0.9993258 0.03655087 -0.003444373 0.9993259 0.03655016 -0.003442347 0.9993259 0.03655159 -0.003444254 0.9993244 0.03675001 5.42607e-4 0.9993245 0.03674834 5.49775e-4 0.9993243 0.03674912 5.49683e-4 0.9992914 0.03763741 5.20979e-4 0.9992914 0.03763651 5.23068e-4 0.9992913 0.0376383 5.20796e-4 0.9992849 0.03749763 0.004863679 0.9992404 0.03866779 0.004847645 0.9992405 0.03866767 0.004841506 0.9992405 0.03866791 0.004847824 0.9992069 0.03861391 0.009723007 0.999207 0.03861361 0.009722888 0.999207 0.03861379 0.009722828 0.9991229 0.04073929 0.0096879 0.9991229 0.04073882 0.009688019 0.9991229 0.04073983 0.00968796 0.9990628 0.04072666 0.01466155 0.9990631 0.04072558 0.01464343 0.999063 0.04072606 0.01464337 0.9990201 0.0417667 0.01464825 0.9990201 0.04176634 0.01464831 0.99902 0.041767 0.01464831 0.9989331 0.04174774 0.01974445 0.9989332 0.04174709 0.01974362 0.9989332 0.04174739 0.01974356 0.9988523 0.04364597 0.01972842 0.9987356 0.04363662 0.02496051 0.9987357 0.04363578 0.02496045 0.9987357 0.0436362 0.02496057 0.9988889 0.03994625 0.02500998 0.9851384 0.1702077 -0.02306121 0.9851382 0.1702079 -0.02306735 0.9851384 0.1702078 -0.02306139 0.985121 0.1708164 -0.01893246 0.9839224 0.1775779 -0.0190525 0.9839718 0.1776355 -0.01565802 0.9839719 0.1776354 -0.01565802 0.9839888 0.1775411 -0.01565665 0.9836022 0.1796636 -0.01574027 0.9836269 0.1797233 -0.01333236 0.9826256 0.1851034 -0.01355791 0.9826163 0.1853562 -0.01041465 0.9812064 0.192668 -0.01063543 0.9812065 0.1926673 -0.01063555 0.9812062 0.1926688 -0.01063549 0.9812263 0.1927399 -0.006812214 0.9812266 0.1927387 -0.006812155 0.9812265 0.1927393 -0.006812214 0.9803951 0.1969212 -0.006901621 0.9803951 0.1969209 -0.006901681 0.9803951 0.1969215 -0.006901621 0.9804002 0.1969925 -0.003062903 0.9794809 0.2015119 -0.00319755 0.979481 0.2015117 -0.003190338 0.9794809 0.201512 -0.003197669 0.9795184 0.2013532 8.67153e-4 0.9795183 0.2013532 8.672e-4 0.9795184 0.2013532 8.67149e-4 0.9784879 0.2063033 7.34039e-4 0.9784879 0.2063032 7.34036e-4 0.9784879 0.2063034 7.34003e-4 0.9784356 0.2064888 0.005115926 0.9784358 0.2064885 0.005115985 0.9784357 0.2064886 0.005115926 0.9771862 0.2123267 0.004976391 0.9771564 0.2122945 0.009819746 0.9762172 0.2165771 0.00971812 0.9762172 0.2165771 0.00971812 0.9762172 0.2165771 0.00971812 0.976155 0.2165798 0.01465731 0.9761552 0.216579 0.01465386 0.9761551 0.2165794 0.0146538 0.9742972 0.2248026 0.01444679 0.9742972 0.224802 0.01445829 0.9742971 0.224803 0.01444667 0.9742103 0.2247923 0.01956623 0.9742103 0.2247914 0.01957249 0.9742103 0.2247918 0.01957243 0.9740257 0.2255929 0.01954209 0.974026 0.2255924 0.01953375 0.9740256 0.2255934 0.01954215 0.9739268 0.2255107 0.02473008 0.9739267 0.2255097 0.02474331 0.9739266 0.2255101 0.02474325 0.9723418 0.2322648 0.02458578 0.9723308 0.2323114 0.02458465 0.9723308 0.2323114 0.02458477 0.9722231 0.2323023 0.02860128 0.9722122 0.2323486 0.0285927 0.9722123 0.2323487 0.02859246 0.9718058 0.2340581 0.02846473 0.9718059 0.234058 0.02846473 0.9718058 0.2340582 0.02846473 0.9717323 0.2339985 0.03131997 0.9717325 0.2339981 0.03131997 0.9717324 0.2339983 0.03131991 0.9710355 0.2368972 0.03114014 0.9710356 0.2368971 0.03114014 0.9710355 0.2368973 0.03114014 0.9708124 0.2374224 0.03397023 0.9697183 0.2418807 0.03376734 0.9431411 0.331707 -0.02133655 0.9431412 0.331707 -0.02133655 0.9431411 0.3317071 -0.02133655 0.9431322 0.3319622 -0.01740568 0.9431322 0.3319618 -0.01740562 0.9431322 0.3319619 -0.01740568 0.9388387 0.3439078 -0.01758766 0.9388389 0.3439077 -0.01758569 0.9388387 0.343908 -0.0175876 0.9387712 0.344254 -0.01407247 0.9364398 0.3505346 -0.01435148 0.9364398 0.3505346 -0.01435148 0.9364398 0.3505347 -0.01435148 0.9362031 0.3512582 -0.01190263 0.9338704 0.3574028 -0.01221692 0.9338579 0.35753 -0.009037077 0.933858 0.3575301 -0.009037017 0.933858 0.3575301 -0.009037017 0.9299901 0.3674672 -0.009288966 0.9302143 0.366974 -0.005611658 0.9258269 0.3779024 -0.005875766 0.9260596 0.3773716 -0.002099633 0.9241464 0.382032 -0.002226591 0.9241228 0.3820919 0.001666665 0.9203315 0.3911368 0.001407861 0.9203315 0.3911368 0.001407861 0.9203315 0.3911368 0.001407861 0.9203293 0.3911038 0.005640387 0.9203294 0.3911037 0.005640387 0.9203294 0.3911037 0.005640447 0.9158436 0.401499 0.005400002 0.9158436 0.4014989 0.005400061 0.9158436 0.401499 0.005400061 0.9155843 0.4019989 0.01012313 0.9155843 0.4019988 0.01012223 0.9155843 0.4019989 0.01012223 0.909975 0.4145476 0.009792625 0.9099751 0.4145476 0.009792625 0.909975 0.4145476 0.009792625 0.9099678 0.4144261 0.01447844 0.9099679 0.414426 0.01447844 0.9099679 0.4144261 0.01447838 0.9068748 0.4211567 0.01433014 0.9068748 0.4211565 0.01433008 0.9068748 0.4211568 0.01433014 0.9066991 0.4213434 0.01915007 0.9066991 0.4213432 0.01915007 0.906699 0.4213433 0.01915007 0.9026547 0.4299506 0.01890224 0.9026546 0.4299505 0.01890224 0.9026545 0.4299506 0.01890224 0.9024889 0.4300503 0.02388763 0.8978152 0.4397408 0.02358013 0.8976601 0.4398345 0.02742171 0.8976602 0.4398345 0.02742171 0.8976602 0.4398345 0.02742165 0.8950312 0.4451752 0.02717161 0.8951032 0.4448676 0.02971637 0.8942167 0.4466526 0.02963143 0.894217 0.4466521 0.02963167 0.8942164 0.4466531 0.02963161 0.8943812 0.4461395 0.03227889 0.8943814 0.446139 0.03227889 0.8943814 0.4461392 0.03227901 0.8925937 0.4497172 0.0321117 0.8925937 0.449717 0.03211176 0.8925936 0.4497174 0.0321117 0.9184219 0.3950784 -0.02035915 0.9187937 0.3943957 -0.01644021 0.9102478 0.4137317 -0.01659011 0.910228 0.413775 -0.01659011 0.9102476 0.4137319 -0.01658987 0.9102851 0.4137684 -0.01330065 0.9102852 0.4137684 -0.01329565 0.9102852 0.4137684 -0.01329576 0.9083816 0.4179263 -0.01343548 0.9083817 0.4179263 -0.01343327 0.9083817 0.4179264 -0.01343554 0.9084811 0.4177791 -0.01108038 0.9084814 0.4177784 -0.01108032 0.9084813 0.4177788 -0.01108038 0.9047015 0.4258959 -0.0113185 0.9047015 0.4258957 -0.0113185 0.9046605 0.4259827 -0.01131975 0.9045612 0.4262635 -0.008281588 0.9047043 0.4259598 -0.00827527 0.8993943 0.4370559 -0.008482456 0.8993944 0.4370558 -0.008482396 0.8993944 0.4370561 -0.008482396 0.8996443 0.4365947 -0.005016267 0.8996446 0.4365945 -0.005016267 0.8996444 0.4365946 -0.005016267 0.8957549 0.4445186 -0.005153238 0.8957549 0.4445185 -0.005153179 0.8957548 0.4445186 -0.005153238 0.8957627 0.4445301 -0.001513004 0.8957204 0.4446154 -0.00150901 0.8957628 0.4445298 -0.001513063 0.8893994 0.4571279 -0.001744329 0.8893038 0.4573121 0.002105236 0.889348 0.4572263 0.002105414 0.8893478 0.4572266 0.002105414 0.8844216 0.4666851 0.001913547 0.8844217 0.4666849 0.001913547 0.8844215 0.4666852 0.001913547 0.8843584 0.4667704 0.005988895 0.8843584 0.4667702 0.005988955 0.8843584 0.4667702 0.005988955 0.877486 0.4795681 0.005725562 0.8777557 0.479001 0.0101546 0.8777099 0.4790852 0.01015216 0.8777098 0.4790851 0.0101521 0.8744949 0.4849313 0.01001513 0.874495 0.4849311 0.0100153 0.8744949 0.4849315 0.0100153 0.8744106 0.48497 0.01450079 0.8744109 0.4849696 0.0144934 0.8744108 0.4849698 0.0144934 0.8682996 0.4958364 0.0142138 0.8683002 0.4958357 0.01421147 0.8682993 0.4958372 0.01421386 0.8681582 0.4959262 0.0189417 0.8681583 0.4959259 0.0189417 0.8681582 0.495926 0.01894176 0.8610293 0.5082149 0.01860892 0.8610294 0.5082146 0.01860886 0.8610292 0.5082151 0.01860886 0.8609459 0.5081624 0.02330756 0.8609467 0.5081617 0.02329605 0.8609465 0.5081621 0.02329599 0.8576472 0.5137183 0.02312451 0.8576473 0.5137184 0.02312445 0.8576473 0.5137184 0.02312445 0.8574432 0.5138813 0.02678084 0.8546414 0.5185402 0.02653825 0.8543441 0.5189025 0.02892422 0.8543444 0.5189019 0.02892434 0.8543443 0.5189022 0.02892428 0.8521027 0.5225854 0.02873396 0.8520281 0.5227078 0.02872174 0.8520281 0.5227076 0.02872174 0.8518359 0.5228683 0.03137481 0.8495846 0.5265317 0.03115206 0.8495847 0.5265316 0.03115218 0.8497604 0.5262513 0.03109699 0.7511386 0.6596018 0.02676409 0.7504687 0.6602548 0.02933406 0.7504687 0.6602548 0.02933406 0.7504687 0.6602547 0.02933406 0.7470276 0.6641669 0.02884626 0.8509089 0.525027 -0.01734119 0.8508744 0.5251886 -0.01377701 0.8508745 0.5251885 -0.01377701 0.8508744 0.5251886 -0.01377707 0.8398619 0.5426131 -0.01425862 0.8399052 0.5426276 -0.01071053 0.8348726 0.5503279 -0.01126831 0.835155 0.5499444 -0.008803546 0.8307762 0.5565294 -0.009281933 0.8307497 0.5565689 -0.009282708 0.8307761 0.5565295 -0.009282112 0.8307144 0.5566647 -0.006169319 0.8220194 0.5694195 -0.006756186 0.8220667 0.5693833 -0.003033816 0.8220669 0.5693831 -0.003028571 0.8220668 0.5693832 -0.00302869 0.8138824 0.5810185 -0.003599524 0.8141782 0.5806152 1.29147e-4 0.8072445 0.590217 -3.45156e-4 0.8072976 0.5901346 0.003420948 0.7985655 0.6019017 0.002778112 0.7985655 0.6019017 0.002778053 0.7985654 0.6019018 0.002778112 0.7984974 0.6019586 0.006911933 0.7898444 0.6132743 0.00636208 0.7899527 0.6130746 0.01069086 0.7818192 0.6234222 0.01018083 0.7820847 0.6230024 0.01454579 0.782085 0.6230024 0.01453977 0.7820848 0.6230024 0.01453971 0.7741996 0.6327865 0.01401388 0.7741839 0.6326931 0.01841008 0.7741839 0.6326931 0.01841002 0.7741838 0.6326931 0.01841002 0.7665836 0.6418964 0.01785278 0.7665147 0.641837 0.02237796 0.7665146 0.6418369 0.02237796 0.7665146 0.6418369 0.02237802 0.7584233 0.6513975 0.02180391 0.7584233 0.6513975 0.02180802 0.7584232 0.6513976 0.02180391 0.7584847 0.6511605 0.02628815 0.7311938 0.6817364 0.02431499 0.7311938 0.6817364 0.02431505 0.7313572 0.6815611 0.02431613 0.6791689 0.7339814 -0.001051425 0.6882209 0.7255008 8.5002e-4 0.6631065 0.748525 -3.74312e-4 0.6745682 0.7382054 0.003246128 0.6745682 0.7382054 0.003246128 0.6745682 0.7382054 0.003246128 0.6563205 0.7544789 0.002246975 0.6621272 0.7493703 0.005639374 0.6621272 0.7493702 0.005639374 0.6621272 0.7493703 0.005639374 0.6500062 0.7599135 0.00485444 0.6497713 0.7600829 0.008450627 0.6388987 0.7692513 0.007809698 0.6387326 0.7693428 0.01149863 0.6384745 0.7695571 0.01149743 0.6275645 0.7784895 0.01082146 0.62764 0.7783667 0.01461118 0.6167792 0.7870125 0.01395243 0.6169546 0.7868014 0.01762771 0.6169547 0.7868014 0.01762765 0.6169546 0.7868014 0.01762771 0.607991 0.793761 0.01704424 0.6075453 0.7940146 0.02072852 0.59833 0.8009974 0.02010613 0.5985094 0.8007622 0.02379804 0.5985094 0.8007622 0.0237981 0.5985094 0.8007622 0.0237981 0.5891564 0.807687 0.02315998 0.5894273 0.8074892 0.02316719 0.7072772 0.7068991 -0.007255792 0.6928787 0.7210346 -0.005316257 0.6922859 0.7216035 -0.005359947 0.6922898 0.7216137 -0.002915024 0.6885802 0.7251528 -0.003273069 0.6885802 0.7251528 -0.00327301 0.6885802 0.7251529 -0.003273069 0.7231072 0.6906312 -0.01202529 0.7230297 0.6907576 -0.009054899 0.707526 0.7066219 -0.009618341 0.5937371 0.8046498 0.00390619 0.6044179 0.7966489 0.005456805 0.6044179 0.7966489 0.005456686 0.6044179 0.7966489 0.005456805 0.5781672 0.8159087 0.00400108 0.5881655 0.8087102 0.007016479 0.5881655 0.8087102 0.007016539 0.5881655 0.8087102 0.007016479 0.5754876 0.8177882 0.006041109 0.5756442 0.8176781 0.006028354 0.5754876 0.8177883 0.006041049 0.5751947 0.8179646 0.009226977 0.5639098 0.8257921 0.008561491 0.5638547 0.8257883 0.01189911 0.5536806 0.8326526 0.0112912 0.5533653 0.8328092 0.01469242 0.5429602 0.8396409 0.01404619 0.5429193 0.8396055 0.01735943 0.5327678 0.846097 0.01668673 0.5325748 0.8461447 0.02008616 0.5225576 0.852383 0.01941376 0.5223414 0.852433 0.0227496 0.5124601 0.858427 0.02208614 0.6045817 0.7965412 0.001761078 0.6048467 0.7963402 0.001716554 0.5982129 0.8013341 0.002292573 0.5337564 0.845633 0.002990961 0.5337565 0.845633 0.002990841 0.5337565 0.845633 0.002990782 0.5200554 0.8541202 0.004610598 0.6206936 0.7840511 -0.001867949 0.6052966 0.7960002 2.1653e-5 0.6046275 0.7965085 -8.75986e-5 0.6542395 0.75623 -0.009320497 0.654364 0.7561513 -0.006565749 0.6365128 0.7712327 -0.007186293 0.6365598 0.7712198 -0.00341022 0.6206887 0.7840468 -0.004019916 0.6206887 0.7840468 -0.004020392 0.6206887 0.7840469 -0.004019975 0.5190674 0.8547215 0.004500985 0.5185354 0.8550307 0.006614387 0.5185353 0.8550307 0.006614387 0.5185353 0.8550307 0.006614387 0.5127111 0.8585399 0.006055712 0.512711 0.8585399 0.006055712 0.512711 0.8585399 0.006055712 0.5125845 0.8585987 0.008089244 0.5057162 0.8626686 0.007362186 0.5057418 0.8626268 0.01002246 0.4939906 0.8694174 0.009312629 0.4940196 0.8693622 0.01240992 0.4822576 0.8759516 0.01168364 0.4822968 0.8758827 0.01481729 0.4822968 0.8758825 0.01481735 0.4822968 0.8758826 0.01481735 0.4720934 0.8814347 0.01416558 0.4720775 0.8813899 0.0171687 0.4616304 0.8869193 0.01647907 0.4620512 0.8866378 0.01955211 0.4620512 0.8866378 0.01955211 0.4620512 0.8866378 0.01955211 0.4526974 0.8914644 0.01887798 0.4525355 0.8914774 0.02190512 0.4433969 0.8960744 0.02121418 0.5840485 0.8116915 -0.006672143 0.5840485 0.8116915 -0.006672084 0.5840484 0.8116915 -0.006672084 0.5840781 0.8116868 -0.004187524 0.5676181 0.8232781 -0.004781365 0.5676751 0.8232519 -0.00125581 0.5503846 0.8349092 -0.001935184 0.5502566 0.834994 0.001638531 0.5339641 0.8455067 9.59993e-4 0.4145454 0.9099203 0.0140435 0.4213106 0.9067872 0.0153042 0.4081081 0.9128211 0.01433444 0.4052567 0.9140569 0.01634013 0.4060193 0.9137164 0.01645445 0.4060193 0.9137165 0.01645451 0.4060193 0.9137165 0.01645457 0.4236583 0.9057556 0.01097559 0.4287026 0.9033555 0.01276487 0.4284 0.9034993 0.01274579 0.4220718 0.9064801 0.01222681 0.4375958 0.8991152 0.0100876 0.437684 0.89909 0.008372962 0.4387946 0.8985474 0.00848174 0.5163581 0.8563636 -0.003989458 0.5164454 0.8563182 -0.001819729 0.4980079 0.8671689 -0.00252372 0.4980079 0.8671689 -0.00252372 0.4980078 0.8671689 -0.002523779 0.4976801 0.8673604 7.5614e-4 0.4818691 0.8762433 1.15532e-4 0.4817709 0.8762909 0.003353655 0.4666741 0.8844254 0.002693593 0.4666112 0.8844429 0.005903065 0.4512948 0.8923598 0.005210041 0.3929504 0.9193856 0.01789069 0.341984 0.9395468 0.01729112 0.339483 0.9404509 0.01741886 0.2798014 0.9598719 0.01889783 0.2797654 0.9599039 0.01777744 0.2797535 0.9599077 0.01775336 0.3320661 0.9432166 0.008638083 0.3350583 0.9421404 0.01036715 0.3209729 0.9470393 0.009643912 0.3208702 0.9470444 0.01222181 0.3095946 0.9507977 0.01161557 0.309633 0.9507513 0.01412624 0.2991461 0.9541113 0.01354306 0.2990976 0.9540885 0.01599216 0.2893917 0.9570862 0.01544135 0.3896262 0.9209724 0.001169383 0.3940204 0.9190993 0.002163529 0.3803786 0.9248297 0.001478433 0.2990542 0.9542084 0.007289826 0.3052145 0.9522469 0.008379459 0.283384 0.9589776 0.00744903 0.2921263 0.956329 0.009853541 0.2754766 0.9612658 0.008991837 0.2795147 0.9600756 0.01124525 0.2685759 0.9632005 0.01058334 0.2685453 0.9631822 0.01279431 0.2584285 0.9659532 0.01222163 0.2580487 0.9660237 0.01446604 0.2580487 0.9660236 0.01446604 0.2580487 0.9660237 0.01446598 0.2490688 0.9683858 0.01392298 0.2491198 0.9683383 0.01613956 0.2399178 0.9706684 0.01557219 0.2399169 0.9706314 0.0177372 0.2317344 0.9726266 0.01722133 0.2317259 0.972589 0.01933211 0.2234483 0.9745342 0.01881402 0.3564795 0.934289 0.005146324 0.3124571 0.9499151 0.005665183 0.3041634 0.9525994 0.006263017 0.2315565 0.9727714 0.009876072 0.2406439 0.9705491 0.0111854 0.2226499 0.9748452 0.01020127 0.2292872 0.9732834 0.01211994 0.2192405 0.9756042 0.0114147 0.219245 0.975579 0.01331716 0.2101915 0.9775767 0.01278209 0.2101341 0.9775609 0.0147807 0.2022255 0.9792352 0.01425886 0.2022255 0.9792352 0.01425886 0.2022255 0.9792352 0.01425886 0.2017129 0.9793095 0.01627475 0.1937824 0.9809178 0.01576626 0.1941147 0.9808196 0.01767706 0.1941147 0.9808196 0.017677 0.1941147 0.9808197 0.01767706 0.1860773 0.9823848 0.0171895 0.1860773 0.9823848 0.0171895 0.1860773 0.9823848 0.0171895 0.186386 0.9822915 0.01907163 0.1795076 0.9835804 0.01861691 0.2441361 0.9697006 0.00885868 0.2441239 0.9697126 0.007806777 0.246644 0.9690729 0.008029043 0.1428792 0.9895748 0.01809245 0.1453476 0.9891996 0.01892632 0.1453476 0.9891997 0.01892626 0.1453476 0.9891996 0.01892626 0.1404309 0.989918 0.01848542 0.1726569 0.9848922 0.01330453 0.1725685 0.9849217 0.01222956 0.1738966 0.9846865 0.01235336 0.1829361 0.9830588 0.01139903 0.182932 0.983073 0.01016902 0.1945617 0.980832 0.01069498 0.194567 0.9808524 0.008503735 0.2072011 0.9782567 0.009034156 0.2075318 0.9782047 0.006802618 0.2075318 0.9782047 0.006802618 0.2075318 0.9782047 0.006802558 0.2211065 0.9752221 0.007339775 0.1360984 0.9906242 0.01187109 0.1396789 0.9901111 0.01303619 0.1288078 0.9915911 0.01247966 0.1287426 0.9915743 0.0143463 0.1203371 0.9926359 0.0138933 0.120336 0.9926087 0.01572299 0.1129704 0.9934804 0.01531535 0.1129781 0.9934505 0.0170961 0.1059297 0.9942336 0.01668733 0.1687717 0.985625 0.007713198 0.1732735 0.9848365 0.008568286 0.1610359 0.9869167 0.007945179 0.103306 0.9945774 0.01198911 0.1111869 0.9937176 0.01276803 0.09258615 0.9956321 0.01202946 0.1002433 0.9948703 0.01358646 0.0911774 0.9957483 0.01311969 0.09116613 0.9957281 0.01464104 0.08407974 0.9963563 0.0143181 0.08405733 0.9963343 0.01588416 0.07726395 0.9968889 0.01558595 0.07726395 0.9968889 0.01558595 0.07726395 0.9968889 0.01558595 0.07760721 0.9968368 0.01713722 0.07165586 0.9972873 0.01683652 0.07166987 0.9972605 0.01830953 0.06613206 0.9976477 0.01804721 0.1447852 0.9894056 0.0106756 0.1447852 0.9894056 0.0106756 0.1447852 0.9894056 0.01067554 0.1116943 0.9936833 0.01086455 0.1072003 0.9941749 0.01116025 0.1072003 0.9941748 0.01116025 0.1072003 0.9941749 0.01116031 0.05145281 0.9986297 0.009557962 0.05145651 0.9986151 0.01096659 0.04323756 0.9990078 0.01067668 0.04322105 0.9989883 0.01242756 0.03553551 0.9992947 0.01214593 0.03553342 0.9992727 0.0138477 0.0287624 0.999494 0.01358759 0.02842068 0.9994798 0.01524925 0.02842074 0.9994797 0.01525276 0.02842074 0.9994797 0.01525276 0.02242624 0.999636 0.01500213 0.02241438 0.9996113 0.01658463 0.01683425 0.9997245 0.01635551 0.01683199 0.9996981 0.01790308 0.01169425 0.9997755 0.01767003 -0.0181995 0.9997166 0.01534628 -0.01820522 0.9997356 0.01405072 -0.0206446 0.9996893 0.01396989 -0.02838045 0.9995412 0.01058417 -0.0283699 0.9995211 0.01235622 -0.03392833 0.9993495 0.01222985 -0.03392833 0.9993495 0.0122298 -0.03392833 0.9993495 0.0122298 -0.03344184 0.9993414 0.01409578 -0.03869986 0.9991533 0.01396977 -0.0386883 0.999127 0.01576256 -0.04312074 0.9989472 0.01565808 -0.04312074 0.9989472 0.01565665 -0.04312074 0.9989472 0.01565808 -0.04344844 0.9989046 0.01737624 -0.0474236 0.9987255 0.01727586</float_array>
          <technique_common>
            <accessor source="#right_rudder-mesh-normals-array" count="2747" stride="3">
              <param name="X" type="float"/>
              <param name="Y" type="float"/>
              <param name="Z" type="float"/>
            </accessor>
          </technique_common>
        </source>
        <vertices id="right_rudder-mesh-vertices">
          <input semantic="POSITION" source="#right_rudder-mesh-positions"/>
        </vertices>
        <triangles count="1814">
          <input semantic="VERTEX" source="#right_rudder-mesh-vertices" offset="0"/>
          <input semantic="NORMAL" source="#right_rudder-mesh-normals" offset="1"/>
          <p>0 0 1 0 2 0 3 0 0 0 2 0 4 1 5 1 6 1 7 0 8 0 9 0 9 2 8 2 10 2 9 0 10 0 11 0 11 3 10 3 12 3 11 0 12 0 13 0 13 4 12 4 14 4 13 0 14 0 15 0 15 5 14 5 16 5 15 0 16 0 17 0 17 6 16 6 18 6 17 0 18 0 19 0 19 7 18 8 20 9 19 0 20 0 21 0 21 10 20 10 0 10 21 0 0 0 3 0 22 11 23 11 24 11 24 12 23 12 25 12 24 0 25 0 26 0 26 13 25 13 7 13 26 0 7 0 9 0 27 0 28 0 29 0 29 14 28 14 30 14 29 0 30 0 31 0 31 15 30 15 32 15 31 0 32 0 33 0 33 16 32 16 34 16 33 0 34 0 35 0 35 17 34 17 36 17 35 0 36 0 37 0 37 18 36 18 38 18 37 19 38 19 39 19 39 20 38 20 40 20 39 0 40 0 41 0 41 21 40 21 42 21 41 0 42 0 43 0 43 22 42 22 44 22 43 0 44 0 45 0 45 23 44 23 46 23 45 0 46 0 47 0 47 24 46 24 22 24 47 0 22 0 24 0 28 0 27 0 48 0 48 25 27 25 49 25 48 0 49 0 50 0 50 26 49 26 51 26 50 0 51 0 52 0 52 27 51 27 53 27 52 0 53 0 54 0 54 28 53 28 55 28 54 29 55 29 56 29 56 30 55 30 57 30 56 0 57 0 58 0 58 31 57 31 59 31 58 0 59 0 60 0 60 0 59 0 61 0 60 32 61 32 62 32 62 33 61 33 63 33 62 0 63 0 64 0 64 34 63 34 65 34 64 0 65 0 66 0 66 35 65 35 5 35 66 0 5 0 67 0 67 0 5 0 4 0 67 0 4 0 68 0 69 36 70 36 71 36 72 37 73 37 74 37 75 38 76 38 77 38 78 39 76 39 75 39 79 40 78 40 75 40 80 41 78 41 79 41 81 42 80 42 79 42 82 43 80 43 81 43 83 44 82 44 81 44 84 45 82 45 83 45 85 46 84 46 83 46 86 47 84 47 85 47 87 48 86 48 85 48 88 49 86 49 87 49 89 50 90 50 91 50 92 51 89 51 91 51 93 52 89 52 92 52 94 53 93 53 92 53 95 54 6 54 96 54 95 55 96 55 97 55 95 56 97 56 93 56 95 57 93 58 94 59 95 60 94 60 98 60 95 61 98 61 99 61 95 62 99 62 100 62 95 63 100 64 101 65 102 66 103 66 104 66 104 67 103 67 105 67 104 68 105 68 106 68 106 69 105 69 97 69 106 70 97 70 96 70 103 71 102 71 107 71 107 72 102 72 108 72 107 73 108 73 109 73 109 74 108 74 110 74 109 75 110 75 111 75 111 76 110 76 112 76 111 77 112 77 69 77 69 78 112 79 113 80 69 81 113 81 70 81 72 82 114 82 73 82 73 83 114 83 115 83 73 84 115 84 71 84 71 85 115 85 116 85 71 86 116 86 69 86 69 87 116 87 117 87 69 88 117 88 111 88 111 89 117 89 118 89 111 90 118 90 109 90 109 91 118 91 119 91 109 92 119 92 107 92 107 93 119 93 120 93 107 94 120 94 103 94 103 95 120 95 89 95 103 96 89 96 105 96 105 97 89 97 93 97 105 98 93 98 97 98 121 99 82 99 122 99 122 100 82 100 84 100 122 101 84 101 123 101 123 102 84 102 86 102 123 103 86 103 124 103 124 104 86 104 88 104 124 105 88 105 125 105 125 106 88 106 99 106 125 107 99 107 98 107 82 108 121 108 80 108 80 109 121 109 126 109 80 110 126 110 78 110 78 111 126 111 127 111 78 112 127 112 76 112 76 113 127 113 128 113 76 114 128 114 129 114 129 115 128 115 130 115 129 116 130 116 131 116 131 117 130 117 74 117 131 118 74 118 132 118 76 119 129 119 77 119 77 120 129 120 131 120 77 121 131 121 133 121 133 122 131 122 132 122 133 123 132 123 134 123 87 124 135 124 88 124 88 125 135 125 100 125 88 126 100 126 99 126 6 127 5 127 96 127 96 128 5 128 65 128 96 129 65 129 106 129 106 130 65 130 63 130 106 131 63 131 104 131 104 132 63 132 61 132 104 133 61 133 102 133 102 134 61 134 59 134 102 135 59 135 108 135 108 136 59 136 57 136 108 137 57 137 110 137 110 138 57 138 113 138 110 139 113 139 112 139 89 140 120 140 90 140 90 141 120 141 119 141 90 142 119 142 136 142 136 143 119 143 118 143 136 144 118 144 137 144 137 145 118 145 117 145 137 146 117 146 138 146 138 147 117 147 116 147 138 148 116 148 139 148 139 149 116 149 115 149 139 150 115 150 114 150 74 151 130 151 72 151 72 152 130 152 128 152 72 153 128 153 114 153 114 154 128 154 127 154 114 155 127 155 139 155 139 156 127 156 126 156 139 157 126 157 138 157 138 158 126 158 121 158 138 159 121 159 137 159 137 160 121 160 122 160 137 161 122 161 136 161 136 162 122 162 123 162 136 163 123 163 90 163 90 164 123 164 124 164 90 165 124 165 91 165 91 166 124 166 125 166 91 167 125 167 92 167 92 168 125 168 98 168 92 169 98 169 94 169 4 170 140 170 68 170 4 171 141 171 140 171 141 172 142 172 140 172 6 173 95 174 4 175 95 176 141 177 4 178 95 179 101 179 141 179 143 180 144 181 145 182 101 183 100 183 141 183 144 184 143 184 146 184 146 185 143 185 147 185 146 186 147 186 148 186 148 187 147 187 149 187 148 188 149 188 150 188 150 189 149 189 151 189 150 190 151 190 152 190 152 191 151 191 153 191 152 192 153 192 154 192 152 193 154 193 155 193 155 194 154 194 156 194 155 195 156 195 157 195 155 196 157 196 158 196 158 197 157 197 159 197 158 198 159 198 160 198 158 199 160 199 161 199 161 200 160 200 162 200 161 201 162 201 163 201 163 202 162 202 164 202 163 203 164 203 165 203 165 204 164 204 166 204 165 205 166 205 167 205 167 206 166 206 168 206 167 207 168 207 169 207 169 208 168 208 170 208 169 209 170 209 171 209 171 210 170 210 172 210 171 211 172 211 173 211 173 212 172 212 174 212 173 213 174 213 175 213 175 214 174 214 176 214 175 215 176 215 177 215 177 216 176 216 178 216 177 217 178 217 179 217 179 218 178 218 180 218 179 219 180 219 181 219 181 220 180 220 182 220 181 221 182 221 183 221 183 222 182 222 184 222 183 223 184 223 185 223 185 224 184 224 186 224 185 225 186 225 187 225 187 226 186 226 188 226 188 227 186 227 189 227 188 228 189 228 190 228 190 229 189 229 191 229 190 230 191 230 192 230 192 231 191 231 193 231 192 232 193 232 194 232 194 233 193 233 195 233 194 234 195 234 196 234 196 235 195 235 197 235 196 236 197 236 198 236 198 237 197 237 199 237 198 238 199 238 200 238 200 239 199 239 201 239 200 240 201 240 202 240 202 241 201 241 203 241 202 242 203 242 204 242 204 243 203 243 205 243 204 244 205 244 134 244 134 245 205 245 206 245 134 246 206 246 133 246 133 247 206 247 207 247 133 248 207 248 77 248 77 249 207 249 208 249 77 250 208 250 75 250 75 251 208 251 209 251 75 252 209 252 79 252 79 253 209 253 210 253 79 254 210 254 81 254 81 255 210 255 211 255 81 256 211 256 83 256 83 257 211 257 212 257 83 258 212 258 85 258 85 259 212 259 213 259 85 260 213 260 87 260 87 261 213 261 214 261 87 262 214 262 135 262 135 263 214 263 215 263 135 264 215 264 100 264 100 265 215 265 216 265 100 266 216 266 141 266 141 267 216 267 142 267 217 268 218 268 219 268 220 269 221 269 222 269 208 270 223 270 209 270 209 271 223 271 224 271 209 272 224 272 210 272 210 273 224 273 225 273 210 274 225 274 211 274 211 275 225 275 226 275 211 276 226 276 212 276 212 277 226 277 227 277 212 278 227 278 213 278 213 279 227 279 228 279 213 280 228 280 214 280 214 281 228 281 229 281 230 282 231 282 232 282 230 283 232 283 233 283 233 284 232 284 234 284 233 285 234 285 235 285 140 286 142 286 216 286 140 287 216 287 236 287 140 288 236 288 237 288 140 289 237 289 235 289 140 290 235 290 234 290 140 291 234 291 238 291 140 292 238 292 239 292 140 293 239 293 67 293 140 294 67 294 68 294 239 295 238 295 240 295 240 296 238 296 241 296 240 297 241 297 242 297 242 298 241 298 243 298 242 299 243 299 244 299 244 300 243 300 245 300 244 301 245 301 246 301 246 302 245 302 247 302 246 303 247 303 248 303 248 304 247 304 249 304 248 305 249 305 250 305 250 306 249 306 219 306 250 307 219 307 251 307 251 308 219 308 218 308 238 309 234 309 241 309 241 310 234 310 232 310 241 311 232 311 243 311 243 312 232 312 252 312 243 313 252 313 245 313 245 314 252 314 253 314 245 315 253 315 247 315 247 316 253 316 254 316 247 317 254 317 249 317 249 318 254 318 255 318 249 319 255 319 219 319 219 320 255 320 256 320 219 321 256 321 217 321 217 322 256 322 257 322 217 323 257 323 221 323 221 324 257 324 258 324 221 325 258 325 222 325 237 326 236 326 259 326 259 327 236 327 229 327 259 328 229 328 260 328 260 329 229 329 228 329 260 330 228 330 261 330 261 331 228 331 227 331 261 332 227 332 262 332 262 333 227 333 226 333 262 334 226 334 263 334 263 335 226 335 225 335 263 336 225 336 264 336 264 337 225 337 224 337 264 338 224 338 265 338 265 339 224 339 223 339 265 340 223 340 266 340 266 341 223 341 267 341 266 342 267 342 268 342 268 343 267 343 269 343 268 344 269 344 220 344 220 345 269 345 270 345 206 346 270 346 207 346 207 347 270 347 269 347 207 348 269 348 208 348 208 349 269 349 267 349 208 350 267 350 223 350 236 351 216 351 229 351 229 352 216 353 215 354 229 355 215 356 214 357 250 358 251 358 248 358 248 359 251 359 58 359 248 360 58 360 246 360 246 361 58 361 60 361 246 362 60 362 244 362 244 363 60 363 62 363 244 364 62 364 242 364 242 365 62 365 64 365 242 366 64 366 240 366 240 367 64 367 66 367 240 368 66 368 239 368 239 369 66 369 67 369 258 370 257 370 271 370 271 371 257 371 256 371 271 372 256 372 272 372 272 373 256 373 255 373 272 374 255 374 273 374 273 375 255 375 254 375 273 376 254 376 274 376 274 377 254 377 253 377 274 378 253 378 231 378 231 379 253 379 252 379 231 380 252 380 232 380 235 381 237 382 233 383 233 384 237 384 259 384 233 385 259 385 230 385 230 386 259 386 260 386 230 387 260 387 231 387 231 388 260 388 261 388 231 389 261 389 274 389 274 390 261 390 262 390 274 391 262 391 273 391 273 392 262 392 263 392 273 393 263 393 272 393 272 394 263 394 264 394 272 395 264 395 271 395 271 396 264 396 265 396 271 397 265 397 258 397 258 398 265 398 266 398 258 399 266 399 222 399 222 400 266 400 268 400 222 401 268 401 220 401 275 402 276 402 52 402 276 403 277 403 50 403 52 404 276 404 50 404 50 405 277 405 48 405 278 406 279 406 28 406 48 407 278 407 28 407 193 408 191 408 280 408 191 409 189 409 281 409 280 410 191 410 281 410 182 411 282 411 283 411 283 412 184 412 182 412 284 413 285 413 38 413 36 414 284 414 38 414 182 415 180 415 282 415 285 416 286 416 40 416 38 417 285 417 40 417 178 418 176 418 287 418 282 419 178 419 287 419 176 420 174 420 288 420 289 421 290 421 46 421 44 422 289 422 46 422 172 423 170 423 291 423 290 424 292 424 22 424 46 425 290 426 22 427 170 428 168 428 293 428 166 429 164 429 294 429 295 430 296 430 7 430 25 431 295 431 7 431 162 432 160 432 297 432 160 433 159 433 298 433 299 434 300 435 21 436 21 437 300 438 19 439 301 440 302 441 17 442 19 443 301 443 17 443 302 444 303 445 15 446 17 447 302 448 15 449 150 450 152 450 304 450 305 451 306 451 11 451 13 452 305 452 11 452 306 453 307 453 9 453 11 454 306 454 9 454 155 455 158 455 308 455 307 456 309 457 26 458 9 459 307 459 26 459 309 460 310 461 24 462 26 463 309 463 24 463 163 464 165 465 311 466 310 467 312 467 47 467 24 468 310 468 47 468 167 469 169 469 313 469 312 470 314 470 45 470 47 471 312 472 45 473 169 474 171 475 315 476 173 477 175 477 316 477 317 478 318 478 39 478 41 479 317 479 39 479 318 480 319 480 37 480 39 481 318 481 37 481 179 482 181 483 320 482 319 484 321 484 35 484 37 485 319 485 35 485 321 486 322 486 33 486 35 487 321 487 33 487 33 488 322 488 31 488 190 489 192 489 323 489 324 490 325 490 51 490 49 491 324 491 51 491 196 492 198 492 326 492 198 493 200 493 327 493 328 494 329 494 53 494 329 495 330 495 55 495 53 496 329 496 55 496 331 497 332 497 333 497 334 498 331 498 333 498 334 499 335 499 331 499 335 500 334 500 336 500 337 501 338 501 339 501 340 502 337 502 339 502 340 503 341 503 337 503 342 504 277 504 276 504 343 505 277 505 342 505 344 506 343 506 342 506 344 507 345 507 343 507 345 508 344 508 346 508 346 509 347 510 345 511 347 512 346 512 348 512 349 513 347 513 348 513 350 514 349 514 348 514 351 515 352 515 353 515 351 516 354 516 352 516 355 517 356 517 357 517 358 518 279 519 278 520 354 521 359 522 360 523 356 524 361 524 359 524 362 525 280 525 281 525 363 526 364 526 365 526 365 527 366 527 363 527 367 528 366 528 365 528 367 529 368 529 366 529 368 530 367 530 369 530 369 531 370 531 368 531 370 532 369 532 371 532 372 533 370 533 371 533 373 534 374 534 375 534 376 535 373 535 375 535 186 536 184 537 377 538 378 539 379 539 380 539 381 540 283 540 282 540 382 541 285 541 284 541 383 542 382 542 284 542 384 543 382 543 383 543 385 544 384 544 383 544 386 545 387 545 388 545 387 546 386 546 389 546 389 547 390 547 387 547 379 548 391 548 390 548 378 549 391 550 379 551 287 552 381 552 282 552 180 553 178 553 282 553 42 554 40 554 286 554 392 555 393 555 394 555 395 556 392 557 394 558 396 559 392 559 395 559 397 560 396 560 395 560 398 561 399 562 289 563 399 564 398 564 400 564 400 565 401 565 399 565 402 566 403 566 404 566 405 567 402 567 404 567 174 568 172 568 288 568 23 569 22 569 292 569 168 570 166 570 293 570 164 571 162 571 294 571 159 572 157 573 298 574 146 575 148 576 406 577 161 578 163 578 407 578 165 579 167 580 311 581 43 582 45 582 314 582 408 583 314 583 312 583 409 584 408 585 312 585 410 586 408 586 409 586 411 587 410 587 409 587 412 588 413 588 414 588 171 589 173 589 315 589 318 590 317 590 415 590 415 591 416 591 318 591 417 592 418 592 419 592 420 593 421 593 422 593 423 594 421 595 420 596 424 597 423 597 420 597 425 598 426 598 424 598 425 599 427 599 426 599 177 600 320 600 428 600 179 601 320 601 177 601 181 602 183 602 320 602 429 603 430 603 431 603 321 604 432 604 322 604 433 605 434 605 435 605 433 606 436 606 434 606 437 607 436 607 433 607 438 608 436 608 437 608 439 609 438 609 437 609 440 610 438 610 439 610 441 611 442 611 443 611 444 612 445 612 441 612 444 613 446 613 445 613 447 614 448 614 449 614 449 615 450 616 447 617 451 618 450 618 449 618 452 619 450 619 451 619 453 620 452 620 451 620 454 621 452 621 453 621 455 622 454 623 453 624 447 625 325 625 324 625 329 626 328 626 456 626 456 627 457 627 329 627 458 628 457 628 456 628 459 629 457 629 458 629 460 630 461 631 462 632 462 633 463 633 460 633 464 634 448 634 27 634 464 635 27 635 29 635 464 636 29 636 31 636 464 637 31 637 322 637 464 638 322 639 432 640 464 641 432 641 465 641 464 642 465 642 434 642 464 643 434 644 466 645 467 646 193 646 280 646 467 647 280 647 362 647 467 648 362 648 355 648 467 649 355 649 357 649 467 650 357 650 468 650 467 651 468 652 469 653 467 654 469 654 197 654 467 655 197 655 195 655 467 656 195 656 193 656 470 657 417 657 471 657 470 658 471 658 472 658 470 659 472 659 473 659 470 660 473 660 474 660 470 661 474 661 475 661 470 662 475 662 476 662 477 663 478 663 320 663 477 664 320 664 183 664 477 665 183 666 185 667 477 668 185 668 479 668 477 669 479 669 430 669 477 670 430 670 429 670 477 671 429 671 426 671 477 672 426 672 427 672 477 673 427 673 478 673 480 674 481 675 323 676 480 677 323 677 192 677 480 678 192 678 194 678 480 679 194 679 196 679 480 680 196 680 326 680 480 681 326 681 482 681 480 682 482 682 483 682 480 683 483 684 445 685 480 686 445 687 446 688 480 689 446 689 481 689 484 690 454 690 455 690 484 691 455 692 485 693 484 694 485 694 486 694 484 695 486 695 487 695 484 696 487 696 483 696 484 697 483 697 482 697 73 698 488 698 74 698 74 699 488 699 489 699 74 700 489 700 132 700 132 701 489 701 204 701 132 702 204 702 134 702 221 703 220 703 490 703 490 704 220 704 270 704 490 705 270 705 491 705 491 706 270 706 206 706 491 707 206 707 205 707 251 708 492 708 58 708 58 709 492 709 333 709 58 710 333 710 56 710 56 711 333 711 332 711 56 712 332 712 54 712 54 713 332 713 275 714 54 715 275 715 52 715 491 716 205 716 340 716 340 717 205 717 203 717 340 718 203 718 341 718 203 719 201 719 341 719 341 720 201 720 199 720 341 721 199 721 493 721 493 722 199 722 197 722 493 723 197 723 469 723 28 724 279 724 30 724 30 725 279 725 494 725 30 726 494 726 32 726 32 727 494 727 495 727 32 728 495 728 34 728 34 729 495 729 284 729 34 730 284 730 36 730 372 731 371 731 496 731 496 732 371 732 360 732 496 733 360 733 497 733 497 734 360 734 359 734 497 735 359 735 375 735 375 736 359 736 361 736 375 737 361 738 498 739 498 740 361 740 281 740 498 741 281 741 377 741 377 742 281 742 189 742 377 743 189 743 186 743 398 744 289 744 286 744 286 745 289 745 44 745 286 746 44 746 42 746 499 747 500 747 501 747 501 748 500 748 502 748 501 749 502 749 503 749 503 750 502 750 504 750 503 751 504 752 505 753 505 754 504 754 506 754 505 755 506 756 507 757 507 758 506 759 508 760 507 761 508 761 509 761 509 762 508 762 510 762 509 763 510 763 511 763 511 764 510 764 512 764 511 765 512 766 513 767 513 768 512 768 514 768 513 769 514 770 515 771 515 772 514 772 516 772 515 773 516 773 517 773 517 774 516 774 295 774 517 775 295 775 292 775 292 776 295 776 25 776 292 777 25 777 23 777 7 778 296 779 8 780 8 781 296 781 518 781 8 782 518 782 10 782 10 783 518 783 519 784 10 785 519 786 12 787 12 788 519 789 520 790 12 791 520 792 14 793 14 794 520 795 521 796 14 797 521 798 16 799 16 800 521 801 522 802 16 803 522 804 18 805 157 806 156 807 523 808 523 809 156 809 154 809 523 810 154 810 524 810 524 811 154 812 153 813 524 814 153 815 525 816 525 817 153 817 151 817 525 818 151 818 526 818 526 819 151 820 149 821 526 822 149 822 527 822 527 823 149 823 147 823 527 824 147 824 528 824 21 825 3 826 299 827 299 828 3 829 2 830 299 831 2 832 529 833 529 834 2 835 1 836 529 837 1 838 530 839 530 840 1 841 0 842 530 843 0 844 531 845 531 846 0 847 20 848 531 849 20 850 532 851 532 852 20 853 18 854 532 855 18 855 522 855 147 856 143 857 528 858 528 859 143 859 145 859 528 860 145 861 533 862 533 863 145 864 144 865 533 866 144 866 534 866 535 867 536 867 537 867 537 868 536 868 538 869 537 870 538 871 539 872 539 873 538 873 540 873 539 874 540 874 541 874 541 875 540 875 542 875 541 876 542 877 543 878 543 879 542 880 544 881 543 882 544 883 545 884 545 885 544 886 546 887 545 888 546 889 547 890 547 891 546 891 548 891 547 892 548 892 406 892 406 893 548 893 144 893 406 894 144 895 146 896 536 897 535 897 549 897 549 898 535 898 550 898 549 899 550 900 551 901 551 902 550 903 552 904 551 905 552 905 553 905 553 906 552 906 554 906 553 907 554 908 555 909 555 910 554 910 556 910 555 911 556 912 557 913 557 914 556 915 558 916 557 917 558 918 559 919 559 920 558 920 560 920 559 921 560 922 561 923 561 924 560 925 562 926 561 927 562 927 563 927 563 928 562 929 299 930 563 931 299 932 529 933 19 934 300 934 301 934 301 935 300 936 564 937 301 938 564 938 565 938 565 939 564 940 566 941 565 942 566 943 567 944 567 945 566 946 568 947 567 948 568 949 569 950 569 951 568 952 570 953 569 954 570 955 571 956 571 957 570 958 572 959 571 960 572 961 573 962 573 963 572 964 574 965 573 966 574 967 575 968 575 969 574 970 576 971 575 972 576 973 577 974 577 975 576 976 578 977 577 978 578 979 579 980 579 981 578 981 580 981 579 982 580 983 581 984 581 985 580 986 582 987 581 988 582 989 583 990 583 991 582 992 584 993 583 994 584 994 585 994 585 995 584 995 586 995 585 996 586 996 587 996 587 997 586 997 588 997 587 998 588 998 589 998 589 999 588 1000 590 1001 589 1002 590 1003 591 1004 591 1005 590 1006 592 1007 591 1008 592 1009 593 1010 593 1011 592 1012 148 1013 593 1014 148 1014 150 1014 594 1015 595 1016 596 1017 596 1018 595 1019 597 1020 596 1021 597 1022 598 1023 598 1024 597 1025 599 1026 598 1027 599 1027 600 1027 600 1028 599 1029 601 1030 600 1031 601 1031 602 1031 602 1032 601 1032 603 1032 602 1033 603 1034 604 1035 604 1036 603 1036 605 1036 604 1037 605 1037 606 1037 606 1038 605 1039 607 1040 606 1041 607 1041 608 1041 608 1042 607 1042 152 1042 608 1043 152 1043 155 1043 595 1044 594 1045 609 1046 609 1047 594 1048 610 1049 609 1050 610 1051 611 1052 611 1053 610 1053 612 1053 611 1054 612 1054 613 1054 613 1055 612 1056 614 1057 613 1058 614 1058 615 1058 615 1059 614 1060 616 1061 615 1062 616 1063 617 1064 617 1065 616 1066 618 1067 617 1068 618 1068 619 1069 619 1070 618 1071 620 1072 619 1073 620 1074 621 1075 621 1076 620 1077 622 1078 621 1079 622 1080 623 1081 623 1082 622 1083 305 1084 623 1085 305 1086 303 1087 303 1088 305 1089 13 1090 303 1091 13 1092 15 1093 306 1094 624 1094 307 1094 307 1095 624 1096 625 1096 307 1097 625 1097 626 1097 626 1098 625 1098 627 1098 626 1099 627 1099 628 1099 628 1100 627 1101 629 1102 628 1103 629 1104 630 1105 630 1106 629 1106 631 1106 630 1107 631 1107 632 1107 632 1108 631 1108 633 1108 632 1109 633 1109 634 1109 634 1110 633 1111 635 1112 634 1113 635 1114 636 1115 636 1116 635 1116 637 1116 636 1117 637 1117 638 1117 638 1118 637 1118 639 1118 638 1119 639 1119 640 1119 640 1120 639 1121 641 1122 640 1123 641 1123 642 1123 642 1124 641 1125 643 1126 642 1127 643 1127 644 1127 644 1128 643 1129 645 1130 644 1131 645 1131 646 1131 646 1132 645 1132 647 1132 646 1133 647 1133 648 1133 648 1134 647 1134 308 1134 648 1135 308 1136 407 1137 407 1138 308 1139 158 1140 407 1141 158 1142 161 1143 419 1144 649 1144 410 1144 410 1145 649 1146 415 1147 410 1148 415 1149 408 1150 408 1151 415 1151 317 1151 408 1152 317 1152 314 1152 314 1153 317 1153 41 1153 314 1154 41 1155 43 1156 424 1157 650 1157 425 1157 425 1158 650 1159 316 1160 425 1161 316 1162 428 1163 428 1164 316 1164 175 1164 428 1165 175 1165 177 1165 650 1166 424 1167 651 1168 651 1169 424 1169 420 1169 651 1170 420 1170 652 1170 652 1171 420 1171 422 1171 652 1172 422 1172 413 1172 413 1173 422 1173 653 1173 413 1174 653 1175 654 1176 654 1177 653 1177 476 1177 654 1178 476 1178 475 1178 185 1179 187 1179 479 1179 479 1180 187 1180 188 1180 479 1181 188 1181 655 1181 655 1182 188 1182 190 1182 655 1183 190 1183 323 1183 447 1184 324 1184 448 1184 448 1185 324 1185 49 1185 448 1186 49 1187 27 1188 656 1189 657 1189 461 1189 461 1190 657 1190 658 1190 461 1191 658 1191 462 1191 462 1192 658 1192 327 1192 462 1193 327 1193 659 1193 659 1194 327 1194 200 1194 659 1195 200 1195 202 1195 657 1196 656 1196 660 1196 660 1197 656 1197 458 1197 660 1198 458 1198 661 1198 661 1199 458 1200 456 1201 661 1202 456 1202 662 1202 662 1203 456 1203 328 1203 662 1204 328 1204 325 1204 325 1205 328 1205 53 1205 325 1206 53 1206 51 1206 462 1207 659 1207 463 1207 463 1208 659 1209 202 1210 463 1211 202 1211 204 1211 70 1212 663 1212 71 1212 71 1213 663 1213 488 1213 71 1214 488 1214 73 1214 663 1215 70 1215 664 1215 664 1216 70 1216 113 1216 664 1217 113 1217 330 1217 330 1218 113 1218 57 1218 330 1219 57 1219 55 1219 218 1220 492 1220 251 1220 492 1221 218 1221 665 1221 665 1222 218 1222 217 1222 665 1223 217 1223 666 1223 666 1224 217 1225 221 1226 666 1227 221 1227 490 1227 666 1228 334 1228 665 1228 665 1229 334 1230 333 1231 665 1232 333 1232 492 1232 334 1233 666 1233 336 1233 336 1234 666 1234 490 1234 336 1235 490 1235 339 1235 339 1236 490 1236 491 1236 339 1237 491 1238 340 1239 335 1240 336 1240 667 1240 667 1241 336 1241 339 1241 667 1242 339 1242 338 1242 667 1243 668 1243 335 1243 335 1244 668 1244 669 1244 335 1245 669 1245 331 1245 331 1246 669 1246 275 1246 331 1247 275 1248 332 1249 668 1250 667 1250 670 1250 670 1251 667 1252 338 1253 670 1254 338 1254 671 1254 671 1255 338 1255 337 1255 671 1256 337 1256 672 1256 672 1257 337 1257 341 1257 672 1258 341 1258 493 1258 276 1259 275 1259 342 1259 342 1260 275 1260 669 1260 342 1261 669 1261 344 1261 344 1262 669 1262 668 1262 344 1263 668 1263 346 1263 346 1264 668 1264 670 1264 346 1265 670 1265 348 1265 348 1266 670 1266 671 1266 348 1267 671 1267 353 1267 353 1268 671 1269 672 1270 353 1271 672 1271 468 1271 468 1272 672 1272 493 1272 468 1273 493 1273 469 1273 360 1274 673 1274 354 1274 354 1275 673 1275 350 1275 354 1276 350 1276 352 1276 352 1277 350 1277 348 1277 352 1278 348 1278 353 1278 359 1279 354 1280 356 1281 356 1282 354 1282 351 1282 356 1283 351 1283 357 1283 357 1284 351 1285 353 1286 357 1287 353 1287 468 1287 48 1288 277 1289 278 1290 278 1291 277 1291 343 1291 278 1292 343 1292 674 1292 674 1293 343 1293 345 1293 674 1294 345 1294 675 1294 675 1295 345 1295 347 1295 675 1296 347 1296 676 1296 676 1297 347 1297 349 1297 676 1298 349 1298 677 1298 677 1299 349 1299 350 1299 677 1300 350 1300 673 1300 358 1301 278 1301 364 1301 364 1302 278 1302 674 1302 364 1303 674 1303 365 1303 365 1304 674 1304 675 1304 365 1305 675 1305 367 1305 367 1306 675 1306 676 1306 367 1307 676 1307 369 1307 369 1308 676 1308 677 1308 369 1309 677 1309 371 1309 371 1310 677 1310 673 1310 371 1311 673 1311 360 1311 356 1312 355 1312 361 1312 361 1313 355 1313 362 1313 361 1314 362 1314 281 1314 279 1315 358 1315 494 1315 494 1316 358 1316 364 1316 494 1317 364 1317 363 1317 375 1318 374 1319 497 1320 497 1321 374 1321 678 1321 497 1322 678 1322 496 1322 496 1323 678 1323 679 1323 496 1324 679 1324 372 1324 372 1325 679 1325 680 1325 372 1326 680 1326 370 1326 370 1327 680 1327 681 1327 370 1328 681 1328 368 1328 368 1329 681 1329 682 1329 368 1330 682 1330 366 1330 366 1331 682 1331 683 1331 366 1332 683 1332 363 1332 363 1333 683 1333 495 1333 363 1334 495 1334 494 1334 184 1335 283 1335 377 1335 377 1336 283 1336 380 1336 377 1337 380 1337 498 1337 498 1338 380 1338 376 1338 498 1339 376 1340 375 1341 376 1342 389 1342 373 1342 373 1343 389 1344 386 1345 373 1346 386 1346 374 1346 374 1347 386 1347 684 1347 374 1348 684 1348 678 1348 678 1349 684 1349 685 1349 678 1350 685 1350 679 1350 679 1351 685 1352 686 1353 679 1354 686 1354 680 1354 680 1355 686 1355 687 1355 680 1356 687 1356 681 1356 681 1357 687 1357 688 1357 681 1358 688 1358 682 1358 682 1359 688 1359 383 1359 682 1360 383 1361 683 1362 683 1363 383 1363 284 1363 683 1364 284 1364 495 1364 390 1365 389 1365 379 1365 379 1366 389 1366 376 1366 379 1367 376 1367 380 1367 391 1368 378 1368 287 1368 287 1369 378 1369 381 1369 378 1370 380 1370 381 1370 381 1371 380 1372 283 1373 386 1374 388 1374 684 1374 684 1375 388 1375 689 1375 684 1376 689 1376 685 1376 685 1377 689 1377 690 1377 685 1378 690 1379 686 1380 686 1381 690 1381 395 1381 686 1382 395 1382 687 1382 687 1383 395 1383 394 1383 687 1384 394 1384 688 1384 688 1385 394 1385 385 1385 688 1386 385 1386 383 1386 385 1387 400 1388 384 1389 384 1390 400 1390 398 1390 384 1391 398 1391 382 1391 382 1392 398 1393 286 1394 382 1395 286 1395 285 1395 401 1396 400 1396 393 1396 393 1397 400 1397 385 1397 393 1398 385 1398 394 1398 176 1399 288 1399 287 1399 287 1400 288 1400 691 1400 287 1401 691 1402 391 1403 391 1404 691 1404 692 1404 391 1405 692 1405 390 1405 390 1406 692 1406 693 1406 390 1407 693 1407 387 1407 387 1408 693 1408 694 1408 387 1409 694 1409 388 1409 388 1410 694 1410 404 1410 388 1411 404 1411 689 1411 689 1412 404 1412 695 1412 689 1413 695 1413 690 1413 690 1414 695 1414 397 1414 690 1415 397 1415 395 1415 397 1416 696 1417 396 1418 396 1419 696 1420 697 1421 396 1422 697 1422 392 1422 392 1423 697 1424 401 1425 392 1426 401 1426 393 1426 404 1427 403 1428 695 1429 695 1430 403 1430 696 1430 695 1431 696 1431 397 1431 172 1432 291 1433 288 1432 288 1434 291 1434 698 1434 288 1435 698 1435 691 1435 691 1436 698 1436 699 1436 691 1437 699 1437 692 1437 692 1438 699 1438 700 1438 692 1439 700 1439 693 1439 693 1440 700 1440 701 1440 693 1441 701 1441 694 1441 694 1442 701 1443 405 1444 694 1445 405 1445 404 1445 702 1446 703 1447 701 1448 701 1449 703 1450 704 1451 701 1452 704 1452 405 1452 405 1453 704 1453 705 1453 405 1454 705 1454 402 1454 402 1455 705 1455 706 1455 402 1456 706 1456 403 1456 403 1457 706 1457 707 1457 403 1458 707 1458 696 1458 696 1459 707 1459 708 1459 696 1460 708 1460 697 1460 697 1461 708 1462 709 1463 697 1464 709 1464 401 1464 401 1465 709 1465 710 1465 401 1466 710 1466 399 1466 399 1467 710 1467 290 1467 399 1468 290 1468 289 1468 170 1469 293 1470 291 1471 291 1472 293 1473 711 1474 291 1475 711 1475 698 1475 698 1476 711 1476 712 1476 698 1477 712 1477 699 1477 699 1478 712 1478 713 1478 699 1479 713 1479 700 1479 700 1480 713 1480 702 1480 700 1481 702 1481 701 1481 702 1482 503 1482 703 1482 703 1483 503 1484 505 1485 703 1486 505 1486 704 1486 704 1487 505 1487 507 1487 704 1488 507 1488 705 1488 705 1489 507 1489 509 1489 705 1490 509 1490 706 1490 706 1491 509 1491 511 1491 706 1492 511 1492 707 1492 707 1493 511 1493 513 1493 707 1494 513 1494 708 1494 708 1495 513 1496 515 1497 708 1498 515 1498 709 1498 709 1499 515 1499 517 1499 709 1500 517 1500 710 1500 710 1501 517 1501 292 1501 710 1502 292 1502 290 1502 499 1503 501 1503 713 1503 713 1504 501 1504 503 1504 713 1505 503 1505 702 1505 166 1506 294 1506 293 1506 293 1507 294 1507 714 1507 293 1508 714 1508 711 1508 711 1509 714 1509 715 1509 711 1510 715 1510 712 1510 712 1511 715 1512 499 1513 712 1514 499 1514 713 1514 716 1515 717 1515 715 1515 715 1516 717 1516 500 1516 715 1517 500 1517 499 1517 162 1518 297 1518 294 1518 294 1519 297 1519 718 1519 294 1520 718 1520 714 1520 714 1521 718 1521 716 1521 714 1522 716 1522 715 1522 160 1523 298 1523 297 1523 297 1524 298 1524 719 1524 297 1525 719 1525 718 1525 718 1526 719 1526 720 1526 718 1527 720 1527 716 1527 716 1528 720 1528 721 1528 716 1529 721 1529 717 1529 717 1530 721 1530 722 1530 717 1531 722 1532 500 1533 500 1534 722 1534 723 1534 500 1535 723 1535 502 1535 502 1536 723 1536 724 1536 502 1537 724 1537 504 1537 504 1538 724 1539 725 1540 504 1541 725 1541 506 1541 506 1542 725 1542 726 1542 506 1543 726 1544 508 1545 508 1546 726 1546 727 1546 508 1547 727 1548 510 1549 510 1550 727 1550 728 1550 510 1551 728 1551 512 1551 512 1552 728 1552 729 1552 512 1553 729 1553 514 1553 514 1554 729 1554 730 1554 514 1555 730 1556 516 1557 516 1558 730 1558 731 1558 516 1559 731 1559 295 1559 295 1560 731 1560 296 1560 296 1561 731 1561 732 1561 296 1562 732 1562 518 1562 518 1563 732 1564 733 1565 518 1566 733 1567 519 1568 519 1569 733 1570 734 1571 519 1572 734 1572 520 1572 520 1573 734 1574 735 1575 520 1576 735 1577 521 1578 521 1579 735 1579 736 1579 521 1580 736 1581 522 1582 522 1583 736 1584 737 1585 522 1586 737 1587 532 1588 532 1589 737 1589 738 1589 532 1590 738 1591 531 1592 531 1593 738 1593 739 1593 531 1594 739 1595 530 1596 530 1597 739 1598 563 1599 530 1600 563 1600 529 1600 157 1601 523 1601 298 1601 298 1602 523 1603 740 1604 298 1605 740 1605 719 1605 719 1606 740 1606 741 1606 719 1607 741 1607 720 1607 720 1608 741 1609 742 1610 720 1611 742 1611 721 1611 721 1612 742 1613 743 1614 721 1615 743 1615 722 1615 722 1616 743 1617 744 1618 722 1619 744 1620 723 1621 723 1622 744 1622 745 1622 723 1623 745 1623 724 1623 724 1624 745 1625 746 1626 724 1627 746 1627 725 1627 725 1628 746 1629 747 1630 725 1631 747 1631 726 1631 726 1632 747 1632 748 1632 726 1633 748 1633 727 1633 727 1634 748 1634 749 1634 727 1635 749 1635 728 1635 728 1636 749 1636 750 1636 728 1637 750 1637 729 1637 729 1638 750 1638 751 1638 729 1639 751 1639 730 1639 730 1640 751 1641 752 1642 730 1643 752 1644 731 1645 731 1646 752 1647 732 1648 732 1649 752 1650 753 1651 732 1652 753 1653 733 1654 733 1655 753 1656 754 1657 733 1658 754 1658 734 1658 734 1659 754 1660 755 1661 734 1662 755 1663 735 1664 735 1665 755 1666 756 1667 735 1668 756 1668 736 1668 736 1669 756 1670 757 1671 736 1672 757 1673 737 1674 737 1675 757 1676 758 1677 737 1678 758 1678 738 1678 738 1679 758 1680 759 1681 738 1682 759 1683 739 1684 739 1685 759 1686 561 1687 739 1688 561 1689 563 1690 760 1691 755 1692 761 1693 761 1694 755 1695 754 1696 761 1697 754 1698 762 1699 762 1700 754 1701 753 1702 762 1703 753 1704 763 1705 763 1706 753 1707 752 1708 763 1709 752 1710 751 1711 755 1712 760 1713 756 1714 756 1715 760 1716 764 1717 756 1718 764 1719 757 1720 757 1721 764 1721 765 1721 757 1722 765 1723 758 1724 758 1725 765 1726 766 1727 758 1728 766 1729 759 1730 759 1731 766 1732 559 1733 759 1734 559 1735 561 1736 745 1737 767 1738 746 1739 746 1740 767 1741 768 1742 746 1743 768 1744 747 1745 747 1746 768 1747 769 1748 747 1749 769 1749 748 1749 748 1750 769 1750 770 1750 748 1751 770 1752 749 1753 749 1754 770 1755 771 1756 749 1757 771 1757 750 1757 750 1758 771 1758 763 1758 750 1759 763 1759 751 1759 767 1760 745 1760 772 1760 772 1761 745 1761 744 1761 772 1762 744 1763 773 1764 773 1765 744 1765 743 1765 773 1766 743 1767 774 1768 774 1769 743 1770 742 1771 774 1772 742 1772 775 1772 775 1773 742 1774 741 1775 775 1776 741 1776 776 1776 776 1777 741 1777 740 1777 776 1778 740 1778 777 1778 777 1779 740 1780 523 1781 777 1782 523 1782 524 1782 772 1783 778 1784 767 1785 767 1786 778 1787 779 1788 767 1789 779 1790 768 1791 768 1792 779 1793 780 1794 768 1795 780 1795 769 1795 769 1796 780 1797 781 1798 769 1799 781 1800 770 1801 770 1802 781 1803 782 1804 770 1805 782 1806 771 1807 771 1808 782 1809 762 1810 771 1811 762 1812 763 1813 778 1814 772 1815 783 1816 783 1817 772 1818 773 1819 783 1820 773 1821 784 1822 784 1823 773 1824 774 1825 784 1826 774 1827 785 1828 785 1829 774 1830 775 1831 785 1832 775 1833 786 1834 786 1835 775 1836 776 1836 786 1837 776 1837 787 1837 787 1838 776 1839 777 1840 787 1841 777 1842 788 1843 788 1844 777 1845 524 1846 788 1847 524 1848 525 1849 783 1850 789 1851 778 1852 778 1853 789 1853 790 1853 778 1854 790 1855 779 1856 779 1857 790 1857 791 1857 779 1858 791 1859 780 1860 780 1861 791 1862 792 1863 780 1864 792 1865 781 1866 781 1867 792 1868 793 1869 781 1870 793 1870 782 1870 782 1871 793 1872 761 1873 782 1874 761 1875 762 1876 789 1877 783 1878 794 1879 794 1880 783 1880 784 1880 794 1881 784 1882 795 1883 795 1884 784 1884 785 1884 795 1885 785 1885 796 1885 796 1886 785 1886 786 1886 796 1887 786 1887 797 1887 797 1888 786 1888 787 1888 797 1889 787 1890 798 1891 798 1892 787 1892 788 1892 798 1893 788 1894 799 1895 799 1896 788 1897 525 1898 799 1899 525 1900 526 1901 794 1902 800 1903 789 1904 789 1905 800 1906 801 1907 789 1908 801 1909 790 1910 790 1911 801 1912 802 1913 790 1914 802 1914 791 1914 791 1915 802 1916 803 1917 791 1918 803 1918 792 1918 792 1919 803 1919 804 1919 792 1920 804 1921 793 1922 793 1923 804 1924 760 1925 793 1926 760 1927 761 1928 800 1929 794 1929 805 1929 805 1930 794 1931 795 1932 805 1933 795 1934 806 1935 806 1936 795 1936 796 1936 806 1937 796 1938 807 1939 807 1940 796 1940 797 1940 807 1941 797 1942 808 1943 808 1944 797 1944 798 1944 808 1945 798 1946 809 1947 809 1948 798 1949 799 1949 809 1950 799 1951 810 1952 810 1953 799 1953 526 1953 810 1954 526 1954 527 1954 805 1955 811 1956 800 1957 800 1958 811 1959 812 1960 800 1961 812 1962 801 1963 801 1964 812 1964 813 1964 801 1965 813 1966 802 1967 802 1968 813 1969 814 1970 802 1971 814 1972 803 1973 803 1974 814 1975 815 1976 803 1977 815 1978 804 1979 804 1980 815 1981 764 1982 804 1983 764 1984 760 1985 811 1986 805 1987 816 1988 816 1989 805 1989 806 1989 816 1990 806 1991 817 1992 817 1993 806 1994 807 1995 817 1996 807 1997 818 1998 818 1999 807 1999 808 1999 818 2000 808 2001 819 2002 819 2003 808 2004 809 2004 819 2005 809 2005 820 2005 820 2006 809 2007 810 2008 820 2009 810 2010 821 2011 821 2012 810 2013 527 2014 821 2015 527 2016 528 2017 816 2018 822 2019 811 2020 811 2021 822 2021 823 2021 811 2022 823 2023 812 2024 812 2025 823 2026 824 2027 812 2028 824 2028 813 2028 813 2029 824 2029 825 2029 813 2030 825 2030 814 2030 814 2031 825 2032 826 2033 814 2034 826 2035 815 2036 815 2037 826 2038 765 2039 815 2040 765 2041 764 2042 822 2043 816 2044 827 2045 827 2046 816 2047 817 2048 827 2049 817 2050 828 2051 828 2052 817 2053 818 2054 828 2055 818 2055 829 2055 829 2056 818 2056 819 2056 829 2057 819 2058 830 2059 830 2060 819 2060 820 2060 830 2061 820 2061 831 2061 831 2062 820 2063 821 2064 831 2065 821 2066 832 2067 832 2068 821 2069 528 2070 832 2071 528 2072 533 2073 827 2074 833 2075 822 2076 822 2077 833 2078 834 2079 822 2080 834 2080 823 2080 823 2081 834 2082 835 2083 823 2084 835 2085 824 2086 824 2087 835 2088 836 2089 824 2090 836 2091 825 2092 825 2093 836 2093 837 2093 825 2094 837 2095 826 2096 826 2097 837 2097 766 2097 826 2098 766 2099 765 2100 833 2101 827 2102 838 2103 838 2104 827 2105 828 2106 838 2107 828 2108 839 2109 839 2110 828 2111 829 2112 839 2113 829 2113 840 2113 840 2114 829 2115 830 2116 840 2117 830 2118 841 2119 841 2120 830 2120 831 2120 841 2121 831 2122 842 2123 842 2124 831 2125 832 2126 842 2127 832 2128 843 2129 843 2130 832 2131 533 2132 843 2133 533 2133 534 2133 144 2134 548 2135 534 2136 534 2137 548 2138 546 2139 534 2140 546 2141 843 2142 843 2143 546 2143 544 2143 843 2144 544 2144 842 2144 842 2145 544 2146 542 2147 842 2148 542 2148 841 2148 841 2149 542 2150 540 2151 841 2152 540 2153 840 2154 840 2155 540 2156 538 2157 840 2158 538 2159 839 2160 839 2161 538 2162 536 2163 839 2164 536 2165 838 2166 838 2167 536 2168 549 2169 838 2170 549 2171 833 2172 833 2173 549 2173 551 2173 833 2174 551 2175 834 2176 834 2177 551 2178 553 2179 834 2180 553 2181 835 2182 835 2183 553 2184 555 2185 835 2186 555 2187 836 2188 836 2189 555 2190 557 2191 836 2192 557 2192 837 2192 837 2193 557 2194 559 2195 837 2196 559 2196 766 2196 148 2197 592 2198 406 2199 406 2200 592 2200 590 2200 406 2201 590 2201 547 2201 547 2202 590 2203 588 2204 547 2205 588 2205 545 2205 545 2206 588 2206 586 2206 545 2207 586 2207 543 2207 543 2208 586 2208 584 2208 543 2209 584 2210 541 2211 541 2212 584 2213 582 2214 541 2215 582 2216 539 2217 539 2218 582 2218 580 2218 539 2219 580 2220 537 2221 537 2222 580 2223 578 2224 537 2225 578 2226 535 2227 535 2228 578 2229 576 2230 535 2231 576 2231 550 2231 550 2232 576 2232 574 2232 550 2233 574 2234 552 2235 552 2236 574 2237 572 2238 552 2239 572 2240 554 2241 554 2242 572 2243 570 2244 554 2245 570 2246 556 2247 556 2248 570 2249 568 2250 556 2251 568 2252 558 2253 558 2254 568 2255 566 2256 558 2257 566 2258 560 2259 560 2260 566 2261 564 2262 560 2263 564 2264 562 2265 562 2266 564 2266 300 2266 562 2267 300 2267 299 2267 150 2268 304 2269 593 2270 593 2271 304 2272 844 2273 593 2274 844 2275 591 2276 591 2277 844 2277 845 2277 591 2278 845 2279 589 2280 589 2281 845 2281 846 2281 589 2282 846 2282 587 2282 587 2283 846 2284 847 2285 587 2286 847 2286 585 2286 585 2287 847 2287 848 2287 585 2288 848 2288 583 2288 583 2289 848 2289 849 2289 583 2290 849 2290 581 2290 581 2291 849 2291 850 2291 581 2292 850 2293 579 2294 579 2295 850 2296 851 2297 579 2298 851 2299 577 2300 577 2301 851 2302 852 2303 577 2304 852 2305 575 2306 575 2307 852 2308 853 2309 575 2310 853 2311 573 2312 573 2313 853 2314 854 2315 573 2316 854 2317 571 2318 571 2319 854 2319 855 2319 571 2320 855 2320 569 2320 569 2321 855 2322 856 2323 569 2324 856 2324 567 2324 567 2325 856 2325 857 2325 567 2326 857 2327 565 2328 565 2329 857 2330 302 2331 565 2332 302 2333 301 2334 152 2335 607 2335 304 2335 304 2336 607 2336 605 2336 304 2337 605 2338 844 2339 844 2340 605 2341 603 2342 844 2343 603 2344 845 2345 845 2346 603 2347 601 2348 845 2349 601 2350 846 2351 846 2352 601 2353 599 2352 846 2354 599 2355 847 2356 847 2357 599 2358 597 2359 847 2360 597 2361 848 2362 848 2363 597 2364 595 2365 848 2366 595 2366 849 2366 849 2367 595 2368 609 2369 849 2370 609 2371 850 2372 850 2373 609 2374 611 2375 850 2376 611 2376 851 2376 851 2377 611 2378 613 2379 851 2380 613 2381 852 2382 852 2383 613 2384 615 2385 852 2386 615 2387 853 2388 853 2389 615 2390 617 2391 853 2392 617 2393 854 2394 854 2395 617 2396 619 2397 854 2398 619 2399 855 2400 855 2401 619 2401 621 2401 855 2402 621 2402 856 2402 856 2403 621 2404 623 2405 856 2406 623 2407 857 2408 857 2409 623 2409 303 2409 857 2410 303 2411 302 2412 620 2413 624 2413 622 2413 622 2414 624 2415 306 2416 622 2417 306 2417 305 2417 155 2418 308 2418 608 2418 608 2419 308 2420 647 2421 608 2422 647 2422 606 2422 606 2423 647 2423 645 2423 606 2424 645 2424 604 2424 604 2425 645 2425 643 2425 604 2426 643 2427 602 2428 602 2429 643 2429 641 2429 602 2430 641 2430 600 2430 600 2431 641 2432 639 2433 600 2434 639 2434 598 2434 598 2435 639 2435 637 2435 598 2436 637 2436 596 2436 596 2437 637 2437 635 2437 596 2438 635 2439 594 2440 594 2441 635 2441 633 2441 594 2442 633 2442 610 2442 610 2443 633 2443 631 2443 610 2444 631 2444 612 2444 612 2445 631 2446 629 2447 612 2448 629 2448 614 2448 614 2449 629 2450 627 2451 614 2452 627 2452 616 2452 616 2453 627 2454 625 2455 616 2456 625 2457 618 2458 618 2459 625 2459 624 2459 618 2460 624 2461 620 2462 858 2463 859 2463 642 2463 642 2464 859 2464 860 2464 642 2465 860 2465 640 2465 640 2466 860 2467 861 2468 640 2469 861 2469 638 2469 638 2470 861 2471 862 2472 638 2473 862 2473 636 2473 636 2474 862 2474 863 2474 636 2475 863 2475 634 2475 634 2476 863 2477 864 2477 634 2478 864 2478 632 2478 632 2479 864 2479 865 2479 632 2480 865 2480 630 2480 630 2481 865 2482 866 2483 630 2484 866 2484 628 2484 628 2485 866 2485 867 2485 628 2486 867 2486 626 2486 626 2487 867 2488 309 2489 626 2490 309 2491 307 2490 648 2492 868 2492 646 2492 646 2493 868 2493 869 2493 646 2494 869 2494 644 2494 644 2495 869 2495 858 2495 644 2496 858 2497 642 2498 163 2499 311 2499 407 2499 407 2500 311 2500 868 2500 407 2501 868 2501 648 2501 870 2502 871 2502 860 2502 860 2503 871 2504 872 2505 860 2506 872 2506 861 2506 861 2507 872 2508 873 2509 861 2510 873 2511 862 2512 862 2513 873 2513 874 2513 862 2514 874 2514 863 2514 863 2515 874 2515 875 2515 863 2516 875 2516 864 2516 864 2517 875 2517 876 2517 864 2518 876 2518 865 2518 865 2519 876 2519 877 2519 865 2520 877 2520 866 2520 866 2521 877 2521 878 2521 866 2522 878 2522 867 2522 867 2523 878 2523 310 2523 867 2524 310 2524 309 2524 859 2525 879 2525 860 2526 860 2527 879 2527 870 2527 879 2528 880 2529 870 2530 870 2531 880 2531 412 2531 869 2532 881 2532 858 2532 858 2533 881 2533 879 2533 858 2534 879 2534 859 2534 167 2535 313 2535 311 2535 311 2536 313 2536 882 2536 311 2537 882 2537 868 2537 868 2538 882 2538 881 2538 868 2539 881 2540 869 2541 870 2542 412 2542 871 2542 871 2543 412 2544 414 2545 871 2546 414 2547 872 2548 872 2549 414 2549 883 2549 872 2550 883 2550 873 2550 873 2551 883 2551 884 2551 873 2552 884 2552 874 2552 874 2553 884 2553 885 2553 874 2554 885 2554 875 2554 875 2555 885 2556 886 2557 875 2558 886 2558 876 2558 876 2559 886 2559 411 2559 876 2560 411 2560 877 2560 877 2561 411 2562 409 2563 877 2564 409 2564 878 2564 878 2565 409 2565 312 2565 878 2566 312 2566 310 2566 169 2567 315 2568 313 2569 313 2570 315 2570 887 2570 313 2571 887 2571 882 2571 882 2572 887 2572 888 2572 882 2573 888 2573 881 2573 881 2574 888 2574 880 2574 881 2575 880 2575 879 2575 474 2576 473 2576 885 2576 885 2577 473 2577 472 2577 885 2578 472 2578 886 2578 886 2579 472 2579 471 2579 886 2580 471 2581 411 2582 654 2583 475 2583 884 2583 884 2584 475 2585 474 2585 884 2586 474 2586 885 2586 884 2587 883 2587 654 2587 654 2588 883 2588 414 2588 654 2589 414 2589 413 2589 173 2590 316 2590 315 2590 315 2591 316 2591 650 2591 315 2592 650 2593 887 2594 887 2595 650 2595 651 2595 887 2596 651 2596 888 2596 888 2597 651 2597 652 2597 888 2598 652 2598 880 2598 880 2599 652 2599 413 2599 880 2600 413 2600 412 2600 411 2601 471 2601 410 2601 410 2602 471 2602 417 2602 410 2603 417 2603 419 2603 415 2604 649 2604 416 2604 416 2605 649 2605 419 2605 416 2606 419 2606 418 2606 421 2607 889 2607 422 2607 422 2608 889 2608 890 2608 422 2609 890 2609 653 2609 653 2610 890 2610 891 2610 653 2611 891 2611 476 2611 476 2612 891 2612 892 2612 476 2613 892 2613 470 2613 470 2614 892 2614 418 2614 470 2615 418 2615 417 2615 320 2616 478 2616 428 2616 428 2617 478 2617 427 2617 428 2618 427 2618 425 2618 431 2619 893 2619 423 2619 423 2620 893 2620 894 2620 423 2621 894 2621 421 2621 421 2622 894 2622 895 2622 421 2623 895 2623 889 2623 889 2624 895 2624 896 2624 889 2625 896 2625 890 2625 890 2626 896 2626 897 2626 890 2627 897 2627 891 2627 891 2628 897 2629 898 2630 891 2631 898 2631 892 2631 892 2632 898 2632 899 2632 892 2633 899 2633 418 2633 418 2634 899 2634 900 2634 418 2635 900 2635 416 2635 416 2636 900 2636 319 2636 416 2637 319 2637 318 2637 424 2638 426 2638 423 2638 423 2639 426 2639 429 2639 423 2640 429 2640 431 2640 901 2641 902 2641 894 2641 894 2642 902 2642 903 2642 894 2643 903 2643 895 2643 895 2644 903 2644 904 2644 895 2645 904 2645 896 2645 896 2646 904 2646 439 2646 896 2647 439 2647 897 2647 897 2648 439 2648 437 2648 897 2649 437 2650 898 2651 898 2652 437 2652 433 2652 898 2653 433 2653 899 2653 899 2654 433 2655 435 2656 899 2657 435 2658 900 2659 900 2660 435 2660 321 2660 900 2661 321 2661 319 2661 894 2662 893 2662 901 2662 901 2663 893 2663 431 2663 901 2664 431 2664 430 2664 434 2665 465 2665 435 2665 435 2666 465 2667 432 2668 435 2669 432 2669 321 2669 439 2670 904 2670 440 2670 440 2671 904 2671 903 2671 440 2672 903 2672 443 2672 903 2673 902 2673 443 2673 443 2674 902 2674 901 2674 443 2675 901 2675 441 2675 441 2676 901 2676 430 2676 441 2677 430 2677 444 2677 444 2678 430 2679 479 2680 444 2681 479 2681 655 2681 442 2682 905 2682 443 2682 443 2683 905 2683 906 2683 443 2684 906 2684 440 2684 440 2685 906 2685 907 2685 440 2686 907 2686 438 2686 438 2687 907 2687 908 2687 438 2688 908 2688 436 2688 436 2689 908 2689 466 2689 436 2690 466 2690 434 2690 323 2691 481 2691 655 2691 655 2692 481 2692 446 2692 655 2693 446 2693 444 2693 487 2694 486 2694 442 2694 442 2695 486 2695 485 2695 442 2696 485 2696 905 2696 905 2697 485 2697 455 2697 905 2698 455 2698 906 2698 906 2699 455 2699 453 2699 906 2700 453 2700 907 2700 907 2701 453 2701 451 2701 907 2702 451 2703 908 2704 908 2705 451 2705 449 2705 908 2706 449 2706 466 2706 466 2707 449 2707 448 2707 466 2708 448 2708 464 2708 441 2709 445 2710 442 2711 442 2712 445 2712 483 2712 442 2713 483 2714 487 2715 198 2716 327 2716 326 2716 326 2717 327 2717 658 2717 326 2718 658 2718 482 2718 482 2719 658 2719 657 2719 482 2720 657 2720 484 2720 484 2721 657 2721 660 2721 484 2722 660 2722 454 2722 454 2723 660 2724 661 2725 454 2726 661 2726 452 2726 452 2727 661 2727 662 2727 452 2728 662 2728 450 2728 450 2729 662 2729 325 2729 450 2730 325 2730 447 2730 458 2731 656 2731 459 2731 459 2732 656 2732 461 2732 459 2733 461 2733 460 2733 204 2734 489 2734 463 2734 463 2735 489 2735 488 2735 463 2736 488 2737 460 2738 460 2739 488 2739 663 2739 460 2740 663 2740 459 2740 459 2741 663 2741 664 2741 459 2742 664 2743 457 2744 457 2745 664 2745 330 2745 457 2746 330 2746 329 2746</p>
        </triangles>
      </mesh>
    </geometry>
  </library_geometries>
  <library_visual_scenes>
    <visual_scene id="Scene" name="Scene">
      <node id="right_rudder" name="right_rudder" type="NODE">
        <matrix sid="transform">0.001980197 0 0 0.004484674 0 0.001980197 0 0 0 0 0.001980197 0.003122766 0 0 0 1</matrix>
        <instance_geometry url="#right_rudder-mesh" name="right_rudder"/>
      </node>
    </visual_scene>
  </library_visual_scenes>
  <scene>
    <instance_visual_scene url="#Scene"/>
  </scene>
</COLLADA>