<?xml version="1.0" encoding="utf-8"?>
<COLLADA xmlns="http://www.collada.org/2005/11/COLLADASchema" version="1.4.1" xmlns:xsi="http://www.w3.org/2001/XMLSchema-instance">
  <asset>
    <contributor>
      <author>Blender User</author>
      <authoring_tool>Blender 4.4.3 commit date:2025-04-29, commit time:14:09, hash:802179c51ccc</authoring_tool>
    </contributor>
    <created>2025-08-27T14:14:15</created>
    <modified>2025-08-27T14:14:15</modified>
    <unit name="meter" meter="1"/>
    <up_axis>Z_UP</up_axis>
  </asset>
  <library_images/>
  <library_geometries>
    <geometry id="left_rudder-mesh" name="left_rudder">
      <mesh>
        <source id="left_rudder-mesh-positions">
          <float_array id="left_rudder-mesh-positions-array" count="2727">-1217.084 709.601 144.9352 -1217.083 709.7396 144.9352 -1217.095 709.8781 144.9352 -1217.098 709.4626 144.9352 -1261.355 709.4886 144.9352 -1260.512 709.3955 144.9352 -1261.355 709.6789 144.9352 -1217.125 709.3245 144.9352 -1217.121 710.0161 144.9352 -1217.166 709.187 144.9352 -1217.16 710.1537 144.9352 -1217.24 709.0056 144.9352 -1217.212 710.2904 144.9352 -1217.338 708.8261 144.9352 -1217.301 710.4684 144.9352 -1217.46 708.6483 144.9352 -1217.412 710.6441 144.9352 -1217.606 708.4737 144.9352 -1217.551 710.8221 144.9352 -1217.872 708.216 144.9352 -1217.714 710.9965 144.9352 -1217.898 711.1642 144.9352 -1218.193 707.9689 144.9352 -1218.106 711.3273 144.9352 -1218.568 707.7342 144.9352 -1218.338 711.4853 144.9352 -1218.593 711.6375 144.9352 -1218.885 707.5676 144.9352 -1218.903 711.7989 144.9352 -1219.232 707.4099 144.9352 -1219.242 711.9517 144.9352 -1219.611 707.2618 144.9352 -1219.621 712.0995 144.9352 -1220.02 707.1244 144.9352 -1220.031 712.2368 144.9352 -1220.46 706.9984 144.9352 -1220.465 712.3608 144.9352 -1220.93 706.8846 144.9352 -1220.929 712.4729 144.9352 -1221.432 706.7839 144.9352 -1221.423 712.5724 144.9352 -1221.963 706.6971 144.9352 -1221.947 712.6583 144.9352 -1222.526 706.6249 144.9352 -1222.5 712.73 144.9352 -1223.118 706.5683 144.9352 -1223.083 712.7866 144.9352 -1223.742 706.528 144.9352 -1223.696 712.8274 144.9352 -1224.396 706.5049 144.9352 -1224.339 712.8516 144.9352 -1225.057 706.4997 144.9352 -1225.011 712.8583 144.9352 -1225.745 706.5119 144.9352 -1225.714 712.8468 144.9352 -1226.462 706.5424 144.9352 -1226.446 712.8163 144.9352 -1227.208 706.5918 144.9352 -1227.208 712.7661 144.9352 -1237.562 707.4169 144.9352 -1237.562 711.9409 144.9352 -1243.768 707.9302 144.9352 -1243.768 711.4277 144.9352 -1253.411 708.7565 144.9352 -1253.411 710.6013 144.9352 -1258.885 709.2422 144.9352 -1258.885 710.1155 144.9352 -1260.512 709.9623 144.9352 -1261.355 709.8692 144.9352 -1216.495 709.7064 -8.185014 -1216.501 709.4698 -8.185014 -1216.505 709.9428 -8.185013 -1302.396 709.6789 -8.231328 -1301.582 709.3987 -8.229844 -1302.396 709.4819 -8.231328 -1216.791 711.1104 -8.184998 -1216.702 710.8802 -8.185005 -1216.818 708.1861 -8.184996 -1216.629 710.6479 -8.185009 -1216.665 708.5894 -8.185007 -1216.572 710.4141 -8.18501 -1216.561 708.9983 -8.18501 -1216.53 710.1788 -8.185012 -1216.523 709.2336 -8.185012 -1217.016 711.5631 -8.184988 -1216.896 711.3382 -8.184992 -1217.019 707.7907 -8.184987 -1217.305 712.0027 -8.184969 -1217.153 711.7848 -8.184978 -1217.268 707.4053 -8.184971 -1221.711 704.7372 -8.184724 -1221.49 714.5615 -8.184739 -1221.269 704.8596 -8.184749 -1221.036 714.4264 -8.184762 -1220.847 704.9941 -8.184772 -1220.605 714.2781 -8.184786 -1220.444 705.1403 -8.184797 -1220.195 714.1174 -8.184809 -1220.06 705.2976 -8.184818 -1219.806 713.9449 -8.18483 -1219.697 705.4654 -8.184839 -1219.439 713.7613 -8.184851 -1219.352 705.6431 -8.184858 -1219.094 713.5671 -8.18487 -1219.028 705.8303 -8.184874 -1218.77 713.363 -8.184888 -1218.723 706.0262 -8.18489 -1218.467 713.1497 -8.184906 -1218.437 706.2306 -8.184906 -1218.185 712.9266 -8.184923 -1218.171 706.4427 -8.184923 -1217.925 712.6955 -8.184935 -1217.913 706.6732 -8.184935 -1217.688 712.4594 -8.184948 -1217.676 706.9111 -8.184948 -1217.473 712.2167 -8.18496 -1217.462 707.1552 -8.184963 -1227.208 704.3033 -8.184419 -1226.539 715.085 -8.184456 -1226.57 704.2738 -8.184454 -1225.892 715.0961 -8.184494 -1225.952 704.2619 -8.184491 -1225.266 715.0884 -8.184529 -1225.354 704.2672 -8.184522 -1224.662 715.0626 -8.18456 -1224.775 704.2891 -8.184556 -1224.079 715.0192 -8.184595 -1224.215 704.3268 -8.184585 -1223.518 714.9589 -8.184624 -1223.675 704.3802 -8.184617 -1222.979 714.8823 -8.184656 -1223.155 704.4484 -8.184644 -1222.461 714.7902 -8.184683 -1222.654 704.5311 -8.184674 -1221.965 714.6831 -8.18471 -1222.173 704.6274 -8.1847 -1227.208 715.0544 -8.184419 -1239.781 705.0701 -8.184762 -1239.779 714.2878 -8.184762 -1245.727 705.4451 -8.185749 -1245.725 713.9128 -8.185748 -1255.241 706.0623 -8.188625 -1255.239 713.2957 -8.188621 -1267.082 706.8598 -8.194509 -1267.081 712.4981 -8.194508 -1276.242 707.4998 -8.201148 -1276.242 711.858 -8.201148 -1285.979 708.2039 -8.210433 -1285.977 711.1541 -8.210433 -1296.305 708.9781 -8.223122 -1296.305 710.3797 -8.223122 -1299.134 709.1955 -8.227221 -1299.134 710.1623 -8.227221 -1300.766 709.3245 -8.229038 -1300.766 710.0333 -8.229038 -1301.582 709.9591 -8.229844 -1302.396 709.8759 -8.23134 -1227.208 705.2574 68.38813 -1227.208 705.6619 93.88401 -1232.969 706.0405 91.60496 -1227.208 704.7957 35.29689 -1227.208 705.0175 51.84638 -1227.641 704.9827 47.2519 -1249.182 705.9335 11.87603 -1259.642 706.6503 11.87603 -1268.892 707.3076 11.87604 -1278.997 708.0515 11.87604 -1289.047 708.8194 11.87604 -1292.687 709.1047 11.87604 -1294.833 709.2749 11.87604 -1283.414 709.1089 47.25188 -1279.948 708.8257 47.25188 -1280.141 709.2275 64.93955 -1285.458 709.278 47.25188 -1281.781 709.3749 64.93955 -1286.495 709.3729 47.25188 -1274.568 709.4869 95.62292 -1295.921 709.3705 11.87604 -1291.208 709.3714 29.56406 -1274.675 709.3789 91.60493 -1267.569 709.3842 118.2702 -1266.057 709.2429 118.2702 -1273.099 709.2341 91.60493 -1259.366 708.6606 118.2702 -1266.125 708.6401 91.60493 -1253.081 708.1292 118.2702 -1259.574 708.098 91.60493 -1244.429 707.4207 118.2703 -1250.557 707.3753 91.60493 -1233.724 706.5796 118.2703 -1242.302 706.7368 91.60494 -1227.553 706.1122 118.2703 -1227.208 706.1071 119.398 -1272.885 708.6247 64.93955 -1266.069 708.0746 64.93956 -1256.687 707.3412 64.93956 -1248.099 706.6932 64.93957 -1238.388 705.9867 64.93959 -1228.05 705.2634 64.93959 -1231.38 705.2325 47.2519 -1290.145 709.2761 29.56406 -1288.051 709.1062 29.56406 -1284.497 708.8216 29.56406 -1274.687 708.0557 29.56406 -1264.823 707.3137 29.56406 -1255.793 706.658 29.56406 -1245.582 705.9432 29.56406 -1234.713 705.2113 29.56406 -1238.048 705.1998 11.87603 -1230.88 704.9603 29.56406 -1234.121 704.9481 11.87602 -1227.208 704.5926 18.73536 -1241.984 705.9609 47.2519 -1251.945 706.6724 47.25189 -1260.755 707.3249 47.25189 -1270.378 708.0634 47.25188 -1264.272 709.8696 134.0481 -1232.969 713.3173 91.60496 -1227.208 713.6959 93.88401 -1227.208 714.1004 68.38813 -1227.641 714.3751 47.2519 -1227.208 714.3403 51.84638 -1227.208 714.5621 35.29689 -1249.182 713.4243 11.87603 -1259.642 712.7075 11.87603 -1268.892 712.0502 11.87604 -1278.997 711.3063 11.87604 -1289.047 710.5384 11.87604 -1292.687 710.2531 11.87604 -1294.833 710.0829 11.87604 -1280.141 710.1302 64.93955 -1279.948 710.5321 47.25188 -1283.414 710.2489 47.25188 -1285.458 710.0799 47.25188 -1281.781 709.9829 64.93955 -1286.495 709.9849 47.25188 -1267.569 709.9737 118.2702 -1274.675 709.9789 91.60493 -1291.208 709.9864 29.56406 -1295.921 709.9873 11.87604 -1253.081 711.2286 118.2702 -1266.125 710.7177 91.60493 -1259.366 710.6972 118.2702 -1273.099 710.1237 91.60493 -1266.057 710.1149 118.2702 -1259.574 711.2598 91.60493 -1244.429 711.9371 118.2703 -1250.557 711.9825 91.60493 -1233.724 712.7782 118.2703 -1242.302 712.621 91.60494 -1227.553 713.2455 118.2703 -1227.208 713.2507 119.398 -1231.38 714.1252 47.2519 -1228.05 714.0944 64.93959 -1238.388 713.3711 64.93959 -1248.099 712.6646 64.93957 -1256.687 712.0166 64.93956 -1266.069 711.2833 64.93956 -1272.885 710.7331 64.93955 -1264.823 712.0441 29.56406 -1274.687 711.3022 29.56406 -1284.497 710.5362 29.56406 -1288.051 710.2516 29.56406 -1290.145 710.0818 29.56406 -1255.793 712.6998 29.56406 -1245.582 713.4147 29.56406 -1234.713 714.1465 29.56406 -1238.048 714.1581 11.87603 -1230.88 714.3975 29.56406 -1234.121 714.4097 11.87602 -1227.208 714.7653 18.73536 -1270.378 711.2944 47.25188 -1260.755 712.0329 47.25189 -1251.945 712.6854 47.25189 -1241.984 713.3969 47.2519 -1224.334 713.0375 135.3569 -1224.946 713.2235 125.7805 -1223.625 713.1201 129.6107 -1222.37 712.8676 137.3504 -1222.996 713.0784 129.6107 -1222.883 714.7988 1.47092 -1222.06 714.6134 7.148012 -1220.656 714.2553 7.147942 -1220.132 714.0895 -0.3448256 -1219.885 712.3865 136.4211 -1220.343 712.6061 132.1644 -1219.352 712.2305 135.3569 -1219.479 713.8069 4.592827 -1218.945 713.5369 4.592801 -1218.371 711.8235 133.9886 -1218.818 712.0446 133.9886 -1218.422 713.2216 4.592774 -1217.976 711.5876 133.9886 -1217.953 712.884 4.59275 -1217.54 712.5266 4.592729 -1217.523 711.0386 139.4617 -1217.635 711.3389 133.9886 -1217.182 712.1519 4.59271 -1216.879 711.7624 4.592695 -1216.949 709.2146 139.4678 -1216.903 709.3998 139.4753 -1217.11 708.8488 139.4747 -1217.018 709.0308 139.4675 -1217.194 708.7139 139.4852 -1216.439 708.4091 4.592673 -1217.523 708.3192 139.4617 -1217.292 708.5806 139.5003 -1217.635 708.0189 133.9886 -1216.879 707.5954 4.592695 -1217.976 707.7701 133.9886 -1218.371 707.5343 133.9886 -1217.54 706.8312 4.592729 -1218.818 707.3132 133.9886 -1217.953 706.4738 4.59275 -1219.352 707.1273 135.3569 -1218.422 706.1362 4.592774 -1218.945 705.8209 4.592801 -1220.343 706.7516 132.1644 -1219.885 706.9713 136.4211 -1220.947 706.6131 132.1644 -1220.132 705.2682 -0.3448354 -1221.595 706.4948 132.1645 -1222.37 706.4902 137.3504 -1222.883 704.559 1.470889 -1224.946 706.1343 125.7805 -1224.334 706.3203 135.3569 -1224.149 704.5048 10.98025 -1224.868 704.4677 10.98028 -1226.021 706.0396 119.398 -1225.485 706.1404 125.7805 -1226.606 706.0674 119.398 -1226.021 713.3182 119.398 -1225.485 713.2175 125.7805 -1225.41 713.5607 106.6378 -1225.966 713.762 93.88399 -1225.363 713.8795 87.50899 -1225.943 714.1625 68.38809 -1225.951 714.5188 42.88897 -1225.348 714.442 49.26534 -1225.375 714.6851 30.1312 -1225.986 714.8301 17.36587 -1225.425 714.9023 10.98031 -1224.252 713.2154 125.7805 -1223.485 713.3915 114.2931 -1224.124 713.5524 106.6378 -1223.384 713.6465 98.98479 -1224.044 713.864 87.50896 -1223.319 713.8851 83.68441 -1224.009 714.15 68.38804 -1223.289 714.1072 68.38803 -1223.287 714.2355 58.98963 -1224.016 714.4102 49.26529 -1223.297 714.3575 49.58956 -1223.321 714.4771 39.8623 -1222.629 714.3689 42.88884 -1223.357 714.5901 30.13112 -1222.681 714.5141 30.13109 -1222.735 714.6149 20.62976 -1222.254 713.0012 129.7666 -1221.791 714.1313 53.0904 -1221.84 714.3081 37.78657 -1221.93 714.4687 22.47277 -1222.802 714.7094 11.12418 -1222.058 713.262 114.2931 -1222.149 713.1337 122.0287 -1221.398 713.0734 119.398 -1221.244 713.2729 106.6378 -1221.917 713.5039 98.98477 -1221.13 713.4612 93.88391 -1221.827 713.7294 83.68438 -1221.057 713.6384 81.13481 -1221.786 713.9385 68.38798 -1221.021 713.8044 68.38795 -1221.082 714.1579 37.78654 -1220.327 713.8745 47.98999 -1220.375 713.9797 37.78651 -1220.426 714.0542 30.131 -1221.334 714.4489 7.147975 -1220.49 714.1251 22.47271 -1219.843 713.9122 22.47268 -1219.925 713.9739 14.9845 -1220.02 714.0322 7.493851 -1219.692 712.5099 127.9083 -1220.103 712.7974 119.3979 -1219.525 712.6288 119.3979 -1219.416 712.7152 113.017 -1219.028 713.3804 55.64022 -1219.076 713.5012 42.88871 -1219.675 713.7016 45.43947 -1219.743 713.811 33.95906 -1219.168 713.6125 30.13094 -1219.303 713.7144 17.36556 -1219.321 712.7991 106.6377 -1218.776 712.6006 106.6377 -1218.69 712.6761 100.2906 -1219.171 712.9593 93.88388 -1218.617 712.7492 93.94497 -1218.557 712.8207 87.5394 -1218.552 712.1782 123.0449 -1219.126 712.3591 125.7805 -1218.935 712.4825 116.2073 -1218.334 712.3055 112.1056 -1218.461 713.0203 68.3879 -1217.95 712.6489 79.31369 -1217.907 712.7505 68.38787 -1217.901 712.807 62.01432 -1216.218 709.2523 4.592661 -1217.182 707.2059 4.59271 -1219.126 706.9987 125.7805 -1218.552 707.1796 123.0449 -1218.935 706.8753 116.2073 -1218.334 707.0523 112.1056 -1217.901 706.5508 62.01432 -1218.463 706.2162 55.6402 -1217.909 706.4965 55.64018 -1219.692 706.8479 127.9083 -1220.103 706.5604 119.3979 -1219.416 706.6426 113.017 -1219.914 706.3795 106.6377 -1219.321 706.5587 106.6377 -1219.028 705.9774 55.64022 -1219.675 705.6562 45.43947 -1219.076 705.8566 42.88871 -1219.743 705.5469 33.95906 -1219.168 705.7452 30.13094 -1219.843 705.4456 22.47268 -1219.303 705.6434 17.36556 -1219.925 705.3839 14.98449 -1219.479 705.5508 4.592827 -1220.426 705.3036 30.131 -1221.186 705.0467 22.47274 -1220.49 705.2328 22.47271 -1222.254 706.3566 129.7666 -1221.398 706.2844 119.398 -1222.058 706.0958 114.2931 -1221.244 706.0849 106.6378 -1221.917 705.8539 98.98477 -1221.13 705.8965 93.88391 -1221.827 705.6284 83.68438 -1221.057 705.7194 81.13481 -1221.786 705.4193 68.38798 -1221.791 705.2264 53.0904 -1222.629 704.989 42.88884 -1221.84 705.0497 37.78657 -1222.681 704.8437 30.13109 -1221.93 704.8891 22.47277 -1222.735 704.7429 20.62973 -1223.485 705.9664 114.2931 -1223.625 706.2377 129.6107 -1224.252 706.1424 125.7805 -1224.124 705.8054 106.6378 -1223.384 705.7112 98.98479 -1224.044 705.4938 87.50896 -1223.319 705.4727 83.68441 -1224.009 705.2078 68.38804 -1223.289 705.2505 68.38803 -1225.41 705.7971 106.6378 -1225.966 705.5958 93.88399 -1225.363 705.4783 87.50899 -1225.943 705.1953 68.38809 -1225.375 704.6727 30.1312 -1225.348 704.9158 49.26534 -1225.951 704.8391 42.88897 -1225.986 704.5277 17.36587 -1222.996 706.2794 129.6107 -1222.832 706.0133 114.2931 -1222.149 706.2241 122.0287 -1223.461 714.7928 10.98022 -1224.149 714.853 10.98025 -1224.064 714.6445 30.13115 -1219.171 706.3985 93.88388 -1219.073 706.2483 81.13478 -1218.512 706.468 81.13475 -1218.557 706.5371 87.5394 -1218.617 706.6086 93.94496 -1218.69 706.6817 100.2906 -1218.776 706.7571 106.6377 -1220.656 705.1025 7.147942 -1220.02 705.3256 7.493831 -1221.334 704.9089 7.147975 -1223.461 704.5649 10.98022 -1222.802 704.6484 11.12411 -1223.357 704.7677 30.13112 -1224.064 704.7133 30.13115 -1224.016 704.9476 49.26529 -1223.321 704.8807 39.86232 -1223.297 705.0004 49.58959 -1223.287 705.1223 58.98964 -1226.588 704.5448 17.3659 -1226.571 704.8599 42.88899 -1226.588 714.8131 17.3659 -1226.571 714.4979 42.88899 -1226.606 713.2903 119.398 -1224.868 714.8901 10.98028 -1220.947 712.7448 132.1644 -1221.595 712.863 132.1645 -1221.186 714.3111 22.47274 -1221.026 713.989 53.09038 -1221.017 713.8987 60.73965 -1217.684 711.6948 123.0449 -1217.332 711.4318 123.0449 -1217.444 711.7968 112.1056 -1217.083 711.5203 112.1056 -1217.255 711.8935 101.1711 -1216.886 711.6041 101.171 -1217.114 711.9851 90.24083 -1216.74 711.6834 90.24082 -1217.021 712.0713 79.31367 -1216.644 711.7582 79.31366 -1216.974 712.1524 68.38784 -1216.595 711.8284 68.38784 -1216.969 712.212 59.88966 -1216.591 711.8863 58.82731 -1216.99 712.2685 51.39021 -1216.621 711.9407 49.26503 -1217.036 712.322 42.88864 -1216.684 711.9919 39.69984 -1217.087 712.3602 36.51065 -1216.949 710.1432 139.4678 -1217.018 710.327 139.4675 -1217.11 710.509 139.4747 -1217.194 710.6439 139.4852 -1217.292 710.7772 139.5003 -1216.218 710.1055 4.592661 -1216.267 710.3887 4.592664 -1216.341 710.67 4.592668 -1216.439 710.9488 4.592673 -1216.528 711.1557 4.592678 -1216.631 711.3605 4.592683 -1216.903 709.958 139.4753 -1216.884 709.8185 139.4854 -1216.878 709.6789 139.4992 -1216.884 709.5392 139.4854 -1216.191 709.6789 4.59266 -1216.198 709.8923 4.59266 -1216.198 709.4655 4.59266 -1215.969 709.2614 17.3654 -1215.948 709.47 17.3654 -1215.866 709.2662 23.74908 -1215.844 709.4724 23.74908 -1215.777 709.2714 30.1308 -1215.755 709.475 30.1308 -1215.672 709.2795 39.6998 -1215.651 709.4791 39.6998 -1215.603 709.2883 49.265 -1215.581 709.4835 49.265 -1215.57 709.2975 58.82728 -1215.548 709.4881 58.82727 -1215.575 709.3074 68.3878 -1215.553 709.4931 68.3878 -1215.628 709.3195 79.31364 -1215.606 709.499 79.31364 -1215.734 709.3323 90.24081 -1215.712 709.5054 90.24081 -1215.893 709.3459 101.171 -1215.872 709.5123 101.171 -1216.109 709.3603 112.1055 -1216.088 709.5195 112.1055 -1216.382 709.3755 123.0449 -1216.361 709.5271 123.0449 -1216.541 709.3834 128.5299 -1216.521 709.5311 128.54 -1216.715 709.3915 134.0159 -1216.696 709.5351 134.0361 -1216.341 708.6878 4.592668 -1216.267 708.9692 4.592664 -1216.094 708.7089 17.36541 -1216.019 708.9842 17.36541 -1215.992 708.7202 23.74909 -1215.916 708.9923 23.74908 -1215.904 708.7322 30.13081 -1215.828 709.0009 30.1308 -1215.801 708.7512 39.69981 -1215.724 709.0145 39.69981 -1215.732 708.7715 49.265 -1215.655 709.0291 49.265 -1215.7 708.7931 58.82728 -1215.622 709.0445 58.82728 -1215.705 708.8161 68.38781 -1215.627 709.0609 68.3878 -1215.757 708.8441 79.31364 -1215.68 709.0809 79.31364 -1215.861 708.8738 90.24081 -1215.785 709.1023 90.24081 -1216.019 708.9055 101.171 -1215.944 709.1249 101.171 -1216.232 708.939 112.1055 -1216.158 709.1489 112.1055 -1216.502 708.9743 123.0449 -1216.43 709.1742 123.0449 -1216.659 708.9927 128.522 -1216.588 709.1873 128.5224 -1216.831 709.0115 134.0001 -1216.761 709.2008 134.0008 -1216.631 707.9973 4.592683 -1216.528 708.2021 4.592678 -1216.391 708.0331 17.36543 -1216.286 708.2335 17.36542 -1216.292 708.0526 23.7491 -1216.185 708.2505 23.7491 -1216.207 708.0729 30.13082 -1216.099 708.2684 30.13082 -1216.106 708.1052 39.69982 -1215.998 708.2968 39.69981 -1216.039 708.1398 49.26501 -1215.93 708.327 49.26501 -1216.008 708.1766 58.82729 -1215.898 708.3594 58.82729 -1216.012 708.2157 68.38782 -1215.903 708.3937 68.38781 -1216.063 708.2633 79.31364 -1215.955 708.4354 79.31364 -1216.165 708.3139 90.24081 -1216.057 708.4799 90.24081 -1216.319 708.3677 101.171 -1216.212 708.527 101.171 -1216.526 708.4246 112.1055 -1216.422 708.577 112.1055 -1216.789 708.4846 123.0449 -1216.687 708.6296 123.0449 -1216.943 708.5161 128.5548 -1216.842 708.6572 128.5397 -1217.111 708.5482 134.0658 -1217.011 708.6853 134.0356 -1216.955 707.2592 17.36545 -1216.645 707.64 17.36544 -1216.861 707.2878 23.74913 -1216.548 707.6641 23.74911 -1216.78 707.3181 30.13084 -1216.464 707.6894 30.13083 -1216.684 707.3659 39.69984 -1216.366 707.7296 39.69983 -1216.621 707.4171 49.26503 -1216.301 707.7726 49.26502 -1216.591 707.4716 58.82731 -1216.27 707.8183 58.8273 -1216.595 707.5294 68.38784 -1216.275 707.8669 68.38784 -1216.644 707.5996 79.31366 -1216.325 707.9259 79.31365 -1216.74 707.6744 90.24082 -1216.424 707.9888 90.24082 -1216.886 707.7537 101.171 -1216.574 708.0555 101.171 -1217.083 707.8375 112.1056 -1216.776 708.126 112.1056 -1217.332 707.926 123.0449 -1217.033 708.2004 123.0449 -1217.345 708.2787 133.9886 -1219.525 706.7289 119.3979 -1218.758 705.9065 17.36553 -1218.613 706.0009 30.13092 -1218.514 706.1041 42.88869 -1219.026 706.1079 68.3879 -1218.461 706.3375 68.3879 -1222.06 704.7444 7.148012 -1225.425 704.4554 10.98031 -1224.803 704.6813 30.13118 -1224.766 704.9209 49.26531 -1225.343 705.1844 68.38808 -1224.76 705.1862 68.38806 -1224.787 705.4771 87.50898 -1224.849 705.7932 106.6378 -1226.567 705.2195 68.38811 -1226.578 705.6224 93.88401 -1226.578 713.7354 93.88401 -1226.567 714.1383 68.38811 -1225.343 714.1734 68.38808 -1224.849 713.5646 106.6378 -1224.787 713.8807 87.50898 -1224.76 714.1716 68.38806 -1224.766 714.4369 49.26531 -1224.803 714.6765 30.13118 -1222.602 714.2123 55.64033 -1222.601 714.0443 68.388 -1222.636 713.8275 83.68439 -1222.712 713.5942 98.98479 -1222.832 713.3445 114.2931 -1220.727 712.9462 119.3979 -1220.555 713.1368 106.6378 -1220.428 713.3167 93.88389 -1220.346 713.4856 81.13481 -1220.306 713.6437 68.38793 -1220.304 713.7625 58.19001 -1219.914 712.9783 106.6377 -1219.775 713.1487 93.88388 -1219.685 713.3087 81.13478 -1219.641 713.4583 68.38792 -1219.64 713.5841 56.91513 -1219.073 713.1096 81.13478 -1219.026 713.2499 68.3879 -1218.512 712.8898 81.13475 -1218.463 713.1415 55.6402 -1218.514 713.2537 42.88869 -1218.613 713.3569 30.13092 -1218.758 713.4513 17.36553 -1218.162 712.4264 101.1711 -1218.034 712.5408 90.24085 -1217.909 712.8613 55.64018 -1217.964 712.9637 42.88867 -1218.069 713.0577 30.1309 -1218.222 713.1437 17.36551 -1218.091 711.9442 123.0449 -1217.861 712.0591 112.1056 -1217.68 712.1682 101.1711 -1217.545 712.2715 90.24084 -1217.457 712.3689 79.31369 -1217.412 712.4605 68.38787 -1217.406 712.5111 62.0434 -1217.413 712.5598 55.69836 -1217.435 712.6071 49.29416 -1217.471 712.6523 42.88865 -1217.582 712.7369 30.13088 -1217.744 712.8141 17.36549 -1217.152 712.3968 30.13086 -1217.321 712.4649 17.36547 -1216.78 712.0398 30.13084 -1216.861 712.0699 23.74913 -1216.955 712.0987 17.36545 -1217.345 711.0791 133.9886 -1217.033 711.1573 123.0449 -1216.776 711.2318 112.1056 -1216.574 711.3023 101.171 -1216.424 711.369 90.24082 -1216.325 711.4319 79.31365 -1216.275 711.4909 68.38784 -1216.27 711.5395 58.8273 -1216.301 711.5852 49.26502 -1216.366 711.6282 39.69983 -1216.464 711.6684 30.13083 -1216.548 711.6937 23.74911 -1216.645 711.7178 17.36544 -1216.69 709.6789 134.0635 -1216.696 709.8227 134.0361 -1216.715 709.9662 134.0159 -1216.761 710.1571 134.0008 -1216.831 710.3463 134.0001 -1216.925 710.5336 134.0145 -1217.011 710.6725 134.0356 -1217.111 710.8096 134.0658 -1216.943 710.8419 128.5548 -1216.789 710.8732 123.0449 -1216.526 710.9332 112.1055 -1216.319 710.9901 101.171 -1216.165 711.0439 90.24081 -1216.063 711.0945 79.31364 -1216.012 711.1421 68.38782 -1216.008 711.1812 58.82729 -1216.039 711.218 49.26501 -1216.106 711.2526 39.69982 -1216.207 711.2849 30.13082 -1216.292 711.3053 23.7491 -1216.391 711.3246 17.36543 -1216.515 709.6789 128.5537 -1216.521 709.8267 128.54 -1216.541 709.9744 128.5299 -1216.588 710.1705 128.5224 -1216.659 710.3651 128.522 -1216.755 710.5578 128.5292 -1216.842 710.7007 128.5397 -1216.687 710.7281 123.0449 -1216.599 710.5814 123.0449 -1216.502 710.3835 123.0449 -1216.43 710.1836 123.0449 -1216.382 709.9823 123.0449 -1216.361 709.8307 123.0449 -1216.355 709.6789 123.0449 -1216.422 710.7808 112.1055 -1216.212 710.8307 101.171 -1216.057 710.8779 90.24081 -1215.955 710.9224 79.31364 -1215.903 710.9641 68.38781 -1215.898 710.9985 58.82729 -1215.93 711.0308 49.26501 -1215.998 711.0611 39.69981 -1216.099 711.0894 30.13082 -1216.185 711.1073 23.7491 -1216.286 711.1243 17.36542 -1216.331 710.6266 112.1055 -1216.12 710.6696 101.171 -1215.964 710.7101 90.24081 -1215.86 710.7484 79.31364 -1215.808 710.7842 68.38781 -1215.803 710.8137 58.82728 -1215.836 710.8414 49.265 -1215.904 710.8675 39.69981 -1216.006 710.8918 30.13081 -1216.093 710.9072 23.74909 -1216.194 710.9218 17.36542 -1216.232 710.4188 112.1055 -1216.019 710.4523 101.171 -1215.861 710.4839 90.24081 -1215.757 710.5137 79.31364 -1215.705 710.5417 68.38781 -1215.7 710.5647 58.82728 -1215.732 710.5864 49.265 -1215.801 710.6066 39.69981 -1215.904 710.6256 30.13081 -1215.992 710.6376 23.74909 -1216.094 710.6489 17.36541 -1216.158 710.2089 112.1055 -1215.944 710.2329 101.171 -1215.785 710.2556 90.24081 -1215.68 710.2769 79.31364 -1215.627 710.2969 68.3878 -1215.622 710.3133 58.82728 -1215.655 710.3288 49.265 -1215.724 710.3433 39.69981 -1215.828 710.3569 30.1308 -1215.916 710.3655 23.74908 -1216.019 710.3736 17.36541 -1216.109 709.9975 112.1055 -1215.893 710.0119 101.171 -1215.734 710.0255 90.24081 -1215.628 710.0383 79.31364 -1215.575 710.0504 68.3878 -1215.57 710.0602 58.82728 -1215.603 710.0695 49.265 -1215.672 710.0782 39.6998 -1215.777 710.0864 30.1308 -1215.866 710.0916 23.74908 -1215.969 710.0964 17.3654 -1216.088 709.8383 112.1055 -1215.872 709.8455 101.171 -1215.712 709.8524 90.24081 -1215.606 709.8588 79.31364 -1215.553 709.8647 68.3878 -1215.548 709.8697 58.82727 -1215.581 709.8744 49.265 -1215.651 709.8787 39.6998 -1215.755 709.8828 30.1308 -1215.844 709.8854 23.74908 -1215.948 709.8878 17.3654 -1216.081 709.6789 112.1055 -1215.865 709.6789 101.171 -1215.705 709.6789 90.24081 -1215.599 709.6789 79.31364 -1215.546 709.6789 68.3878 -1215.541 709.6789 58.82727 -1215.574 709.6789 49.265 -1215.643 709.6789 39.6998 -1215.748 709.6789 30.1308 -1215.837 709.6789 23.74908 -1215.941 709.6789 17.3654 -1216.925 708.8242 134.0145 -1216.755 708.8 128.5292 -1216.599 708.7764 123.0449 -1216.331 708.7311 112.1055 -1216.12 708.6882 101.171 -1215.964 708.6476 90.24081 -1215.86 708.6094 79.31364 -1215.808 708.5736 68.38781 -1215.803 708.5441 58.82728 -1215.836 708.5164 49.265 -1215.904 708.4903 39.69981 -1216.006 708.4659 30.13081 -1216.093 708.4506 23.74909 -1216.194 708.436 17.36542 -1217.684 707.663 123.0449 -1217.444 707.5611 112.1056 -1217.255 707.4644 101.1711 -1217.114 707.3728 90.24083 -1217.021 707.2866 79.31367 -1216.974 707.2054 68.38784 -1216.969 707.1458 59.88966 -1216.99 707.0893 51.39021 -1217.036 707.0358 42.88864 -1217.087 706.9976 36.51065 -1217.152 706.9611 30.13086 -1217.321 706.8929 17.36547 -1218.091 707.4136 123.0449 -1217.861 707.2986 112.1056 -1217.68 707.1896 101.1711 -1217.545 707.0863 90.24084 -1217.457 706.9889 79.31369 -1217.412 706.8973 68.38787 -1217.406 706.8467 62.0434 -1217.413 706.798 55.69836 -1217.435 706.7508 49.29416 -1217.471 706.7055 42.88865 -1217.964 706.3942 42.88867 -1217.582 706.6209 30.13088 -1217.744 706.5437 17.36549 -1218.162 706.9315 101.1711 -1218.034 706.817 90.24085 -1217.95 706.7089 79.31369 -1217.907 706.6072 68.38787 -1218.069 706.3 30.1309 -1218.222 706.2141 17.36551 -1219.775 706.2091 93.88388 -1219.685 706.0491 81.13478 -1219.641 705.8995 68.38792 -1219.64 705.7737 56.91513 -1220.727 706.4117 119.3979 -1220.555 706.221 106.6378 -1220.428 706.0411 93.88389 -1220.346 705.8722 81.13481 -1220.306 705.7141 68.38793 -1220.304 705.5953 58.19001 -1220.327 705.4833 47.98999 -1220.375 705.3781 37.78651 -1221.021 705.5534 68.38795 -1221.017 705.4591 60.73965 -1221.026 705.3688 53.09038 -1221.082 705.2 37.78654 -1222.712 705.7635 98.98479 -1222.636 705.5303 83.68439 -1222.601 705.3135 68.388 -1222.602 705.1455 55.64033</float_array>
          <technique_common>
            <accessor source="#left_rudder-mesh-positions-array" count="909" stride="3">
              <param name="X" type="float"/>
              <param name="Y" type="float"/>
              <param name="Z" type="float"/>
            </accessor>
          </technique_common>
        </source>
        <source id="left_rudder-mesh-normals">
          <float_array id="left_rudder-mesh-normals-array" count="8355">0 0 1 2.05973e-4 0 1 6.22065e-5 0 1 6.21901e-5 0 1 6.22151e-5 0 1 -1.61655e-4 0 1 -2.49738e-5 0 1 3.31565e-5 0 1 -1.13528e-5 0 1 3.96548e-5 0 1 2.12718e-5 0 1 -5.88714e-5 0 1 -2.94633e-5 0 1 7.6942e-5 0 1 -6.11959e-5 0 1 1.73615e-5 0 1 -2.08201e-6 0 1 -1.4573e-5 0 1 -1.63922e-5 0 1 4.84261e-5 0 1 1.47114e-6 0 1 -1.60027e-5 0 1 6.71479e-6 0 1 5.08204e-6 0 1 2.62914e-6 0 1 1.11075e-5 0 1 -1.00443e-5 0 1 2.91049e-5 0 1 3.6824e-6 0 1 -5.03279e-6 0 1 1.59926e-5 0 1 -8.71659e-6 0 1 1.9095e-6 0 1 -3.25752e-7 0 1 -2.10902e-6 0 1 -3.02181e-6 0 1 1.07388e-5 0 1 -4.13688e-6 0 1 -1.18821e-5 0 1 -1.27033e-4 1.55069e-6 -1 0.001822292 4.45918e-6 -0.9999983 -5.72639e-5 0 -1 -5.54362e-5 -8.07889e-7 -1 -7.6146e-5 2.78855e-7 -1 -4.92872e-5 -3.18412e-7 -1 -3.77079e-5 -2.76181e-7 -1 -6.28899e-5 -3.68496e-7 -1 -5.08375e-5 -3.59934e-7 -1 -9.7487e-5 -3.06762e-7 -1 4.21372e-5 1.19334e-6 -1 -5.04881e-5 -2.21871e-7 -1 -5.47223e-5 2.57905e-7 -1 -4.62896e-5 -2.17144e-7 -1 -6.62808e-5 0 -1 -5.71911e-5 2.94892e-7 -1 -5.69198e-5 -2.06461e-7 -1 -6.01093e-5 -1.95525e-7 -1 -5.16669e-5 0 -1 -5.33285e-5 0 -1 -5.29819e-5 0 -1 -6.58821e-5 0 -1 -5.56159e-5 1.6519e-7 -1 -4.92302e-5 1.35488e-7 -1 -5.54788e-5 1.47573e-7 -1 -5.42206e-5 2.65952e-7 -1 -6.41646e-5 2.79563e-7 -1 -5.96038e-5 2.27536e-7 -1 -5.37027e-5 2.30185e-7 -1 -4.54327e-5 0 -1 -6.06087e-5 0 -1 -5.09225e-5 0 -1 -6.33507e-5 -1.2289e-7 -1 -5.38088e-5 -2.43971e-7 -1 -5.39537e-5 -2.50992e-7 -1 -6.62417e-5 -1.31535e-7 -1 -5.10102e-5 0 -1 -4.4125e-5 0 -1 -5.70891e-5 0 -1 -5.20909e-5 -1.21523e-7 -1 -5.74787e-5 0 -1 -7.02684e-5 4.23309e-7 -1 -4.2745e-5 4.41599e-7 -1 -5.08061e-5 0 -1 -5.52929e-5 0 -1 -6.08232e-5 0 -1 -5.69749e-5 0 -1 -5.62159e-5 0 -1 -4.95194e-5 -1.90557e-7 -1 -5.25011e-5 -1.94862e-7 -1 -6.118e-5 2.67364e-7 -1 -5.79552e-5 2.60761e-7 -1 -5.35675e-5 -2.41009e-7 -1 -5.37105e-5 -2.20776e-7 -1 -5.61727e-5 2.59914e-7 -1 -6.08089e-5 2.34683e-7 -1 -5.07329e-5 -2.31205e-7 -1 -5.44105e-5 -1.93813e-7 -1 -5.95635e-5 1.79592e-7 -1 -5.27336e-5 0 -1 -5.38592e-5 1.99559e-7 -1 -6.11096e-5 2.94751e-7 -1 -4.73142e-5 -2.96209e-7 -1 -5.30416e-5 0 -1 2.70915e-5 0 -1 2.73904e-5 0 -1 1.66385e-4 0 -1 1.65473e-4 0 -1 3.02402e-4 0 -1 3.01998e-4 4.35424e-7 -1 4.96955e-4 3.78564e-7 -1 4.97199e-4 0 -0.9999999 7.24809e-4 0 -0.9999998 7.24784e-4 0 -0.9999998 9.5355e-4 0 -0.9999997 9.5399e-4 -6.64154e-7 -0.9999996 0.001228809 -8.76514e-7 -0.9999994 0.001228332 0 -0.9999994 0.001448631 0 -0.999999 0.001449227 0 -0.9999991 0.001112401 0 -0.9999994 0.001114606 0 -0.9999994 9.87692e-4 0 -0.9999996 9.88554e-4 0 -0.9999996 0.001823425 0 -0.9999983 0.001841604 -6.27305e-5 -0.9999983 -0.07179552 -0.9972938 0.01582318 -0.06172174 -0.9980038 0.01337581 -0.06473469 -0.997816 0.01314043 -0.06835925 -0.9975591 0.01424509 -0.06720417 -0.997634 0.01449042 -0.07086783 -0.9973596 0.01585888 -0.06969624 -0.9974405 0.01596772 -0.07340735 -0.9971516 0.01732248 -0.07213115 -0.9972414 0.01750862 -0.07617729 -0.9969149 0.01891469 -0.07477813 -0.9970168 0.01913005 -0.07811409 -0.9967369 0.02034181 -0.07663965 -0.9968569 0.02007138 -0.07905197 -0.9966522 0.02086132 -0.08142435 -0.9964422 0.02175182 -0.08243614 -0.9963554 0.02191901 -0.0895031 -0.9956961 0.02405422 -0.09104895 -0.9955473 0.02440637 -0.1013418 -0.9944784 0.0272482 -0.1013418 -0.9944784 0.0272482 -0.1013418 -0.9944784 0.0272482 -0.1044055 -0.9941436 0.02789819 -0.1156234 -0.9928097 0.03098964 -0.1135609 -0.9930683 0.03032094 -0.1120237 -0.9932536 0.02996921 -0.1120237 -0.9932536 0.02996921 -0.1120237 -0.9932536 0.02996921 -0.1106504 -0.9934177 0.02962887 -0.1104957 -0.9934335 0.02967613 -0.1104573 -0.9934391 0.02962899 -0.09299212 -0.9953537 0.02497059 -0.09150725 -0.9955028 0.02450925 -0.08667415 -0.9959661 0.02322334 -0.08484196 -0.9961456 0.02226823 -0.08422368 -0.9962018 0.02210479 -0.08244526 -0.9963693 0.02124506 -0.08160287 -0.996443 0.02102982 -0.07987689 -0.9966031 0.02005219 -0.07831072 -0.9967344 0.01969569 -0.07710647 -0.9968433 0.01892304 -0.07551562 -0.9969744 0.01842522 -0.07438957 -0.9970706 0.01779097 -0.06929093 -0.997453 0.01692366 -0.06929093 -0.997453 0.01692372 -0.06929087 -0.997453 0.01692366 -0.07241529 -0.997223 0.01739424 -0.09150749 -0.9955018 0.02454972 -0.08948522 -0.9957019 0.02387869 -0.08484166 -0.996137 0.02264994 -0.08276915 -0.9963356 0.02155822 -0.08244156 -0.9963647 0.02146685 -0.0804339 -0.9965497 0.02047133 -0.0798766 -0.9965976 0.02032732 -0.07791948 -0.9967749 0.01919025 -0.0771079 -0.9968414 0.01901626 -0.07522857 -0.9970043 0.0179758 -0.07438904 -0.9970704 0.01780259 -0.07254993 -0.9972241 0.01675468 -0.07007771 -0.9974092 0.01625066 -0.06978654 -0.9974439 0.01535451 -0.06636697 -0.9976902 0.01448255 -0.06728428 -0.9976298 0.0144065 -0.06666272 -0.9976789 0.01389598 -0.08931005 -0.9957172 0.02389472 -0.08750027 -0.9958935 0.02323698 -0.08083283 -0.996496 0.02149158 -0.07906049 -0.996653 0.0207892 -0.07980746 -0.9965889 0.02100867 -0.07811945 -0.996739 0.02022111 -0.07782375 -0.9967635 0.02015018 -0.07617634 -0.9969173 0.01879018 -0.07499951 -0.9970117 0.01851606 -0.0734083 -0.9971532 0.01723265 -0.07240223 -0.9972305 0.01701027 -0.07087063 -0.9973595 0.01585859 -0.06982892 -0.9974367 0.01561862 -0.06836032 -0.9975559 0.0144692 -0.06717586 -0.9976399 0.01421952 -0.0657497 -0.9977509 0.0130468 -0.06534951 -0.9977781 0.01297807 -0.06395494 -0.9978756 0.01240772 -0.0641728 -0.997861 0.0124638 -0.06345105 -0.9979101 0.01223105 -0.06086915 -0.9980882 0.01072978 -0.06290149 -0.9979516 0.01167237 -0.06293934 -0.997949 0.01168382 -0.06395775 -0.997877 0.01229447 -0.06574958 -0.997752 0.01296871 -0.08749032 -0.995894 0.0232523 -0.09058833 -0.995592 0.02430051 -0.07878595 -0.9966751 0.02077192 -0.07551431 -0.9969711 0.01860749 -0.07557106 -0.9969609 0.01892119 -0.07831174 -0.9967364 0.01959395 -0.07941663 -0.9966346 0.02031195 -0.08160734 -0.9964457 0.02088791 -0.08241027 -0.9963702 0.02133196 -0.08422291 -0.9962044 0.02198874 -0.08535552 -0.9960933 0.02263844 -0.08667391 -0.9959726 0.02294003 -0.0883615 -0.9958055 0.02374517 -0.09300905 -0.9953514 0.02499949 -0.0937919 -0.9952718 0.02524358 -0.1096712 -0.9935314 0.02945661 -0.06852221 -0.9975422 0.01464682 -0.06978708 -0.9974394 0.01563423 -0.07123655 -0.9973323 0.01593154 -0.07254886 -0.9972207 0.01695799 -0.07385343 -0.9971204 0.01722186 -0.07522881 -0.9969998 0.01822251 -0.07650208 -0.9968976 0.01850891 -0.07791459 -0.996767 0.01962023 -0.07939338 -0.9966433 0.0199756 -0.08043015 -0.9965436 0.02078622 -0.08276522 -0.9963323 0.0217266 -0.09104996 -0.9955492 0.02432692 -0.08930933 -0.9957201 0.02377837 -0.08244574 -0.9963541 0.02193486 -0.08083218 -0.996499 0.02135372 -0.08141523 -0.9964486 0.02149075 -0.07981681 -0.9965931 0.02077138 -0.07938748 -0.9966301 0.0206409 -0.07782405 -0.9967784 0.0193988 -0.07650017 -0.9968873 0.01906883 -0.07500123 -0.9970231 0.0178861 -0.07385176 -0.9971138 0.01760876 -0.07240909 -0.9972375 0.01656693 -0.07123506 -0.9973263 0.01630699 -0.06982713 -0.9974433 0.01520311 -0.06852108 -0.9975379 0.01493728 -0.06717824 -0.997645 0.01385027 -0.066657 -0.9976811 0.01375925 -0.06534862 -0.9977749 0.01322954 -0.06539911 -0.9977715 0.01323527 -0.9659814 0 0.2586119 -0.9659352 0.001033544 0.258782 -0.9659349 3.59719e-5 0.2587856 -0.965949 0 0.2587328 -0.9659157 -0.001147031 0.2588548 -0.9659156 -0.00114715 0.2588548 -0.9659156 -0.001147091 0.2588548 -0.9659055 0 0.2588952 -0.07179576 0.997294 0.01581972 -0.06172168 0.9980038 0.01337581 -0.06472963 0.9978163 0.01314836 -0.06835925 0.9975591 0.01424509 -0.06719648 0.9976345 0.01449286 -0.07087051 0.9973594 0.01586472 -0.06970059 0.9974402 0.015971 -0.07340735 0.9971514 0.01733207 -0.07213306 0.9972414 0.01750963 -0.07617127 0.9969154 0.01890987 -0.07477587 0.997017 0.01912879 -0.07813072 0.9967356 0.02034181 -0.07663965 0.9968566 0.02007991 -0.07902383 0.9966548 0.02084445 -0.08142435 0.9964421 0.02175527 -0.08237707 0.9963602 0.02191913 -0.08942949 0.9957023 0.02407115 -0.09122335 0.995532 0.02437949 -0.1097002 0.993529 0.02942895 -0.1100594 0.9934855 0.02955615 -0.1106041 0.9934207 0.02970159 -0.1125981 0.993186 0.03005522 -0.1154049 0.9928401 0.03083032 -0.1183972 0.9924598 0.03171163 -0.1221495 0.9919773 0.03256547 -0.1045729 0.9941198 0.02811223 -0.1017277 0.994438 0.02728998 -0.08422362 0.9962016 0.02211058 -0.0848506 0.9961448 0.02227348 -0.08668315 0.9959654 0.02321785 -0.09146904 0.9955067 0.02449196 -0.09291255 0.9953618 0.02494668 -0.08244526 0.9963693 0.02124506 -0.08159661 0.9964435 0.0210343 -0.07987695 0.9966031 0.02005219 -0.07831639 0.9967341 0.01969569 -0.07710528 0.9968434 0.01892715 -0.07549607 0.9969763 0.01840156 -0.07438242 0.997071 0.01779472 -0.07075893 0.9973487 0.01699668 -0.072416 0.9972227 0.01740431 -0.066679 0.9976786 0.0138393 -0.06729787 0.9976288 0.01441478 -0.06676214 0.9976638 0.01448547 -0.06676214 0.9976639 0.01448547 -0.06676214 0.9976638 0.01448547 -0.06978064 0.9974451 0.01529991 -0.07007867 0.9974091 0.01625245 -0.07254993 0.9972241 0.01675087 -0.07438254 0.9970708 0.01780647 -0.07522857 0.9970043 0.0179758 -0.07710796 0.9968417 0.01900738 -0.0779131 0.9967756 0.01918637 -0.07987654 0.9965974 0.02033537 -0.08044278 0.9965491 0.02046597 -0.08244156 0.9963646 0.02147239 -0.08278578 0.9963342 0.02155816 -0.08485031 0.9961361 0.02265512 -0.08941167 0.9957086 0.02387326 -0.09146934 0.9955058 0.02452665 -0.07498723 0.9970129 0.01850491 -0.07617032 0.9969177 0.01879566 -0.07782989 0.9967631 0.02014458 -0.07813608 0.9967378 0.02021354 -0.07980746 0.9965888 0.02101641 -0.0790323 0.9966552 0.02078926 -0.08080404 0.9964987 0.02147853 -0.08750021 0.995893 0.02326226 -0.08936679 0.9957122 0.0238946 -0.0734083 0.9971531 0.01723539 -0.07240897 0.9972301 0.01700419 -0.07087087 0.9973596 0.01584976 -0.06983488 0.9974363 0.01562404 -0.06836032 0.997556 0.01445865 -0.06717032 0.9976403 0.01421952 -0.06576055 0.9977502 0.01304429 -0.06533372 0.9977793 0.01297092 -0.06392276 0.9978778 0.01240754 -0.0641728 0.9978612 0.01245325 -0.06347477 0.9979084 0.01223933 -0.06575936 0.9977513 0.01296412 -0.06393319 0.9978788 0.01227098 -0.06293731 0.9979491 0.01168346 -0.06292438 0.99795 0.0116803 -0.06086444 0.9980885 0.01072001 -0.07882136 0.9966724 0.02077138 -0.09084808 0.9955692 0.02426522 -0.09084808 0.9955691 0.02426528 -0.09084808 0.9955692 0.02426528 -0.08749037 0.9958951 0.0232079 -0.08160042 0.9964467 0.02087104 -0.07942831 0.9966336 0.02031546 -0.0783174 0.9967361 0.01958715 -0.07556092 0.9969617 0.01892119 -0.07549536 0.9969725 0.01861625 -0.08239084 0.9963716 0.02134376 -0.08422303 0.9962046 0.02197712 -0.08536803 0.996092 0.02264976 -0.08668285 0.9959717 0.02294546 -0.08837258 0.9958046 0.0237385 -0.09292936 0.995359 0.02499365 -0.09371793 0.9952797 0.02520459 -0.08278185 0.9963307 0.02173417 -0.08043903 0.9965425 0.02080237 -0.07938706 0.9966441 0.01995837 -0.07790821 0.9967677 0.01960849 -0.07650828 0.996897 0.01851749 -0.07522881 0.9969997 0.01822888 -0.07384657 0.9971209 0.01722502 -0.07254892 0.9972209 0.01695233 -0.07124257 0.9973317 0.01593983 -0.06978124 0.9974398 0.0156396 -0.06851077 0.9975429 0.0146442 -0.06539636 0.9977717 0.01323467 -0.06533277 0.9977759 0.0132296 -0.06667321 0.99768 0.01375925 -0.06717264 0.997645 0.01387053 -0.06850969 0.9975388 0.01492953 -0.06983309 0.9974429 0.01520311 -0.07124114 0.9973258 0.01631253 -0.07241576 0.9972369 0.01656693 -0.07384485 0.9971141 0.01761811 -0.07498902 0.9970242 0.01786935 -0.07650643 0.9968866 0.01907736 -0.07783019 0.9967778 0.01940441 -0.07938116 0.9966306 0.02064669 -0.07981687 0.9965933 0.02076363 -0.08141523 0.9964486 0.02149075 -0.08080339 0.9965016 0.0213406 -0.08238661 0.9963588 0.02194839 -0.08936613 0.9957158 0.02374595 -0.09122407 0.9955307 0.02443248 0.005331933 0.9998037 0.01908546 0.04095852 0.9989727 0.01939058 0.009655296 0.9997652 0.01939845 0.009655296 0.9997652 0.01939839 0.009655296 0.9997652 0.01939845 0.03756296 0.9991085 0.01926928 0.09427529 0.9953553 0.01949745 0.0664463 0.9976022 0.01936608 0.1751325 0.9845215 0.006779134 0.2114633 0.9773691 0.005742728 0.2114633 0.9773691 0.005742728 0.2114632 0.9773691 0.005742728 0.1753379 0.984485 0.006781518 0.1753379 0.984485 0.006781578 0.1753379 0.984485 0.006781518 0.3342546 0.9424795 0.002518892 0.3253485 0.945591 0.002488672 0.2666997 0.9635508 0.02101039 0.2666997 0.9635506 0.02101039 0.2666997 0.9635506 0.02101051 0.2345718 0.9718741 0.02090519 0.2345718 0.9718741 0.02090519 0.2345718 0.9718741 0.02090507 0.3652173 0.9309223 4.08791e-4 0.3652173 0.9309222 4.08859e-4 0.3652174 0.9309222 4.08835e-4 0.3212919 0.9467212 0.02214676 0.2746914 0.9612897 0.0216093 0.4472129 0.8944259 -0.001780211 0.3991883 0.916869 -3.11889e-4 0.4905496 0.8714057 -0.003659725 0.4905495 0.8714057 -0.003659665 0.4905495 0.8714056 -0.003659665 0.4432263 0.8961 0.02356505 0.4107403 0.9114456 0.02365559 0.575501 0.8177744 -0.006619691 0.575501 0.8177744 -0.006619632 0.5755011 0.8177744 -0.006619572 0.512551 0.8582935 0.02498024 0.4614973 0.8868058 0.02441203 0.6207947 0.7839257 -0.00863707 0.6205326 0.7841328 -0.008669734 0.6207947 0.7839257 -0.00863713 0.7058791 0.7082321 -0.01191836 0.6581254 0.7523944 0.02781587 0.6167125 0.7867127 0.02736794 0.7865259 0.6173806 -0.01477855 0.8199715 0.5721635 -0.01660478 0.9694942 -0.2424432 0.03608816 0.9694939 -0.2424432 0.03609579 0.9694942 -0.2424433 0.03608822 0.9576569 -0.2855823 0.03655242 0.9576568 -0.2855825 0.03655242 0.9576568 -0.2855826 0.03655242 0.8924057 -0.4499374 0.03418695 0.9254703 -0.377124 0.03581082 0.8495351 -0.526481 0.0332874 0.8495605 -0.5264399 0.03328961 0.8495349 -0.5264813 0.03328746 0.8771082 -0.4790425 0.03463464 0.8771082 -0.4790427 0.0346347 0.877108 -0.4790429 0.03463464 0.9347364 -0.3546889 -0.02153259 0.7466477 -0.6645366 0.03013783 0.7466477 -0.6645366 0.03013783 0.7466477 -0.6645367 0.03013783 0.766505 -0.6414576 0.03165864 0.6584265 -0.7521312 0.02780812 0.6954417 -0.7179219 0.03080868 0.8395243 -0.5430401 -0.01750737 0.8395243 -0.5430401 -0.01750743 0.8395243 -0.5430401 -0.01750731 0.589281 -0.8074984 0.02634942 0.589281 -0.8074985 0.02634936 0.589281 -0.8074985 0.02634936 0.6098237 -0.7920612 0.02746236 0.5120692 -0.8585827 0.02492147 0.5120692 -0.8585827 0.02492147 0.5120692 -0.8585827 0.02492147 0.5302705 -0.8474324 0.02591532 0.7082654 -0.7058452 -0.01194798 0.7081639 -0.7059471 -0.01194465 0.708333 -0.7057774 -0.01194983 0.443025 -0.8962008 0.02351731 0.443025 -0.8962008 0.02351731 0.4430251 -0.8962008 0.02351731 0.4652721 -0.8848273 0.02454477 0.6231898 -0.7820217 -0.008750796 0.3796784 -0.9248443 0.02252858 0.3796785 -0.9248443 0.02252858 0.3795456 -0.9248989 0.02252125 0.4133195 -0.9102783 0.02367711 0.5814751 -0.8135368 -0.006691515 0.5814751 -0.8135367 -0.006693601 0.581475 -0.8135368 -0.006691575 0.5001613 -0.8659235 -0.0038926 0.2664476 -0.9636195 0.02105462 0.2753172 -0.9611096 0.02165299 0.2234581 -0.9744998 0.02041256 0.2352284 -0.9717148 0.02092915 0.3793039 -0.9252722 1.87429e-5 0.3793039 -0.9252722 1.87344e-5 0.3793039 -0.9252722 1.87616e-5 0.1794788 -0.9835593 0.01996386 0.1966765 -0.9802523 0.02058666 0.1374017 -0.9903206 0.01964533 0.1612767 -0.9867011 0.02026838 0.1272034 -0.9916704 0.02022975 0.1629152 -0.9866173 0.006699204 0.005012094 -0.9998049 0.0191102 0.007845699 -0.9997829 0.01930654 0.06719076 -0.9976993 0.009025692 0.03771251 -0.9992436 0.009492516 -0.03695291 -0.9991386 0.01888573 -0.04740321 -0.9986982 0.01884388 -0.0424357 -0.9989199 0.01892817 -0.02443909 0.9995425 0.01782351 -0.0351119 0.9992336 0.01730412 -0.01904493 0.9996807 0.01661098 -0.0289489 0.9994581 0.01567256 -0.007088959 0.9998941 0.01271343 -0.01796936 0.9997639 0.01222306 3.90177e-4 0.9999356 0.01134485 0.03659492 0.9991518 0.01887977 0.04143047 0.9989778 0.01807779 0.03784048 0.9991245 0.0178461 0.04833108 0.9986875 0.01695585 0.04312735 0.998934 0.01645916 0.05434501 0.9983974 0.01578956 0.05024576 0.9986239 0.01502764 0.05932277 0.9981321 0.0146048 0.05932503 0.9981453 0.01366031 0.06714767 0.9976698 0.01209008 0.06714767 0.9976698 0.01209008 0.06714767 0.9976699 0.01209008 0.1031498 0.9945939 0.01197016 0.1116513 0.9936983 0.009894013 0.09949678 0.9948553 0.01906108 0.1470662 0.9890661 0.01095259 0.1560236 0.9877082 0.009447693 0.1687944 0.9856212 0.007707178 0.142907 0.9895704 0.01811403 0.1490994 0.9886719 0.01724666 0.1464695 0.9890694 0.01698446 0.1571958 0.9874381 0.01598477 0.1538262 0.987977 0.01545923 0.1650525 0.9861762 0.01463639 0.1626787 0.9865809 0.01392543 0.1726624 0.9848911 0.01331537 0.2443956 0.9696353 0.008838474 0.2443601 0.9696532 0.007809042 0.2851758 0.9584664 0.004134953 0.312505 0.9499059 0.004388034 0.3300828 0.9439495 0.00217849 0.2737891 0.9615788 0.02014684 0.2700503 0.9626491 0.01948541 0.2700503 0.9626491 0.01948541 0.2700503 0.9626491 0.01948547 0.2798953 0.9598444 0.01890319 0.2801808 0.9597826 0.0177809 0.2801808 0.9597826 0.0177825 0.2801808 0.9597826 0.01778256 0.3461472 0.9381496 0.007575929 0.3436787 0.9390619 0.006918251 0.3592345 0.9332308 0.00555706 0.372761 0.9279209 0.003458917 0.3734755 0.9276334 0.003552973 0.3896783 0.9209504 0.001157045 0.4051867 0.914234 0 0.3174988 0.9480057 0.02190196 0.342095 0.9395324 0.01581132 0.3424561 0.9394002 0.01584631 0.3424561 0.9394002 0.01584631 0.3529117 0.9355397 0.0148006 0.3529117 0.9355397 0.01480066 0.3529117 0.9355397 0.01480054 0.353181 0.9354538 0.01376068 0.3887714 0.9211019 0.02069038 0.3841516 0.9230628 0.01956659 0.3972302 0.9175305 0.01859909 0.4376835 0.8990728 0.01006585 0.4377641 0.8990507 0.008395135 0.5328926 0.8461724 -0.004216611 0.5121932 0.8585077 0.02495223 0.6641731 0.7475177 -0.009569287 0.7483615 0.6631795 -0.01217156 0.8504133 0.52583 -0.01732772 0.8504132 0.5258302 -0.01732766 0.8504134 0.5258299 -0.01732766 0.9868955 -0.1596677 -0.02331769 0.9868954 -0.1596675 -0.02331769 0.9868954 -0.1596679 -0.02331757 0.7517396 -0.6593146 -0.01385498 0.666691 -0.7452639 -0.01024591 0.3637076 -0.9312316 0.02290529 0.3772881 -0.9258499 0.02134644 0.3887714 -0.9211019 0.02069038 0.3841254 -0.923074 0.01954978 0.3967591 -0.9177353 0.01855093 0.3967591 -0.9177353 0.01855087 0.3967591 -0.9177353 0.01855087 0.4514583 -0.8922645 0.007033288 0.5404836 -0.8413367 -0.005481719 0.273935 -0.9615371 0.02015215 0.2698873 -0.9626947 0.01949185 0.2892099 -0.957117 0.01687735 0.3460646 -0.9381801 0.007583558 0.3435387 -0.9391131 0.006903886 0.3589299 -0.9333479 0.005565166 0.3727281 -0.9279342 0.003451466 0.3734202 -0.9276556 0.003527641 0.4021508 -0.9155733 -7.36849e-4 0.4021507 -0.9155733 -7.36817e-4 0.4021508 -0.9155733 -7.3684e-4 0.4198305 -0.9076025 4.62645e-4 0.3411141 -0.9400203 0.001762151 0.258291 -0.9660435 0.006769716 0.1366862 -0.9904216 0.01954895 0.1490501 -0.988679 0.01725989 0.1464695 -0.9890694 0.01698446 0.1571005 -0.9874531 0.01599776 0.1536839 -0.9879992 0.01545959 0.1650369 -0.9861786 0.01464891 0.1626591 -0.9865843 0.01391458 0.1468707 -0.9890953 0.01094311 0.1560236 -0.9877083 0.009437799 0.1574221 -0.9874849 0.009595096 0.04138886 -0.9989796 0.01807504 0.03798139 -0.999119 0.01785063 0.04837536 -0.9986854 0.01695579 0.04300671 -0.9989392 0.01646041 0.0542379 -0.9984032 0.01579529 0.05017483 -0.9986274 0.01502352 0.05924302 -0.9981366 0.01461225 0.01169306 -0.9997571 0.01868301 -0.02440547 -0.9995432 0.0178287 -0.03521615 -0.9992299 0.01730406 -0.01914876 -0.9996787 0.01661098 -0.02905106 -0.9994552 0.01566678 -0.006656408 -0.9998972 0.01270318 -0.006656408 -0.9998972 0.01270306 -0.006656408 -0.9998972 0.01270318 -0.01817488 -0.9997602 0.012223 0.1062549 -0.9941685 0.01841396 0.1063981 -0.9941532 0.01841455 0.1062549 -0.9941685 0.01841396 0.09250366 -0.9955569 0.01759648 0.09965872 -0.9948516 0.01839715 0.09916394 -0.9948884 0.01906889 0.09916394 -0.9948884 0.01906883 0.09916394 -0.9948884 0.01906883 0.09301304 -0.995472 0.01959967 0.09509938 -0.9952766 0.01951426 0.06441038 -0.9977363 0.01932781 0.06610709 -0.9976239 0.01939952 0.1406294 0.9900288 0.008150517 0.1069054 0.9942346 0.008299469 0.08720999 0.9961497 0.008955776 0.08753108 0.9961069 0.01046752 0.08753114 0.9961069 0.01046746 0.08753108 0.9961068 0.01046746 0.07669591 0.9970031 0.01013106 0.1118263 0.9936784 0.009918153 0.1235495 0.9922977 0.008987903 0.1237264 0.9922831 0.008141934 0.1127113 0.9935997 0.007479786 0.3646481 -0.9310438 0.01376062 0.3416608 -0.9397397 0.01254475 0.3531797 -0.9354546 0.01374661 0.3532257 -0.9354204 0.01484107 0.3427416 -0.9392969 0.01580333 0.3427415 -0.9392969 0.01580339 0.3427415 -0.9392969 0.01580357 0.3419715 -0.9395773 0.01581078 0.3294944 -0.9441523 0.003167271 0.3185197 -0.9479064 0.004323601 0.3124299 -0.9499293 0.004690349 0.2582652 -0.9660589 0.005422234 0.2745608 -0.9615511 0.005994141 0.2745993 -0.9615494 0.004256427 0.3032749 -0.9528986 0.00294733 0.303275 -0.9528986 0.002947151 0.303412 -0.952855 0.002950191 0.3338614 -0.9426189 0.002503812 0.3300049 -0.9439768 0.002201914 0.1237718 -0.99227 0.008989214 0.1114912 -0.9937162 0.009899556 0.1114912 -0.9937161 0.009899556 0.1114912 -0.9937162 0.009899556 0.1120707 -0.9936509 0.009916901 0.1120707 -0.9936509 0.009916901 0.1120707 -0.9936509 0.009916901 0.07678151 -0.9969964 0.01014447 0.08702176 -0.9961516 0.01045572 0.08708584 -0.9961606 0.008957684 0.09838068 -0.9951128 0.008471488 0.1300168 -0.9914788 0.008102059 0.1209744 -0.9926237 0.007968068 0.1242409 -0.9922188 0.008138358 0.1242409 -0.9922188 0.008138358 0.1242409 -0.9922188 0.008138358 0.076774 -0.9969761 0.01202362 0.05783861 -0.9982612 0.01137489 0.0677914 -0.997626 0.01211363 0.06740987 -0.9976426 0.01285552 0.05769991 -0.998241 0.01363319 0.05769991 -0.998241 0.01363319 0.05769991 -0.998241 0.01363319 0.05922144 -0.9981528 0.01356446 -0.04616224 -0.9988763 0.01073628 -0.05367106 -0.9985029 0.01055383 -0.04992604 -0.998678 0.01223891 -0.04665446 -0.9988346 0.0123648 -0.05883526 -0.9981781 0.01337999 -0.04574656 0.9988974 0.01054662 -0.05338644 0.9985164 0.01072257 -0.04977124 0.9986842 0.01236504 -0.04536914 0.9988951 0.01226198 -0.05884605 0.9981775 0.01337665 -0.01631379 0.9996864 0.01899957 -0.01087254 0.9997563 0.01921892 -0.01120805 0.9997527 0.01921463 -0.04165226 0.9989548 0.01883125 -0.03846025 0.9990795 0.01899772 -0.06580084 0.9976611 0.01851576 -0.04761046 0.9986782 0.01937383 -0.06565636 0.9976627 0.01893198 -0.01065158 0.9998896 0.01036477 -0.01707071 0.9998008 0.0103507 -0.02818387 0.9995468 0.01058405 0.05143666 0.9986373 0.008834242 0.0742219 0.9971938 0.009777247 0.02192401 0.999717 0.009243071 0.04271286 0.9990369 0.01005804 0.01228696 0.9998764 0.009814798 0.197337 0.9801461 0.0192821 0.2237737 0.9744042 0.02149236 0.1617563 0.986641 0.0193547 0.1794676 0.9835456 0.02072751 0.1285102 0.9915176 0.01944047 0.142237 0.9896227 0.02038878 0.09657806 0.9951308 0.01968336 0.2480149 0.9687454 0.004593729 0.2210938 0.9752353 0.005801796 0.2210576 0.9752383 0.006623864 0.2073385 0.9782406 0.007489204 0.2072632 0.9782493 0.008386909 0.1943508 0.9808896 0.009132921 0.1940243 0.9809446 0.01011425 0.1940243 0.9809447 0.01011002 0.1940243 0.9809447 0.01011002 0.1828382 0.983084 0.01077091 0.182776 0.9830885 0.01139879 0.1737931 0.9847048 0.01235294 0.1725779 0.9849202 0.01222181 0.3628618 0.9315615 0.02290695 0.3628618 0.9315615 0.02290695 0.3628618 0.9315615 0.02290689 0.3796354 0.9248614 0.02254712 0.3772888 0.9258497 0.02134054 0.5628312 0.8261524 0.02633357 0.5893204 0.8074737 0.02622437 0.5890563 0.8077467 0.02362561 0.5982468 0.8009715 0.02335572 0.5983241 0.8009895 0.02059465 0.6077204 0.793893 0.0202471 0.6078484 0.793859 0.0175597 0.6078483 0.793859 0.01755964 0.6078484 0.793859 0.01755964 0.617415 0.7864508 0.0171464 0.6171826 0.7866854 0.01455956 0.6171825 0.7866855 0.0145595 0.6171824 0.7866855 0.0145595 0.627797 0.7782505 0.01403963 0.6279731 0.7781509 0.01145368 0.6279731 0.7781509 0.01145368 0.6385515 0.7695024 0.01086437 0.6386892 0.7694184 0.008457422 0.6386891 0.7694185 0.008457481 0.6386892 0.7694185 0.008457422 0.6495912 0.7602436 0.007808387 0.6495913 0.7602437 0.007808327 0.6495913 0.7602436 0.007808983 0.6498433 0.7600468 0.005718171 0.6605703 0.7507489 0.004822075 0.6583098 0.7527396 0.003394901 0.6709746 0.7414774 0.002114415 0.6676405 0.7444831 0.001067698 0.6676405 0.7444831 0.001067698 0.6676405 0.7444831 0.001067698 0.6812946 0.7320092 -5.63431e-4 0.6791369 0.7340109 -0.001060783 0.9340107 0.355491 0.03536117 0.9340106 0.3554909 0.03536123 0.9340107 0.3554909 0.03536128 0.9356477 0.351144 0.03551518 0.9356476 0.3511442 0.03551512 0.9356478 0.3511439 0.03551512 0.8939152 0.4468885 0.03473526 0.8939153 0.4468883 0.03473532 0.8939152 0.4468882 0.03473532 0.8924576 0.4498047 0.03457492 0.8924574 0.4498049 0.03457492 0.8924576 0.4498046 0.03457486 0.84482 0.5339997 0.03352081 0.8448201 0.5339995 0.03352087 0.8449226 0.5338373 0.03352123 0.8497104 0.5261531 0.03398704 0.8497354 0.5261128 0.0339877 0.8497107 0.5261529 0.03398686 0.7880111 0.6148541 0.03151124 0.8065267 0.5902452 0.03354609 0.7302829 0.6825224 0.02915954 0.7465783 0.664568 0.03114944 0.6730661 0.7390102 0.02908438 0.6729962 0.7390745 0.02907317 0.6730664 0.73901 0.02908438 0.9851477 0.1701498 -0.02308815 0.9842193 0.1754332 -0.02314162 0.9668686 0.2542753 -0.0225659 0.9713205 0.236728 -0.02228474 0.9713203 0.2367282 -0.02228468 0.9713205 0.2367277 -0.02228474 0.9432142 0.331467 -0.02183169 0.9537575 0.2998268 -0.0212273 0.918483 0.3949032 -0.02098709 0.9184832 0.3949027 -0.02098691 0.9184834 0.3949022 -0.02098703 0.932523 0.3605291 -0.02048838 0.9325229 0.3605293 -0.02048832 0.9325231 0.360529 -0.02048838 0.8931341 0.4493473 -0.01996415 0.9077479 0.4190597 -0.01956832 0.8820801 0.4707116 -0.01911157 0.8820801 0.4707117 -0.01911497 0.8820802 0.4707115 -0.01911157 0.9695263 0.242187 0.03693586 0.9613606 0.272996 0.03548276 0.9613606 0.272996 0.0354827 0.9613606 0.272996 0.03548264 0.9898275 0.1370888 0.0380572 0.9898275 0.1370888 0.03805714 0.9898275 0.137089 0.0380572 0.9820668 0.1850585 0.03603059 0.9820669 0.1850581 0.03603053 0.9820667 0.1850588 0.03603041 0.9981937 0.04641616 0.03814411 0.9981938 0.04641622 0.03814411 0.9981937 0.04641628 0.03814411 0.99562 0.08604228 0.03657555 0.99562 0.08604168 0.03657537 0.9956198 0.08604276 0.03657555 0.9981895 -0.04648929 0.03816503 0.9981895 -0.046489 0.03816503 0.9981895 -0.04648858 0.03816515 0.9993005 -0.006938457 0.03674602 0.9993005 -0.006939232 0.03674596 0.9993005 -0.006937682 0.03674584 0.9898321 -0.1371069 0.03787249 0.9898321 -0.1371065 0.03787219 0.9898322 -0.1371061 0.03787249 0.9942243 -0.1008586 0.03668296 0.9942247 -0.1008613 0.03666377 0.9942246 -0.1008564 0.03668278 0.9807515 -0.1916773 0.03723597 0.9807513 -0.191678 0.03723585 0.9807516 -0.1916768 0.03723597 0.9991616 0.03258901 -0.02478188 0.9991616 0.03258895 -0.02478188 0.9991616 0.03258895 -0.02478188 0.9994177 -0.02535092 -0.0228433 0.9994176 -0.0253508 -0.0228433 0.9994177 -0.02535098 -0.02284336 0.9953063 0.09361797 -0.02451908 0.9953063 0.09361785 -0.02451908 0.9953063 0.09361767 -0.02451908 0.9988495 0.04209262 -0.02297979 0.994145 0.1054295 -0.02367663 0.9941449 0.1054295 -0.02367663 0.9941449 0.1054294 -0.02367663 0.9954082 -0.09275788 -0.02363228 0.9953401 -0.09348505 -0.02363884 0.9954291 -0.09352952 -0.01932168 0.994808 -0.09989726 -0.01943713 0.9948395 -0.1001966 -0.01597309 0.9948393 -0.1001971 -0.01598131 0.9948394 -0.1001968 -0.01598137 0.9942423 -0.1059402 -0.01610028 0.9942422 -0.1059402 -0.01610022 0.9942422 -0.1059403 -0.01610022 0.9942958 -0.1057573 -0.01382505 0.9942958 -0.1057574 -0.01382505 0.9942958 -0.1057573 -0.01382511 0.9941318 -0.1072898 -0.01382189 0.9941317 -0.1072899 -0.01382189 0.9941317 -0.1072901 -0.01382189 0.9941117 -0.107818 -0.01082926 0.9941117 -0.1078184 -0.0108273 0.9941117 -0.1078182 -0.01082724 0.9944404 -0.1047494 -0.01076573 0.9944688 -0.104794 -0.00707817 0.9936525 -0.1122626 -0.007211267 0.9937202 -0.1118434 -0.003346025 0.9937202 -0.1118437 -0.003346025 0.9937202 -0.1118435 -0.003345966 0.9934471 -0.1142436 -0.003371298 0.9934853 -0.1139103 -0.003368377 0.9934338 -0.1144073 6.31748e-4 0.9934338 -0.1144073 6.31774e-4 0.9934338 -0.1144073 6.31725e-4 0.9930178 -0.1179632 5.83192e-4 0.9930532 -0.1175631 0.004943251 0.9924928 -0.1222065 0.004878282 0.9924927 -0.1222065 0.004878342 0.9924927 -0.1222065 0.004882752 0.9924473 -0.1222827 0.009768009 0.9924473 -0.1222827 0.009767949 0.9924473 -0.1222827 0.009767889 0.9919839 -0.1259929 0.009691119 0.9919292 -0.125951 0.01459187 0.9920014 -0.1253786 0.01461672 0.9920014 -0.1253786 0.01461666 0.9920013 -0.1253787 0.01461672 0.9919384 -0.1251763 0.01973378 0.9919383 -0.1251765 0.01973378 0.9919383 -0.1251764 0.01973384 0.9912372 -0.130622 0.01967155 0.9912372 -0.130622 0.01967155 0.9912371 -0.1306222 0.01967161 0.9910908 -0.1308348 0.02492392 0.9910908 -0.1308349 0.02492624 0.9910908 -0.1308348 0.02492624 0.9902448 -0.1371142 0.02480059 0.9902448 -0.1371144 0.02480065 0.9902448 -0.1371145 0.02480053 0.9901222 -0.1372032 0.02886861 0.9902667 -0.1361415 0.02893811 0.9902667 -0.136142 0.02893817 0.9902666 -0.1361423 0.02893811 0.9901944 -0.1360715 0.03161722 0.9902009 -0.1360244 0.0316177 0.9901944 -0.1360717 0.03161722 0.9903233 -0.1351262 0.03163373 0.9903233 -0.1351263 0.03163379 0.9903233 -0.1351264 0.03163379 0.9902226 -0.1352133 0.03430169 0.9902227 -0.1352132 0.03430175 0.9902356 -0.1351183 0.03430062 0.9900089 -0.1367808 0.0342561 0.9900089 -0.1367807 0.03425604 0.9900089 -0.1367807 0.0342561 0.9689298 -0.2462937 -0.02267992 0.9689298 -0.2462938 -0.02267992 0.9689298 -0.2462937 -0.02267992 0.966885 -0.2541933 -0.02278953 0.9668849 -0.2541934 -0.02278953 0.9668849 -0.2541934 -0.02278953 0.9669529 -0.2542994 -0.01827824 0.9669525 -0.2543007 -0.01827841 0.9669528 -0.2543 -0.0182783 0.9646996 -0.2627081 -0.01841688 0.9646996 -0.2627083 -0.01841688 0.9646995 -0.2627084 -0.01841682 0.964772 -0.2626617 -0.01496106 0.9629896 -0.26911 -0.0151962 0.9629896 -0.2691104 -0.0151962 0.9629895 -0.2691106 -0.01519632 0.9631637 -0.2686125 -0.01276886 0.962114 -0.2723425 -0.01290303 0.9620732 -0.2726152 -0.009815335 0.9598028 -0.2804957 -0.01003843 0.9598018 -0.2806075 -0.006324112 0.9580597 -0.2864959 -0.006468713 0.9580596 -0.286496 -0.006468772 0.9580596 -0.2864961 -0.006468772 0.9580248 -0.2866738 -0.002579867 0.9580247 -0.286674 -0.002579867 0.9580248 -0.2866739 -0.002579927 0.9551351 -0.2961576 -0.002799212 0.955135 -0.2961577 -0.002799212 0.955135 -0.2961578 -0.002799153 0.9550813 -0.2963416 0.001209259 0.9550812 -0.2963421 0.001211941 0.9550812 -0.2963419 0.001211941 0.952741 -0.3037821 0.001019239 0.9528078 -0.3035271 0.00534594 0.9528077 -0.3035275 0.00534594 0.9528077 -0.3035274 0.005346 0.9510703 -0.3089314 0.005186796 0.9510702 -0.3089315 0.005186796 0.9510702 -0.3089317 0.005186796 0.9510329 -0.3089315 0.009888648 0.9510328 -0.3089317 0.009890615 0.9510328 -0.3089317 0.009890675 0.9489161 -0.3153784 0.009737551 0.948916 -0.3153785 0.009737551 0.948916 -0.3153786 0.009737551 0.9488658 -0.3153408 0.01463085 0.9460048 -0.3238315 0.0144242 0.9460048 -0.3238317 0.0144242 0.9460048 -0.3238319 0.01442223 0.9460201 -0.3235254 0.01942473 0.9460197 -0.3235266 0.01942479 0.9460045 -0.3235714 0.01942396 0.9428381 -0.3326987 0.0191859 0.9428379 -0.3326991 0.01918601 0.9428377 -0.3326996 0.01918601 0.9427561 -0.3325942 0.02433508 0.9427561 -0.3325943 0.02433508 0.9427242 -0.3326846 0.02433335 0.9406909 -0.3384023 0.0241788 0.9406908 -0.3384027 0.02417874 0.9406906 -0.3384031 0.02417892 0.9405456 -0.3385025 0.02810806 0.9405455 -0.3385028 0.02810806 0.9405456 -0.3385027 0.02810817 0.9389502 -0.3429195 0.02790915 0.9389501 -0.3429196 0.0279091 0.9389501 -0.3429197 0.02790915 0.9388746 -0.342893 0.03064411 0.9388743 -0.3428938 0.03064423 0.9388744 -0.3428934 0.03064423 0.9374095 -0.3468937 0.03046584 0.9374428 -0.3468039 0.03046655 0.9374094 -0.3468939 0.03046971 0.9372318 -0.3471164 0.03326719 0.9372319 -0.3471164 0.03326719 0.9371986 -0.3472063 0.033266 0.9357336 -0.3511531 0.03307837 0.9357336 -0.3511534 0.03307837 0.9357336 -0.3511535 0.03307843 0.9356197 -0.3512391 0.03531235 0.9356197 -0.3512391 0.03531235 0.9356197 -0.3512391 0.03531229 0.8913869 -0.4528129 -0.01974487 0.8931924 -0.4492428 -0.01970434 0.8931887 -0.4494143 -0.01552361 0.8856355 -0.464118 -0.01563447 0.8856354 -0.464118 -0.01563447 0.8856799 -0.4640333 -0.01563328 0.8857396 -0.4640189 -0.01232933 0.8856729 -0.4641462 -0.01232421 0.8856729 -0.4641462 -0.01232421 0.8796892 -0.4753814 -0.01262408 0.8799368 -0.474981 -0.01022726 0.8751966 -0.4836549 -0.01044183 0.8751735 -0.4837495 -0.007609307 0.8751735 -0.4837496 -0.007609248 0.8751735 -0.4837496 -0.007609248 0.8712185 -0.4908344 -0.007734835 0.8712185 -0.4908347 -0.007734775 0.8712183 -0.4908348 -0.007739901 0.8710852 -0.491113 -0.004322767 0.8644985 -0.502615 -0.004557073 0.8644985 -0.5026149 -0.004557013 0.8644985 -0.5026147 -0.004556894 0.8642717 -0.5030247 -8.61537e-4 0.864344 -0.5029003 -8.58967e-4 0.864344 -0.5029004 -8.58951e-4 0.8566666 -0.5158694 -0.00112766 0.8566665 -0.5158695 -0.00112766 0.8566665 -0.5158696 -0.00112766 0.8565732 -0.51602 0.002458989 0.856573 -0.5160201 0.00245887 0.8565731 -0.5160201 0.00245887 0.853019 -0.5218747 0.002317726 0.8528295 -0.522152 0.006261527 0.852829 -0.5221528 0.006261348 0.8528293 -0.5221523 0.006261229 0.8467989 -0.5318789 0.006051778 0.8467988 -0.531879 0.006051778 0.8467988 -0.531879 0.006051778 0.8470162 -0.531466 0.01036643 0.8381968 -0.5452756 0.01003628 0.8379907 -0.5454922 0.01449322 0.8381214 -0.5452916 0.01448535 0.8381214 -0.5452915 0.01448541 0.829867 -0.5577808 0.01420336 0.829867 -0.5577808 0.01420336 0.829867 -0.5577808 0.01420336 0.8303042 -0.5569984 0.01864957 0.8302774 -0.5570385 0.01864802 0.8303042 -0.5569986 0.01864957 0.825809 -0.5636486 0.0184375 0.825809 -0.5636486 0.01843744 0.825809 -0.5636487 0.0184375 0.8257951 -0.5635033 0.02294707 0.825795 -0.5635035 0.02294707 0.8257951 -0.5635034 0.02294707 0.8174011 -0.5756264 0.02257972 0.8177008 -0.5750501 0.02613472 0.8177008 -0.5750501 0.02613472 0.8177008 -0.5750501 0.02613466 0.8145495 -0.5795159 0.02589714 0.8145495 -0.5795159 0.0258972 0.814494 -0.5795939 0.02589434 0.8146415 -0.5792782 0.02821636 0.8146414 -0.5792783 0.02821648 0.8146414 -0.5792782 0.02821636 0.8107864 -0.5846766 0.02791035 0.8107862 -0.5846766 0.02791041 0.8107863 -0.5846768 0.02791041 0.8109407 -0.5843339 0.03048199 0.8109403 -0.5843345 0.03048199 0.8109405 -0.5843342 0.03048211 0.8067455 -0.5901265 0.03020602 0.8067455 -0.5901265 0.03020602 0.8067455 -0.5901266 0.03020602 0.8069842 -0.5896905 0.03227823 0.806984 -0.5896908 0.03227806 0.8069841 -0.5896906 0.03227818 0.8243207 -0.5651354 0.03342753 0.8243207 -0.5651354 0.03342747 0.8242397 -0.5652541 0.03341883 0.7899697 -0.6129654 -0.01488077 0.7899694 -0.6129657 -0.01488083 0.7899696 -0.6129655 -0.01488077 0.7893839 -0.6137194 -0.01489162 0.7893838 -0.6137194 -0.01489162 0.7893838 -0.6137195 -0.01489162 0.7890426 -0.6142317 -0.01145827 0.7755522 -0.6311694 -0.01200276 0.7754491 -0.6313515 -0.008604347 0.7687654 -0.6394641 -0.009244441 0.7688385 -0.6394076 -0.006732106 0.7614917 -0.6481319 -0.007458329 0.7617091 -0.6478763 -0.007464766 0.7616038 -0.6480282 -0.004388988 0.7528673 -0.6581541 -0.004925847 0.7528672 -0.6581541 -0.004925847 0.7528671 -0.6581541 -0.004925787 0.752849 -0.6581919 -0.001439869 0.7433271 -0.6689249 -0.002055644 0.7433271 -0.6689251 -0.002055644 0.743327 -0.6689251 -0.002055644 0.7432025 -0.6690649 0.001467704 0.7337291 -0.6794416 8.69495e-4 0.7337659 -0.6793881 0.004418313 0.7337657 -0.6793882 0.004418253 0.7337659 -0.6793882 0.004418313 0.7253386 -0.6883814 0.003878235 0.7256365 -0.6880356 0.007666289 0.7256364 -0.6880357 0.00766623 0.7256364 -0.6880357 0.00766623 0.7147981 -0.6992951 0.007090449 0.7147981 -0.6992951 0.007090449 0.714798 -0.6992951 0.007090449 0.7149536 -0.6990844 0.01106393 0.7054485 -0.708684 0.010459 0.7053094 -0.7087497 0.01458185 0.6952221 -0.7186602 0.01392376 0.6950798 -0.7187061 0.01804459 0.6950798 -0.7187062 0.01804459 0.6950798 -0.7187062 0.01804459 0.6847778 -0.7285454 0.01734828 0.6847778 -0.7285454 0.01734846 0.6847777 -0.7285454 0.0173484 0.6846359 -0.728569 0.02147054 0.6763049 -0.7363249 0.02091264 0.6759522 -0.736523 0.02495384 0.6670604 -0.7446055 0.02435362 0.6670604 -0.7446055 0.02435362 0.6670605 -0.7446056 0.02435052 0.6672459 -0.7443403 0.02721142 0.6672458 -0.7443404 0.02721142 0.6672459 -0.7443404 0.02721142 0.3180101 -0.9478338 0.02192968 0.31801 -0.9478337 0.02192968 0.31801 -0.9478337 0.02192974 0.3212588 -0.9467328 0.02213317 0.3176422 -0.9479953 0.02020955 0.3309717 -0.943403 0.02118313 0.3225654 -0.9463642 0.01860862 0.3225653 -0.9463642 0.01860868 0.3225653 -0.9463643 0.01860862 0.3402066 -0.9401417 0.01982921 0.3402066 -0.9401417 0.01982921 0.3402066 -0.9401417 0.01982927 0.3337494 -0.9424807 0.01848149 0.4578537 -0.8890256 -0.00186789 0.4513797 -0.8923299 -0.001955866 0.4511389 -0.8924539 2.47443e-4 0.4344523 -0.9006948 -3.33614e-4 0.4344522 -0.9006949 -3.33538e-4 0.4344522 -0.9006949 -3.2774e-4 0.4347787 -0.9005337 0.002591371 0.4185671 -0.9081839 0.001966774 0.418567 -0.9081839 0.001966774 0.418567 -0.9081839 0.001966834 0.4183375 -0.9082785 0.004900217 0.4031213 -0.9151366 0.004283845 0.402949 -0.9151945 0.007153809 0.3894121 -0.9210404 0.006541967 0.389215 -0.9210994 0.009363293 0.376451 -0.9263952 0.008756995 0.3764192 -0.9263771 0.0115891 0.3646125 -0.9310944 0.01099961 0.173651 -0.9847826 0.006972312 0.196365 -0.9805124 0.006030082 0.2210896 -0.9752362 0.005810558 0.2311649 -0.9729006 0.005221009 0.2667446 -0.9637581 0.004234254 0.03536522 -0.9991897 0.01921701 0.04174393 -0.9989377 0.0195164 0.03649747 -0.9991556 0.01886969 0.008882164 -0.999912 0.00985527 0.022143 -0.9997059 0.009906411 0.02212661 -0.9996915 0.0112847 0.01503956 -0.9998253 0.01109707 0.01504212 -0.9998066 0.0126726 0.008811295 -0.9998829 0.01250982 0.008812189 -0.9998626 0.01404297 0.003036081 -0.9998992 0.01387327 0.003036022 -0.9998773 0.01537126 -0.002013146 -0.9998824 0.01520472 -0.002012372 -0.9998593 0.01665836 -0.006964981 -0.9998397 0.01649862 -0.006959617 -0.9998156 0.0179001 -0.01132351 -0.9997782 0.01776129 -0.01132053 -0.9997507 0.01924413 -0.01773011 -0.999663 0.01896464 -0.01924997 -0.9997609 0.01037251 -0.01100194 -0.9998856 0.01038962 -0.01100194 -0.9998856 0.01038962 -0.01100194 -0.9998855 0.01038962 2.14116e-4 -0.9999356 0.01135236 -0.04338514 -0.9989535 0.01448047 -0.05903983 -0.9981563 0.01408898 -0.05901682 -0.9981313 0.01583808 -0.06256604 -0.9979166 0.01574236 -0.06254857 -0.9978899 0.01741832 -0.06574904 -0.9976859 0.01732236 -0.06575638 -0.9976561 0.01893973 -0.06612789 -0.9976316 0.01893192 -0.06563216 0.9976922 0.01740026 -0.06256377 0.9978903 0.01733988 -0.06256622 0.9979152 0.01583892 -0.05901688 0.9981327 0.01575511 -0.05853354 0.9981799 0.01451528 -0.05853354 0.99818 0.01451534 -0.05853354 0.9981799 0.01451534 -0.04897117 0.9987006 0.01410222 -0.04761826 0.9987146 0.01736915 -0.04389339 0.9988871 0.01726204 -0.04389339 0.9988871 0.01726204 -0.04389339 0.9988871 0.01726204 -0.04353982 0.9989272 0.01577234 -0.03869831 0.9991283 0.01565498 -0.03870373 0.9991514 0.01409387 -0.03340202 0.9993442 0.01398772 -0.03340196 0.9993441 0.01398772 -0.03340196 0.9993441 0.01398772 -0.03373587 0.9993543 0.01236629 -0.02851003 0.9995188 0.01223093 -0.02851003 0.9995187 0.01223093 -0.02851009 0.9995188 0.01222747 -0.02126145 0.9996752 0.01405417 -0.01820206 0.9997367 0.01397156 -0.01819682 0.9997167 0.01534938 -0.01120537 0.9997773 0.0178861 -0.00696218 0.9998179 0.01777595 -0.006962418 0.9998373 0.01664608 -0.002118706 0.9998614 0.01651751 -0.002119481 0.9998797 0.01536816 0.003140747 0.9998794 0.01521152 0.003476381 0.9998954 0.01404678 0.003476381 0.9998953 0.01404607 0.003476381 0.9998954 0.01404613 0.008812189 0.999865 0.01387208 0.008808195 0.9998807 0.01269137 0.01504755 0.9998087 0.01249104 0.01503944 0.9998232 0.01128917 0.02190762 0.9996987 0.01107746 0.05145674 0.9986186 0.01064127 0.04323583 0.9990044 0.01100045 0.04322123 0.9989921 0.01212179 0.03513836 0.9993052 0.01242947 0.03513836 0.9993052 0.01242947 0.0351383 0.9993052 0.01242947 0.03562456 0.9992731 0.01357632 0.02875179 0.9994905 0.01385933 0.02876406 0.9994737 0.01500058 0.02241778 0.9996325 0.01524209 0.02242058 0.9996145 0.01637887 0.01682925 0.9997212 0.0165686 0.01683151 0.9997016 0.01770859 0.01169425 0.999772 0.01787209 0.01169294 0.9997573 0.01867383 0.06696212 0.9976636 0.01354688 0.04976677 0.9986776 0.01289802 0.1111904 0.993717 0.01277494 0.09253448 0.9956368 0.01202821 0.1362729 0.9906001 0.01189404 0.07669103 0.9969825 0.01201963 0.05810278 0.9982462 0.01134133 0.05810278 0.9982462 0.01134133 0.05810278 0.9982463 0.01134133 0.1116366 0.9936869 0.0111218 0.1078921 0.9941031 0.01088058 0.1452048 0.9893441 0.01067191 0.09728181 0.9951708 0.01309549 0.09728181 0.9951708 0.01309549 0.09728181 0.9951708 0.01309549 0.09097886 0.9957599 0.01360827 0.09099149 0.9957486 0.0143342 0.08406883 0.9963526 0.01463139 0.08405804 0.9963388 0.0156027 0.07759809 0.9968584 0.01587474 0.07757794 0.9968437 0.01686477 0.07177674 0.9972744 0.01708489 0.07176244 0.9972577 0.01809495 0.06613278 0.9976435 0.01827627 0.06610715 0.9976248 0.01935774 0.1380226 0.9903511 0.01243191 0.1287751 0.9915878 0.01306068 0.1287434 0.9915806 0.01390135 0.1203446 0.9926285 0.01434671 0.1203364 0.9926146 0.01534807 0.1128073 0.9934929 0.01569527 0.1128278 0.9934735 0.01674389 0.1059294 0.9942276 0.01704829 0.1059039 0.9942182 0.01773363 0.0992524 0.9948933 0.01834219 0.09967136 0.9948508 0.01837313 0.1696283 0.9854767 0.007860898 0.1592975 0.9871925 0.008693456 0.1573525 0.9874961 0.009576618 0.1443549 0.9893524 0.01853835 0.1390044 0.9901128 0.01882839 0.136516 0.9904451 0.0195437 0.1794375 0.9835865 0.01896756 0.1861749 0.9823386 0.01870429 0.186294 0.9823362 0.01761174 0.1937439 0.9809004 0.01726025 0.1937807 0.9809111 0.01620906 0.2015514 0.9793502 0.01582139 0.2016083 0.9793548 0.01477128 0.2100547 0.977585 0.01430875 0.2100659 0.9775965 0.01331949 0.2192921 0.9755756 0.01278132 0.2193425 0.9755724 0.0121445 0.2266891 0.9739007 0.01138526 0.226249 0.9740046 0.01124787 0.2333738 0.972334 0.01015985 0.2316282 0.972754 0.009898424 0.2467225 0.9690531 0.008007049 0.258225 0.9660609 0.006789565 0.2582666 0.966054 0.006192624 0.2743865 0.9616054 0.005191862 0.2745197 0.9615735 0.003929734 0.2241482 0.9743656 0.01921987 0.2241482 0.9743656 0.01921987 0.2241482 0.9743655 0.01922005 0.2319076 0.9725537 0.01892906 0.23229 0.9724865 0.01764714 0.23229 0.9724865 0.01764714 0.23229 0.9724865 0.0176472 0.2399535 0.9706301 0.01730936 0.2400631 0.9706241 0.01608282 0.2490649 0.9683605 0.01564669 0.2492017 0.9683441 0.01443451 0.2584854 0.9659147 0.01393842 0.2585593 0.9659106 0.01280432 0.2682497 0.9632716 0.01225429 0.2682496 0.9632715 0.01225429 0.2681114 0.96331 0.01226466 0.268657 0.9631699 0.01127302 0.2783083 0.9604336 0.01057583 0.2771732 0.9607688 0.009913146 0.2887598 0.9573599 0.008927643 0.2873264 0.957795 0.008515954 0.2986741 0.9543272 0.00731486 0.2986741 0.9543272 0.00731486 0.2986741 0.9543272 0.007314801 0.2988525 0.9542715 0.007290303 0.3126536 0.9498471 0.00619167 0.3068289 0.9517477 0.005697727 0.356725 0.9341953 0.005125403 0.3803914 0.9248245 0.001462996 0.3942959 0.9189811 0.002151727 0.3024026 0.9531735 0.00358802 0.3288983 0.9443548 0.004455566 0.2796624 0.9599343 0.01775383 0.2892107 0.9571166 0.01688897 0.2893205 0.9570996 0.01593977 0.2991696 0.954074 0.01550459 0.2992129 0.9540824 0.01409065 0.3093937 0.950837 0.01358836 0.3092803 0.9508923 0.01222831 0.320932 0.9470311 0.01160961 0.3207678 0.9471006 0.01041704 0.3338372 0.9425819 0.009595572 0.3316974 0.9433461 0.008666813 0.3316974 0.9433461 0.008666813 0.3316974 0.9433462 0.008666872 0.3190545 0.9475044 0.02096951 0.3281133 0.9444171 0.02044808 0.3281132 0.9444171 0.02044808 0.3281133 0.9444171 0.02044814 0.3256621 0.9452828 0.01961141 0.3353922 0.9418901 0.01884692 0.3333375 0.9426271 0.01845008 0.3333375 0.9426271 0.01845014 0.3333375 0.9426271 0.01845008 0.3423987 0.9393931 0.01743149 0.3423987 0.9393931 0.01743149 0.3423987 0.9393931 0.01743149 0.3403941 0.9401245 0.01725786 0.3928741 0.9194187 0.01786655 0.3530853 0.9354903 0.01373577 0.3648601 0.9309773 0.01259469 0.3646983 0.9310535 0.01160001 0.376507 0.9263486 0.01098614 0.3765338 0.9263549 0.009429633 0.3893024 0.921069 0.008693337 0.3898031 0.9208695 0.007266223 0.3898032 0.9208695 0.007266223 0.3898031 0.9208695 0.007266283 0.4029511 0.9151988 0.006447613 0.4031199 0.915133 0.00508058 0.4182564 0.9083198 0.004097998 0.4181789 0.9083603 0.002831578 0.4346978 0.9005748 0.001714468 0.4346044 0.9006213 5.36836e-4 0.4512632 0.8923907 -6.34889e-4 0.4509646 0.8925417 -6.10004e-4 0.4509646 0.8925417 -6.09969e-4 0.4515044 0.8922672 -0.001773118 0.4071293 0.9132235 0.01639628 0.404732 0.9142874 0.01645034 0.4047321 0.9142875 0.0164504 0.404732 0.9142874 0.0164504 0.4064595 0.913542 0.01522034 0.4064595 0.913542 0.0152204 0.4064595 0.913542 0.01522034 0.4162259 0.9091474 0.0143938 0.4162259 0.9091474 0.0143938 0.4162259 0.9091474 0.0143938 0.4145462 0.9099199 0.0140435 0.4196241 0.9076087 0.01273715 0.4196241 0.9076087 0.01273715 0.4196241 0.9076086 0.01273715 0.4270403 0.90415 0.01222151 0.423704 0.9057342 0.01098239 0.4386766 0.898605 0.008482277 0.451637 0.8921741 0.007035851 0.451637 0.8921741 0.007035851 0.451637 0.8921741 0.007035791 0.4511355 0.8924352 0.006029546 0.4511354 0.8924352 0.006029546 0.4511355 0.8924352 0.006029546 0.4662566 0.8846349 0.005080461 0.4664387 0.8845466 0.00353986 0.4819515 0.8761945 0.002487242 0.4816721 0.8763509 9.96405e-4 0.4816722 0.876351 9.96409e-4 0.4816722 0.876351 9.9642e-4 0.4976802 0.8673607 -1.25701e-4 0.4976814 0.8673587 -0.001468837 0.5163335 0.8563828 -0.002860069 0.5162551 0.8564227 -0.004579126 0.4435803 0.8959717 0.0217114 0.4435802 0.8959717 0.02171528 0.4435802 0.8959717 0.02171528 0.4526796 0.8914159 0.02142119 0.4526924 0.8914559 0.01939046 0.4618124 0.8867737 0.01902168 0.4619425 0.8867455 0.01707851 0.4716978 0.8816035 0.01663243 0.4716978 0.8816035 0.01663249 0.4716978 0.8816035 0.01663249 0.4718541 0.8815531 0.01475882 0.4824127 0.8758285 0.01423251 0.48259 0.8757589 0.01238238 0.4936717 0.8695693 0.01172673 0.4940418 0.8693806 0.01001548 0.5054509 0.8628051 0.009314954 0.505407 0.8628427 0.008145034 0.5127673 0.8584964 0.007338106 0.5127535 0.8585101 0.006659328 0.5187848 0.8548839 0.006000161 0.5187848 0.8548839 0.006000161 0.5187848 0.8548839 0.006000161 0.5189822 0.8547731 0.004534542 0.5200371 0.8541312 0.004624605 0.5341148 0.8454068 0.002958118 0.5339457 0.8455169 0.001829266 0.5502316 0.8350117 7.59027e-4 0.5499398 0.8352038 -9.87081e-4 0.5499398 0.8352038 -9.87095e-4 0.5499398 0.8352039 -9.87102e-4 0.5676741 0.8232505 -0.002227604 0.5676462 0.8232635 -0.003868043 0.5842784 0.8115373 -0.005116641 0.5842784 0.8115373 -0.005116581 0.5842784 0.8115373 -0.005116641 0.5845686 0.8113173 -0.006630063 0.5845686 0.8113173 -0.006630063 0.5845686 0.8113173 -0.006630003 0.51248 0.8584028 0.02256321 0.5224201 0.8523972 0.02227962 0.5222922 0.8525335 0.01993739 0.5324779 0.8462176 0.01957553 0.532333 0.8463592 0.01725679 0.5426349 0.8398008 0.0168001 0.5426349 0.8398007 0.01680016 0.5426349 0.8398008 0.0168001 0.542625 0.8398476 0.01464504 0.5533651 0.8328194 0.01411068 0.5534308 0.8328104 0.01188462 0.5639383 0.8257395 0.01131188 0.5637445 0.8258977 0.009227395 0.5753551 0.8178589 0.008568465 0.5751398 0.8180246 0.007075428 0.5850384 0.8109834 0.006016075 0.5834657 0.8121186 0.005584359 0.5938165 0.8045912 0.003872156 0.5938165 0.8045913 0.003872215 0.5938165 0.8045912 0.003872156 0.593719 0.804663 0.003905594 0.5983088 0.8012624 0.002306699 0.6045819 0.7965412 0.001738071 0.6046911 0.7964602 -8.32274e-5 0.6053665 0.795947 8.66063e-6 0.6202509 0.7844012 -0.001863598 0.6202509 0.7844014 -0.001863598 0.6202509 0.7844014 -0.001863598 0.6206297 0.7840976 -0.003121793 0.6206297 0.7840977 -0.003122866 0.6206297 0.7840976 -0.003122866 0.6366946 0.7711041 -0.00431329 0.6364954 0.7712556 -0.006201803 0.6543594 0.756146 -0.007554233 0.654353 0.7561268 -0.009724378 0.6867524 0.7268859 -0.002834677 0.6925106 0.7214001 -0.003328323 0.6922428 0.7216446 -0.00538516 0.6930309 0.7208882 -0.005324363 0.7072184 0.7069582 -0.007228732 0.7075067 0.7066531 -0.008705735 0.7230796 0.6906929 -0.00996685 0.7231878 0.6905297 -0.01296955 0.6674435 0.7442474 0.02480089 0.6759027 0.7365821 0.02454262 0.6759684 0.7366212 0.02135473 0.6759683 0.7366213 0.02135473 0.6759684 0.7366212 0.02135467 0.6844878 0.7287204 0.02105128 0.6845846 0.7287133 0.01791048 0.6950498 0.7187495 0.017466 0.6951436 0.7187245 0.01451033 0.7053152 0.7087556 0.01400572 0.7052057 0.7089169 0.01104277 0.7052056 0.7089169 0.01104277 0.7052056 0.7089169 0.01104277 0.7149585 0.699088 0.01050096 0.7149336 0.6991501 0.007692813 0.7254388 0.6882506 0.007040143 0.7257128 0.6879832 0.004468739 0.7339504 0.6791922 0.003840029 0.7339504 0.6791923 0.003840029 0.7339504 0.6791923 0.003840029 0.7337878 0.679377 0.001566588 0.7431457 0.6691293 7.78965e-4 0.7432579 0.6690037 -0.001329779 0.7432579 0.6690037 -0.001329779 0.7432579 0.6690037 -0.001329779 0.7526935 0.6583678 -0.002159059 0.7528299 0.6582016 -0.004239082 0.7528298 0.6582017 -0.004239082 0.7528299 0.6582017 -0.004239141 0.7616537 0.6479645 -0.005068719 0.7617653 0.6478192 -0.006630361 0.7687832 0.6394644 -0.00758773 0.7687205 0.6395292 -0.008439481 0.7754927 0.6312867 -0.009386956 0.7759103 0.6307442 -0.01118975 0.7759103 0.6307442 -0.01118993 0.7759103 0.6307442 -0.01118975 0.7889881 0.6142852 -0.01230871 0.7892268 0.6139245 -0.0147615 0.9983408 -0.04610472 0.03449851 0.998196 -0.04908168 0.0345804 0.998196 -0.04908132 0.03458046 0.998196 -0.04908198 0.03458034 0.9983317 0.04624646 0.03457075 0.9983317 0.04624593 0.03457075 0.9983318 0.04624533 0.03457069 0.9982198 0.04867988 0.03446131 0.9899985 0.1368541 0.03426522 0.9899984 0.1368541 0.03426522 0.990025 0.1366646 0.03425443 0.990175 0.1355692 0.03426969 0.9696033 0.2423474 0.03372603 0.9696033 0.2423473 0.03372609 0.9696033 0.2423471 0.03372603 0.9709601 0.2368143 0.03399217 0.9709601 0.2368143 0.03399217 0.9709602 0.2368142 0.03399217 0.9357682 0.3510625 0.03306198 0.9357683 0.3510624 0.03306204 0.9357683 0.3510622 0.03306198 0.9373299 0.3468488 0.03329664 0.8925714 0.4497604 0.03212368 0.8925716 0.4497601 0.03212362 0.8925718 0.4497598 0.03212362 0.8943282 0.4462462 0.03227144 0.8943281 0.4462465 0.03227132 0.8943284 0.446246 0.03227144 0.8497672 0.5262342 0.03119933 0.8518442 0.5228551 0.03137046 0.8518442 0.5228552 0.0313704 0.851769 0.5229766 0.03138631 0.806916 0.5898934 0.03020942 0.8069161 0.5898933 0.03020942 0.8069162 0.5898931 0.03020942 0.810528 0.5849051 0.03050327 0.810528 0.5849052 0.03050327 0.8105281 0.584905 0.03050333 0.7470878 0.6640977 0.02888077 0.7507957 0.6598846 0.02929323 0.666803 0.7447377 0.02719479 0.7448573 0.6667167 0.02600896 0.7448574 0.6667167 0.0260089 0.7448574 0.6667167 0.0260089 0.758252 0.6514878 0.02484965 0.758252 0.6514879 0.02484965 0.758252 0.651488 0.02484959 0.7585605 0.6512215 0.02228844 0.7585604 0.6512216 0.02228838 0.7585605 0.6512215 0.02228838 0.7664393 0.6419417 0.02195072 0.7665925 0.6418731 0.01830184 0.7665925 0.6418731 0.01830178 0.7665002 0.6419833 0.01830476 0.7744892 0.6323323 0.01795327 0.7746279 0.6322512 0.01449275 0.7819703 0.6231566 0.01408141 0.7821297 0.6230245 0.01067072 0.7821296 0.6230246 0.01067072 0.7821297 0.6230245 0.01067078 0.7895515 0.6135996 0.01019525 0.7898511 0.6132596 0.00693041 0.789851 0.6132597 0.00693041 0.7898511 0.6132596 0.00693041 0.7985926 0.6018387 0.006346821 0.7985925 0.6018387 0.006346821 0.7985925 0.6018387 0.006346821 0.7984908 0.6019971 0.003460228 0.7984908 0.6019972 0.003460228 0.7984908 0.6019971 0.003460228 0.8071916 0.5902832 0.002762854 0.8071914 0.5902833 0.002762913 0.8071914 0.5902833 0.002762854 0.8074013 0.5900028 1.94156e-4 0.8141784 0.5806149 -3.99824e-4 0.8142584 0.5804954 -0.002929031 0.8222739 0.5690801 -0.0037027 0.8222739 0.5690801 -0.00370264 0.8222739 0.5690801 -0.0037027 0.8223888 0.5688939 -0.006039977 0.8307282 0.5566356 -0.006898999 0.8307281 0.5566356 -0.006898999 0.8307281 0.5566358 -0.006898999 0.8305903 0.5568155 -0.008741617 0.8349931 0.5501812 -0.009345352 0.8349931 0.5501812 -0.009345412 0.8350458 0.5501012 -0.00934273 0.8347961 0.5504573 -0.01059436 0.8399755 0.5425047 -0.01139235 0.8399094 0.5425591 -0.01349455 0.8509514 0.5250435 -0.01453351 0.8509513 0.5250436 -0.01453351 0.8509513 0.5250436 -0.01453357 0.8511109 0.5247005 -0.01731735 0.9983167 -0.04846936 0.03185248 0.9983167 -0.04847073 0.03185254 0.9983165 -0.04847222 0.03185266 0.9985562 -0.04336714 0.03170162 0.9985561 -0.04336661 0.03170168 0.9985561 -0.04336762 0.03170174 0.9983266 0.04834246 0.03173339 0.9983267 0.04834169 0.03173333 0.9983267 0.04834079 0.03173339 0.9985506 0.0434004 0.03183102 0.9985505 0.04340237 0.03183114 0.9985507 0.04339879 0.03183144 0.9903546 0.134909 0.03158092 0.9901406 0.1364693 0.0315876 0.9901406 0.1364696 0.03158748 0.9901407 0.1364689 0.0315876 0.9710708 0.2367556 0.03112 0.9710708 0.2367554 0.03112 0.9710708 0.2367554 0.03112 0.9716409 0.234406 0.03111195 0.9716408 0.2344061 0.03111195 0.9716409 0.2344058 0.03111201 0.9374007 0.3469187 0.03045624 0.9374007 0.3469186 0.03045624 0.9374007 0.3469185 0.03045624 0.9389041 0.3428129 0.03063464 0.9389039 0.3428137 0.03063458 0.9389044 0.3428123 0.03063476 0.8942283 0.4466294 0.02963274 0.8942286 0.4466288 0.02963274 0.8942289 0.4466282 0.0296328 0.8952259 0.4446206 0.0297172 0.895226 0.4446207 0.0297172 0.895226 0.4446206 0.02971726 0.8517855 0.5231032 0.02871549 0.8517856 0.5231031 0.02871567 0.8517856 0.523103 0.02871537 0.854751 0.5182319 0.02892071 0.8547509 0.518232 0.02892076 0.8547512 0.5182318 0.02892076 0.8102688 0.5853925 0.02793198 0.8145706 0.5793775 0.02822476 0.8145707 0.5793775 0.02822464 0.8145706 0.5793775 0.02822476 0.7512441 0.6594823 0.02674663 0.8179815 0.5746509 0.02613019 0.8179815 0.5746509 0.02613031 0.8179814 0.574651 0.02613019 0.814468 0.5796316 0.02586722 0.8145238 0.5795535 0.02586543 0.8145237 0.5795535 0.02586537 0.8571066 0.5144479 0.02667576 0.8571066 0.514448 0.02667576 0.8571066 0.514448 0.02667576 0.8545656 0.5186666 0.02651226 0.8545656 0.5186665 0.02651232 0.854739 0.5183798 0.02653002 0.8976698 0.4398143 0.02742904 0.8976699 0.4398144 0.02742904 0.8976699 0.4398144 0.02742904 0.8952451 0.4447463 0.0271508 0.895245 0.4447461 0.0271508 0.895245 0.4447463 0.02715086 0.9405456 0.3385025 0.02810794 0.9405456 0.3385027 0.02810817 0.9405454 0.3385028 0.028108 0.9390558 0.3426291 0.02792102 0.9390559 0.3426289 0.02792096 0.9390558 0.3426293 0.02792096 0.9722235 0.2323013 0.02859228 0.9722236 0.2323015 0.02859228 0.9722235 0.2323017 0.02859222 0.9718058 0.2340586 0.02846062 0.9718059 0.2340586 0.02846062 0.9718058 0.2340586 0.02846062 0.9901213 0.1372024 0.02890479 0.9902625 0.1361716 0.02893829 0.9902626 0.1361712 0.02893811 0.9902625 0.1361719 0.02893829 0.9988017 0.03934329 0.02910977 0.9988017 0.03934407 0.02910983 0.9988017 0.03934484 0.02910971 0.9986533 0.04300922 0.02901655 0.9986533 0.04300928 0.02901661 0.9986533 0.04300922 0.02901655 0.9988167 -0.03906881 0.02896147 0.9988167 -0.03906869 0.02896147 0.9988167 -0.03906852 0.02896147 0.998636 -0.04334384 0.02911669 0.9986358 -0.04334604 0.02911657 0.998636 -0.04334163 0.02911657 0.8179836 0.5747888 0.02282226 0.8255679 0.5638449 0.02272784 0.825972 0.5634053 0.0185669 0.8303797 0.5568913 0.01848322 0.8303796 0.5568915 0.01848334 0.8303796 0.5568917 0.0184834 0.8303068 0.5571198 0.01443302 0.8303065 0.5571202 0.01443845 0.8303333 0.5570801 0.01443886 0.8383143 0.545001 0.01425379 0.8382856 0.5451333 0.01035052 0.8467471 0.5319001 0.01008903 0.8467471 0.5319001 0.01008903 0.8467471 0.5319002 0.01008903 0.8471001 0.5313963 0.006275355 0.8527989 0.5222043 0.006061673 0.8527988 0.5222044 0.006061613 0.8527989 0.5222045 0.006057858 0.8526181 0.5225286 0.002503097 0.8525679 0.5226106 0.002505183 0.8526182 0.5225287 0.002503097 0.8568664 0.5155336 0.002307593 0.8564869 0.5161682 -7.85564e-4 0.8645123 0.5026105 -0.001184225 0.8644029 0.5027819 -0.004241108 0.8644028 0.5027823 -0.004237174 0.8644028 0.5027821 -0.004237294 0.870883 0.4914687 -0.004637122 0.8708828 0.4914689 -0.004637062 0.8708828 0.491469 -0.004637062 0.8709923 0.491239 -0.007540822 0.870992 0.4912395 -0.007540762 0.8709921 0.4912393 -0.007540762 0.875398 0.48334 -0.007802009 0.8753913 0.4833093 -0.01011216 0.8753913 0.4833095 -0.01011216 0.8753913 0.4833094 -0.01011216 0.8797723 0.4752791 -0.01051783 0.8798159 0.4751576 -0.01221454 0.8854544 0.4645509 -0.01276326 0.8853811 0.4646136 -0.01531577 0.8853811 0.4646137 -0.01531577 0.8853811 0.4646136 -0.01531583 0.8931308 0.4495192 -0.01580858 0.8574686 0.5140106 0.02325415 0.8574685 0.5140109 0.02325415 0.8574686 0.5140108 0.02325421 0.8609552 0.5081514 0.02320241 0.8609552 0.5081515 0.02320241 0.8609552 0.5081515 0.02320241 0.8611801 0.5079497 0.0188679 0.86118 0.50795 0.0188679 0.8611801 0.5079498 0.0188679 0.8681362 0.4959742 0.01868844 0.8681359 0.4959746 0.01868849 0.8681358 0.4959749 0.01868838 0.8682692 0.495883 0.01445442 0.8746967 0.4844598 0.01429551 0.8746967 0.4844601 0.01429557 0.8746966 0.4844603 0.01429557 0.8747075 0.4845452 0.01013761 0.8776308 0.4792321 0.01003646 0.8776308 0.4792323 0.01003646 0.8775847 0.4793165 0.01003861 0.8774844 0.4795677 0.006005465 0.8844043 0.4666864 0.005753695 0.8844042 0.4666865 0.005753755 0.8844041 0.4666866 0.005753695 0.8843079 0.4668993 0.002165377 0.8843076 0.4668998 0.002165317 0.8843078 0.4668996 0.002165377 0.8895696 0.4567959 0.001867771 0.8895695 0.456796 0.001867711 0.8895695 0.4567961 0.00187391 0.8893706 0.4571848 -0.001419484 0.8893698 0.4571865 -0.001413404 0.8893702 0.4571856 -0.001413524 0.8959072 0.4442377 -0.001812994 0.8959071 0.4442378 -0.001812994 0.8959497 0.4441521 -0.001806557 0.8958218 0.4443858 -0.00496304 0.8958216 0.4443864 -0.004954099 0.8958218 0.4443861 -0.004954099 0.8995851 0.4367144 -0.005226731 0.8995849 0.4367148 -0.005226671 0.8995848 0.4367151 -0.005226731 0.8995224 0.4367977 -0.008204221 0.899522 0.4367986 -0.008209168 0.8995221 0.4367981 -0.008209168 0.9049428 0.4254471 -0.008566796 0.9049428 0.4254474 -0.008566796 0.9049426 0.4254476 -0.008563697 0.9047158 0.4258734 -0.01100695 0.904777 0.4257433 -0.01100999 0.9047771 0.4257434 -0.01101005 0.9083296 0.418101 -0.01136189 0.9084697 0.4177962 -0.01137173 0.908234 0.4182527 -0.01325345 0.908234 0.418253 -0.01324915 0.9082341 0.4182529 -0.01324915 0.9102776 0.4137799 -0.01344889 0.9102775 0.4137801 -0.01344895 0.9102973 0.4137367 -0.01345074 0.9103651 0.4134877 -0.01623004 0.9103055 0.413619 -0.01622599 0.9103056 0.4136189 -0.01622599 0.9185193 0.3950199 -0.0167815 0.9185572 0.394932 -0.01678013 0.9185571 0.394932 -0.01678013 0.8976482 0.4400696 0.02380514 0.8975847 0.4401989 0.02380478 0.8976481 0.4400697 0.02380466 0.9024903 0.4300592 0.02367287 0.9024903 0.4300593 0.02367287 0.9024902 0.4300593 0.02367693 0.9024087 0.4304578 0.01909911 0.9067831 0.4211708 0.01896786 0.906783 0.4211709 0.01896786 0.9067829 0.421171 0.01896786 0.9067921 0.4213289 0.01449501 0.906792 0.4213292 0.01449495 0.9067921 0.421329 0.01449501 0.9099677 0.4144309 0.01435595 0.9099677 0.4144309 0.01435589 0.9099677 0.414431 0.01435124 0.9098397 0.4148367 0.01012307 0.9157089 0.4017226 0.009813129 0.9157844 0.4016304 0.005668938 0.9157843 0.4016305 0.005668878 0.9157844 0.4016304 0.005668938 0.9201995 0.3914129 0.005384445 0.9203312 0.3911365 0.001665949 0.9203312 0.3911365 0.001665949 0.9203312 0.3911365 0.001665949 0.9240901 0.3821722 0.001404523 0.9239853 0.3824228 -0.002084314 0.9239851 0.3824228 -0.002084314 0.9239851 0.3824227 -0.002084314 0.9259963 0.3775262 -0.002238094 0.9260245 0.3774228 -0.005549609 0.9301166 0.3672165 -0.005924642 0.9301167 0.3672166 -0.005924642 0.9301167 0.3672166 -0.005924582 0.9299139 0.3676711 -0.008836388 0.9299139 0.367671 -0.008836328 0.9299139 0.3676711 -0.008836328 0.9336804 0.3579856 -0.00934118 0.9338005 0.3576723 -0.009344339 0.9338005 0.3576723 -0.009344458 0.9336407 0.358015 -0.01185888 0.9362568 0.3511037 -0.01222562 0.9362568 0.3511037 -0.01222568 0.9362568 0.3511037 -0.01222568 0.9363874 0.3506883 -0.01401424 0.9388465 0.3440349 -0.01439911 0.9388465 0.3440349 -0.01439917 0.9388465 0.3440349 -0.01439917 0.9387907 0.3440544 -0.01728653 0.9387906 0.3440545 -0.01728653 0.9387906 0.3440544 -0.01728653 0.9431821 0.331805 -0.01769423 0.943182 0.3318052 -0.01769429 0.9431819 0.3318054 -0.01769429 0.9406225 0.3385831 0.02431201 0.9426684 0.3328514 0.02421319 0.9426683 0.3328517 0.02421319 0.9426683 0.332852 0.02421319 0.9427909 0.332821 0.01938158 0.9428066 0.3327765 0.01938199 0.9428067 0.3327761 0.01938199 0.9457845 0.3242259 0.01921719 0.9460557 0.323675 0.01460629 0.9488124 0.3155099 0.01444816 0.9487821 0.3156009 0.01444941 0.9487821 0.3156009 0.01444941 0.9485964 0.3163341 0.00988686 0.9510195 0.3089776 0.009737849 0.9509899 0.3090689 0.009738385 0.9509899 0.3090689 0.009738445 0.9510285 0.3090576 0.005316257 0.951073 0.3089208 0.005318224 0.9510729 0.3089208 0.005318164 0.9527602 0.3036795 0.005185782 0.9527602 0.3036795 0.005185782 0.9527602 0.3036796 0.005185782 0.9526783 0.3039781 0.001239001 0.9526782 0.3039783 0.001238942 0.9526782 0.3039782 0.001238942 0.9550452 0.2964586 0.001005649 0.9550943 0.2962915 -0.002521216 0.9550942 0.2962919 -0.002521514 0.9550942 0.2962917 -0.002521514 0.9580569 0.2865639 -0.002858996 0.9580569 0.2865641 -0.002858996 0.9580568 0.2865644 -0.002858936 0.9581042 0.2863506 -0.00630778 0.9596002 0.2812925 -0.006491005 0.9596048 0.2811818 -0.009769022 0.9621871 0.2722033 -0.01007103 0.9621871 0.2722033 -0.01007103 0.9621872 0.2722035 -0.01006644 0.9621321 0.2722854 -0.01275479 0.9631462 0.2686681 -0.01291543 0.9630559 0.2689905 -0.01293867 0.9630559 0.2689905 -0.01293855 0.9630008 0.2690863 -0.01490598 0.9647585 0.2626956 -0.01523458 0.9647584 0.2626958 -0.01523452 0.9647585 0.262696 -0.01523452 0.9647333 0.2625987 -0.01821273 0.9669331 0.2543603 -0.01847976 0.966933 0.2543603 -0.01847982 0.966933 0.2543603 -0.01847976 0.9723497 0.2322176 0.02472084 0.9723497 0.2322176 0.02472096 0.9723497 0.2322176 0.02472072 0.9738184 0.2259921 0.02460432 0.9738183 0.2259928 0.02460426 0.9738181 0.2259934 0.02460408 0.9740672 0.225413 0.01955193 0.9741101 0.2252267 0.01955813 0.9741102 0.2252265 0.01955807 0.9741893 0.2248855 0.01953864 0.9741892 0.2248859 0.01953864 0.9741891 0.2248862 0.0195387 0.9742953 0.2247998 0.01462215 0.9742951 0.2248006 0.01462221 0.9742952 0.2248002 0.01462215 0.9761787 0.2164856 0.01446747 0.9761786 0.216486 0.01446747 0.9761785 0.2164863 0.01446741 0.9762665 0.2163518 0.009783625 0.9762663 0.2163525 0.009783565 0.9762664 0.2163521 0.009783625 0.9770053 0.2129935 0.009720981 0.9770333 0.2130255 0.005115985 0.9783719 0.2067939 0.004995405 0.9783718 0.2067939 0.004995465 0.9784411 0.2064664 0.00497204 0.9784737 0.2063702 8.38115e-4 0.9784734 0.2063711 8.38035e-4 0.9784736 0.2063707 8.37991e-4 0.9794977 0.2014544 7.2937e-4 0.9795266 0.2013137 7.28675e-4 0.9794976 0.2014548 7.29447e-4 0.9794731 0.2015523 -0.003053486 0.9804764 0.1966116 -0.003167867 0.9804763 0.196612 -0.003167867 0.9804762 0.1966123 -0.003167808 0.9804476 0.196663 -0.006806254 0.9804475 0.1966632 -0.006806313 0.9804476 0.1966632 -0.006806313 0.9812253 0.1927414 -0.006900072 0.9812103 0.1926615 -0.01039451 0.9826356 0.1852421 -0.0106182 0.9826354 0.1852425 -0.01061832 0.9826533 0.1851487 -0.01061695 0.9826289 0.1851041 -0.01330608 0.9836309 0.179684 -0.01356989 0.9835982 0.1796934 -0.01564645 0.9835982 0.1796939 -0.01564639 0.9835983 0.1796936 -0.01564651 0.9838897 0.1780829 -0.01573663 0.9839718 0.1773193 -0.01890456 0.9839718 0.1773197 -0.0189045 0.9839718 0.1773195 -0.0189045 0.9852054 0.1703124 -0.01908355 0.9852053 0.1703129 -0.01908349 0.9852052 0.1703134 -0.01908349 0.9901752 0.1375936 0.02492427 0.9911245 0.1305953 0.02484351 0.9911245 0.1305955 0.02484345 0.9911244 0.1305956 0.02484357 0.9912043 0.130858 0.01975816 0.9912043 0.1308581 0.01975816 0.9912043 0.1308581 0.01975816 0.9919455 0.1251286 0.0196734 0.9919455 0.1251288 0.01967346 0.9919455 0.1251289 0.0196734 0.9920076 0.1253321 0.01459324 0.9920075 0.1253322 0.01459348 0.9920076 0.1253322 0.01459348 0.9919291 0.1259508 0.01459985 0.9919831 0.1259929 0.009763121 0.992478 0.122038 0.009705066 0.992478 0.122038 0.009704947 0.9924781 0.122038 0.009697794 0.9924991 0.1221519 0.004958391 0.9924991 0.1221519 0.00495845 0.9924991 0.1221519 0.00495845 0.993049 0.1176012 0.004881322 0.993081 0.1174305 6.65578e-4 0.993081 0.1174306 6.65544e-4 0.993081 0.1174305 6.65545e-4 0.9934802 0.1140032 5.80587e-4 0.9934121 0.1145493 -0.003320872 0.993412 0.1145504 -0.003320753 0.993412 0.1145499 -0.003320753 0.9936985 0.112035 -0.003377735 0.9936986 0.1120351 -0.003377735 0.9936985 0.1120351 -0.003377735 0.9936457 0.1123321 -0.007061362 0.9944643 0.1048256 -0.007231354 0.9944363 0.104781 -0.01083254 0.9941416 0.1075487 -0.01076132 0.9941415 0.107549 -0.01076132 0.9941416 0.1075493 -0.01076173 0.9940969 0.1076161 -0.0137906 0.9942688 0.1060087 -0.013848 0.9942688 0.1060087 -0.01384806 0.9942688 0.1060088 -0.01384806 0.9942566 0.1058285 -0.01594167 0.9942567 0.1058287 -0.01594167 0.9942566 0.1058286 -0.01594167 0.9948411 0.100149 -0.01617014 0.994841 0.1001493 -0.01617002 0.994841 0.1001496 -0.01617002 0.9947375 0.1006193 -0.01932179 0.9954392 0.0933941 -0.01945298 0.9954392 0.09339427 -0.01945298 0.9954393 0.09339439 -0.01944565 0.9989138 0.03934603 0.02496534 0.9989138 0.03934806 0.02495813 0.9989139 0.03934705 0.02495795 0.9987342 0.04363793 0.02501839 0.9988539 0.04359835 0.01975369 0.9988538 0.04359906 0.01975363 0.9988538 0.04359871 0.01975375 0.998932 0.04177808 0.01973414 0.9990192 0.0417813 0.01466315 0.9990192 0.04178196 0.01466315 0.9990192 0.04178166 0.0146631 0.9990667 0.04064363 0.01462882 0.9990667 0.0406441 0.01462882 0.9990665 0.04064458 0.01463454 0.9991183 0.04084485 0.009715974 0.9991242 0.04070144 0.009720206 0.9991183 0.04084497 0.009718894 0.9992006 0.03878581 0.00968784 0.9992007 0.03878635 0.009687781 0.9992005 0.03878688 0.009696841 0.9992379 0.03873008 0.004864513 0.9992849 0.03749954 0.004845261 0.9992849 0.03749966 0.004845321 0.9992849 0.03749978 0.004845321 0.9992945 0.03755468 5.40061e-4 0.9992944 0.03755617 5.4006e-4 0.9992945 0.03755539 5.40081e-4 0.9993246 0.03674429 5.28717e-4 0.9993246 0.03674513 5.2872e-4 0.9993246 0.0367459 5.28675e-4 0.9993214 0.03667557 -0.003426611 0.9993214 0.03667581 -0.003434836 0.9993214 0.03667575 -0.003434777 0.9993428 0.03608596 -0.003451049 0.9993428 0.03608655 -0.003451108 0.9993427 0.03608715 -0.003456771 0.9993243 0.03602671 -0.007288217 0.9993242 0.03602784 -0.007288098 0.9993243 0.03602725 -0.007288157 0.9991805 0.03983074 -0.007208943 0.9991209 0.04049742 -0.01083821 0.9991208 0.04049766 -0.01084059 0.9991209 0.04049754 -0.01084059 0.9993627 0.0339688 -0.01096683 0.9993627 0.03396916 -0.01096695 0.9993628 0.03396946 -0.01096457 0.9993132 0.03432041 -0.01397562 0.9993132 0.03432053 -0.01397556 0.9993132 0.03432047 -0.01397562 0.9993357 0.03367787 -0.01393532 0.9993357 0.03367871 -0.0139352 0.9993357 0.03367942 -0.0139352 0.9992964 0.03379535 -0.01626622 0.9992964 0.03379565 -0.01626628 0.9992965 0.03379553 -0.01626622 0.9993004 0.03366839 -0.01628524 0.9992554 0.03325629 -0.01956635 0.9992554 0.03325635 -0.01956635 0.9992554 0.03325629 -0.01956635 0.9992771 0.03260535 -0.01955139 0.9992771 0.0326054 -0.01955139 0.9992771 0.03260546 -0.01955139 0.9989014 -0.03961277 0.02503782 0.9989014 -0.03961265 0.02503788 0.9989014 -0.03961271 0.02503782 0.9987356 -0.04363662 0.02496051 0.9987357 -0.0436362 0.02496057 0.9987354 -0.04363572 0.02497267 0.9988524 -0.04364597 0.0197246 0.9989331 -0.0417478 0.01974368 0.9989332 -0.04174739 0.01974356 0.9989332 -0.04174709 0.01974362 0.999024 -0.04167121 0.01464611 0.9990241 -0.04167056 0.01464593 0.999024 -0.04167091 0.01464599 0.999063 -0.0407266 0.01464343 0.999063 -0.04072606 0.01464343 0.9990631 -0.04072558 0.01464343 0.9991267 -0.04064399 0.009697258 0.9991229 -0.04073882 0.00968796 0.9991229 -0.04073935 0.009688019 0.999207 -0.03861391 0.009722888 0.999207 -0.03861379 0.009722769 0.999207 -0.03861361 0.009722888 0.9992404 -0.03866791 0.004847824 0.9992404 -0.03866767 0.004847764 0.9992404 -0.03866779 0.004847764 0.9992849 -0.03749763 0.004863679 0.9992913 -0.0376383 5.20812e-4 0.9992914 -0.03763651 5.20937e-4 0.9992914 -0.03763741 5.20801e-4 0.9993244 -0.03675001 5.4973e-4 0.9993243 -0.03674912 5.49694e-4 0.9993245 -0.03674834 5.49774e-4 0.9993258 -0.03655165 -0.003458201 0.9993259 -0.03655016 -0.003444373 0.9993258 -0.03655087 -0.003444135 0.9993467 -0.03598022 -0.003443241 0.9993467 -0.03598004 -0.0034433 0.9993467 -0.03597986 -0.0034433 0.9993266 -0.03597903 -0.007202744 0.9993266 -0.03597897 -0.007203042 0.9993266 -0.03597903 -0.007203042 0.9991637 -0.04023653 -0.0072878 0.9991636 -0.04023611 -0.0072878 0.9991636 -0.04023575 -0.007287681 0.9991269 -0.04031568 -0.01096338 0.9991288 -0.04026687 -0.01097488 0.9991286 -0.04026734 -0.0109747 0.9993576 -0.03415763 -0.0108537 0.9993576 -0.03415733 -0.0108537 0.9993577 -0.03415709 -0.01084983 0.9993187 -0.03417068 -0.01394772 0.9993187 -0.03417056 -0.01394766 0.9993187 -0.03417062 -0.01394766 0.9993283 -0.03389739 -0.01392769 0.9993283 -0.03389722 -0.01392781 0.9993281 -0.03389704 -0.013938 0.9992873 -0.03405606 -0.01628768 0.9993258 -0.03292769 -0.01624661 0.9992583 -0.03316384 -0.01957339 0.9992583 -0.03316372 -0.01957345 0.9992583 -0.03316378 -0.01957339 0.9992744 -0.03269517 -0.01954078 0.9992744 -0.03269511 -0.01954078 0.9992744 -0.03269505 -0.01954078 0.9991879 -0.03258031 -0.02371227 0.9991879 -0.03258019 -0.02371227 0.9991879 -0.03258025 -0.02371227 0.9696021 -0.2423477 0.03375434 0.9696022 -0.2423475 0.03375434 0.9696022 -0.2423476 0.03375422 0.9708124 -0.2374224 0.03397023 0.9710689 -0.2367612 0.03113609 0.9710689 -0.2367609 0.03113609 0.9710689 -0.236761 0.03113603 0.9717324 -0.2339985 0.03131997 0.9717324 -0.2339983 0.03131991 0.9717325 -0.2339981 0.03131997 0.9717712 -0.2342007 0.02847468 0.9717712 -0.2342005 0.02847468 0.9717713 -0.2342007 0.02847474 0.9722121 -0.2323489 0.02859252 0.9722123 -0.2323487 0.02859276 0.9722234 -0.232302 0.02859276 0.9723311 -0.2323112 0.0245741 0.9723308 -0.2323114 0.0245831 0.972353 -0.2322182 0.02458578 0.9739265 -0.2255105 0.02474331 0.9739266 -0.2255101 0.02474325 0.9739268 -0.2255098 0.02473753 0.9740256 -0.2255933 0.01954221 0.9740258 -0.2255924 0.01954215 0.9740257 -0.2255929 0.01954215 0.9742102 -0.2247923 0.01957243 0.9742103 -0.2247918 0.01957249 0.9742104 -0.2247914 0.01957249 0.9742757 -0.2248966 0.01443535 0.9742759 -0.2248958 0.01443529 0.9742759 -0.2248963 0.01443535 0.9761549 -0.2165798 0.01465392 0.9761551 -0.2165794 0.0146538 0.9761551 -0.216579 0.01465386 0.9762172 -0.2165771 0.009721696 0.9762172 -0.2165771 0.00971812 0.9762172 -0.2165771 0.00971812 0.9771564 -0.2122945 0.009819746 0.9771862 -0.2123267 0.004976391 0.9784356 -0.2064888 0.005115985 0.9784357 -0.2064886 0.005115926 0.9784358 -0.2064885 0.005112648 0.9784582 -0.206444 7.31733e-4 0.9784582 -0.2064439 7.3501e-4 0.9784582 -0.2064439 7.35029e-4 0.9795184 -0.2013532 8.6721e-4 0.9795184 -0.2013532 8.67147e-4 0.9795183 -0.2013532 8.67136e-4 0.9794809 -0.201512 -0.003197669 0.9794809 -0.2015117 -0.003197669 0.9794809 -0.2015119 -0.003197729 0.9804002 -0.1969925 -0.003062903 0.9803951 -0.1969215 -0.006901562 0.9803951 -0.1969209 -0.006901562 0.9803951 -0.1969212 -0.006901621 0.9812263 -0.1927398 -0.006812274 0.9812172 -0.1927862 -0.006813108 0.9812266 -0.1927387 -0.006812155 0.9811988 -0.192707 -0.01063495 0.981199 -0.1927058 -0.01063489 0.9811988 -0.1927064 -0.01063501 0.9826163 -0.1853562 -0.01041465 0.9825636 -0.185433 -0.01354551 0.9825636 -0.185433 -0.01354557 0.9825636 -0.185433 -0.01354545 0.9836269 -0.1797233 -0.01333236 0.9836022 -0.1796636 -0.01574027 0.9839888 -0.1775412 -0.01565665 0.9839718 -0.1776355 -0.01565802 0.9839719 -0.1776354 -0.01565802 0.9838744 -0.1778418 -0.01906865 0.9838744 -0.1778419 -0.01906871 0.9838743 -0.1778418 -0.01906859 0.985121 -0.1708164 -0.01893246 0.9851039 -0.1704076 -0.02305817 0.9851039 -0.1704076 -0.02305817 0.9851039 -0.1704076 -0.02305811 0.8925077 -0.4498884 0.03210276 0.892508 -0.4498876 0.03210264 0.8924863 -0.4499309 0.03210097 0.8943812 -0.4461395 0.03227889 0.8943813 -0.4461392 0.03227895 0.8943814 -0.446139 0.03227889 0.8942068 -0.4466723 0.02963322 0.8942074 -0.4466712 0.02963304 0.8942071 -0.4466717 0.02963334 0.8951032 -0.4448676 0.02971637 0.8952815 -0.4446728 0.027148 0.8952818 -0.4446725 0.027148 0.8952816 -0.4446727 0.02714806 0.8976601 -0.4398345 0.02742165 0.8976602 -0.4398345 0.02742165 0.8976602 -0.4398345 0.02742171 0.8976678 -0.440042 0.0235731 0.8976679 -0.4400419 0.02357047 0.8976679 -0.4400418 0.02357053 0.9024889 -0.4300503 0.02388763 0.9026545 -0.4299506 0.01890224 0.9026547 -0.4299505 0.01890224 0.9026547 -0.4299506 0.01890224 0.9066991 -0.4213434 0.01915007 0.906699 -0.4213433 0.01915007 0.9066991 -0.4213432 0.01915371 0.9068748 -0.4211568 0.01432478 0.9068748 -0.4211565 0.01433008 0.9068748 -0.4211567 0.01433014 0.9099679 -0.4144261 0.01447844 0.9099678 -0.4144261 0.01447844 0.9099679 -0.414426 0.01447844 0.9099153 -0.4146786 0.009790122 0.9099153 -0.4146786 0.009790122 0.9099153 -0.4146786 0.009790122 0.9155843 -0.4019989 0.01012229 0.9155843 -0.4019989 0.01012229 0.9155843 -0.4019988 0.01012223 0.9158436 -0.401499 0.005400061 0.9158436 -0.4014989 0.005400061 0.9158436 -0.401499 0.005400002 0.9203293 -0.3911038 0.005640387 0.9203294 -0.3911037 0.005640387 0.9203294 -0.3911037 0.005640387 0.9203315 -0.3911368 0.001407861 0.9203315 -0.3911368 0.001407861 0.9203315 -0.3911368 0.001407921 0.9241228 -0.3820919 0.001666665 0.9241464 -0.382032 -0.002226591 0.9260596 -0.3773716 -0.002099633 0.9258269 -0.3779024 -0.005874276 0.9302143 -0.366974 -0.005611658 0.9299901 -0.3674672 -0.009288966 0.933858 -0.3575301 -0.009037017 0.933858 -0.3575301 -0.009037017 0.933858 -0.35753 -0.00904113 0.9338705 -0.3574029 -0.01221382 0.9362031 -0.3512582 -0.01190263 0.9363894 -0.3506695 -0.01435327 0.9363895 -0.3506693 -0.01434886 0.9363895 -0.3506694 -0.01434886 0.9387712 -0.344254 -0.01407247 0.9388598 -0.3438506 -0.017587 0.9388599 -0.3438503 -0.01758694 0.9388597 -0.3438504 -0.017587 0.9431322 -0.3319622 -0.01740568 0.9431322 -0.331962 -0.01740574 0.9431323 -0.3319618 -0.01740574 0.9432306 -0.331453 -0.02133089 0.9432306 -0.3314529 -0.02133089 0.9432306 -0.331453 -0.02133089 0.8496985 -0.5263486 0.03114098 0.8496986 -0.5263487 0.0311371 0.8496986 -0.5263488 0.03113716 0.8518359 -0.5228683 0.03137481 0.8521062 -0.5225794 0.02873766 0.8521061 -0.5225796 0.0287376 0.8521062 -0.5225796 0.02873766 0.8543441 -0.5189025 0.02892416 0.8543443 -0.5189022 0.02892434 0.8543444 -0.5189019 0.02892422 0.8545488 -0.5186933 0.0265271 0.8574432 -0.5138813 0.02678084 0.8575733 -0.5138422 0.02311611 0.8575733 -0.5138422 0.02311611 0.8575733 -0.5138423 0.02311611 0.8609462 -0.5081624 0.02329587 0.8609464 -0.5081621 0.02329599 0.8609467 -0.5081617 0.02329587 0.861029 -0.5082151 0.01861971 0.8610295 -0.5082147 0.01860886 0.8610293 -0.5082148 0.01860892 0.8681582 -0.4959261 0.01894164 0.8681582 -0.495926 0.01894176 0.8681583 -0.4959259 0.0189417 0.868323 -0.4957956 0.01421374 0.8683239 -0.4957939 0.01421374 0.8683235 -0.4957948 0.01421356 0.8744107 -0.4849701 0.01449334 0.8744108 -0.4849698 0.01449346 0.874411 -0.4849696 0.0144934 0.8744482 -0.4850154 0.0100243 0.8744717 -0.4849731 0.01001477 0.8744716 -0.4849733 0.01001483 0.8777098 -0.4790851 0.0101521 0.8777098 -0.4790851 0.0101521 0.8777096 -0.4790853 0.01016157 0.8776466 -0.4792739 0.005741596 0.8776466 -0.4792739 0.005741655 0.8776466 -0.4792739 0.005741536 0.8843583 -0.4667704 0.005988895 0.8843584 -0.4667702 0.005988955 0.8843584 -0.4667701 0.005993962 0.8844215 -0.4666852 0.001906991 0.8844217 -0.4666849 0.001913547 0.8844216 -0.4666851 0.001913547 0.8893038 -0.4573121 0.002105295 0.8893477 -0.4572265 0.002105414 0.889348 -0.4572263 0.00210452 0.8893 -0.457321 -0.001740276 0.8957201 -0.4446159 -0.00150901 0.8957203 -0.4446156 -0.001508951 0.8957204 -0.4446154 -0.00150913 0.8957659 -0.4444962 -0.005162954 0.8957662 -0.4444959 -0.005151152 0.8957661 -0.444496 -0.005151212 0.8996443 -0.4365947 -0.005016267 0.8996444 -0.4365946 -0.005016326 0.8996446 -0.4365945 -0.005016267 0.8993943 -0.4370561 -0.008474886 0.8993943 -0.4370559 -0.008482635 0.8993943 -0.437056 -0.008482575 0.9045612 -0.4262635 -0.008281588 0.9047043 -0.42596 -0.00827533 0.9047043 -0.4259599 -0.00827527 0.9046257 -0.4260568 -0.01131206 0.9046259 -0.4260563 -0.01131802 0.9046258 -0.4260566 -0.01131802 0.9084811 -0.4177791 -0.01108038 0.9084813 -0.4177788 -0.01108038 0.9084815 -0.4177785 -0.01107937 0.9083067 -0.4180893 -0.01342946 0.9102852 -0.4137684 -0.01329576 0.9102851 -0.4137683 -0.01329576 0.9102852 -0.4137684 -0.01329571 0.9102476 -0.4137319 -0.01659166 0.910228 -0.413775 -0.01658993 0.9102477 -0.4137317 -0.01659011 0.9187937 -0.3943957 -0.01644021 0.9183476 -0.3952518 -0.02034389 0.9183476 -0.3952517 -0.02034395 0.9183476 -0.3952517 -0.02034395 0.7470886 -0.6640983 0.02884864 0.7504687 -0.6602548 0.02933406 0.7504687 -0.6602548 0.02933406 0.7504687 -0.6602548 0.02933406 0.7511742 -0.6595618 0.02674984 0.7312051 -0.681723 0.02435153 0.7584847 -0.6511605 0.02628815 0.7584235 -0.651397 0.02181643 0.7584235 -0.6513969 0.02181649 0.7584235 -0.651397 0.02181649 0.7665147 -0.641837 0.02237796 0.7665146 -0.6418369 0.02237802 0.7665147 -0.6418369 0.02237796 0.7666816 -0.6417794 0.01784789 0.7741838 -0.6326932 0.01841008 0.7741838 -0.6326931 0.01841002 0.7741839 -0.6326931 0.01841002 0.7741996 -0.6327865 0.01401388 0.7820848 -0.6230025 0.01453971 0.7820849 -0.6230024 0.01453971 0.7820848 -0.6230024 0.01453977 0.7819235 -0.6232914 0.0101822 0.7899527 -0.6130746 0.01069086 0.7899454 -0.6131442 0.006362915 0.7984974 -0.6019586 0.006911933 0.7983308 -0.6022127 0.00279802 0.8072976 -0.5901346 0.003420948 0.8073536 -0.5900678 -3.45203e-4 0.8141782 -0.5806152 1.29147e-4 0.8138284 -0.5810943 -0.003599286 0.8220666 -0.5693833 -0.003028631 0.8220668 -0.5693832 -0.003028512 0.8220668 -0.5693831 -0.003028571 0.8219666 -0.5694958 -0.006752252 0.8307144 -0.5566647 -0.006169319 0.8304662 -0.5569913 -0.009314239 0.8304662 -0.5569911 -0.009314239 0.8304662 -0.5569912 -0.009314239 0.835155 -0.5499444 -0.008803546 0.8349092 -0.5502725 -0.01126879 0.8399052 -0.5426276 -0.01071053 0.8400058 -0.5423904 -0.01425087 0.8400058 -0.5423904 -0.01425087 0.8400058 -0.5423904 -0.01425087 0.8508744 -0.5251886 -0.01377707 0.8508745 -0.5251886 -0.01377695 0.8508745 -0.5251885 -0.01377701 0.8509302 -0.5249925 -0.01734411 0.5896202 -0.8073479 0.0231803 0.5896202 -0.807348 0.02318042 0.5896202 -0.8073479 0.02318024 0.5985094 -0.8007622 0.0237981 0.5985094 -0.8007622 0.0237981 0.5985094 -0.8007622 0.02380108 0.59833 -0.8009974 0.02010613 0.6075453 -0.7940146 0.02072852 0.607991 -0.793761 0.01704424 0.6169546 -0.7868013 0.01762771 0.6169546 -0.7868014 0.01762771 0.6169547 -0.7868013 0.01762765 0.6170248 -0.7868201 0.01395529 0.6170248 -0.7868201 0.01395529 0.6170248 -0.7868201 0.01395529 0.62764 -0.7783667 0.01461118 0.6275619 -0.7784915 0.01083302 0.6384745 -0.7695571 0.01149743 0.6387327 -0.7693429 0.01149743 0.6389872 -0.7691777 0.007810771 0.6497713 -0.7600829 0.008450627 0.6500062 -0.7599135 0.00485444 0.6621272 -0.7493703 0.005639314 0.6621272 -0.7493702 0.005639314 0.6621273 -0.7493703 0.005639314 0.6562705 -0.7545225 0.002246797 0.6745682 -0.7382054 0.003246128 0.6745682 -0.7382054 0.003246188 0.6745682 -0.7382054 0.003246128 0.663057 -0.7485689 -3.68046e-4 0.6882209 -0.7255008 8.5002e-4 0.6789226 -0.7342092 -0.001040995 0.6789226 -0.7342092 -0.001040935 0.6789226 -0.7342092 -0.001040995 0.6885802 -0.7251528 -0.00327301 0.6885802 -0.7251528 -0.003273069 0.6885802 -0.7251529 -0.003273069 0.6922898 -0.7216137 -0.002915024 0.6922426 -0.7216449 -0.005368888 0.6928787 -0.7210346 -0.005316257 0.7073445 -0.7068318 -0.007256507 0.7075597 -0.7065882 -0.009618818 0.7230297 -0.6907576 -0.009054899 0.7231401 -0.6905966 -0.01202589 0.5124601 -0.858427 0.02208614 0.5223414 -0.852433 0.0227496 0.5225576 -0.852383 0.01941376 0.5325748 -0.8461447 0.02008616 0.5327677 -0.8460968 0.01669806 0.5429193 -0.8396055 0.01735943 0.5429602 -0.8396409 0.01404619 0.5533653 -0.8328092 0.01469242 0.5534793 -0.8327866 0.01128393 0.5537586 -0.8326007 0.01129275 0.5534793 -0.8327866 0.01128178 0.5638547 -0.8257883 0.01189911 0.5639843 -0.8257411 0.008562624 0.5751947 -0.8179646 0.009226977 0.5750888 -0.8180685 0.006072759 0.5881655 -0.8087102 0.007016479 0.5881655 -0.8087102 0.007016479 0.5881655 -0.8087102 0.007016539 0.5780674 -0.8159793 0.004000365 0.6044179 -0.7966489 0.005456686 0.6044179 -0.7966489 0.005456626 0.6044179 -0.7966488 0.005456864 0.5936031 -0.8047485 0.003897666 0.6045817 -0.7965412 0.001761078 0.6048467 -0.7963402 0.001716554 0.5982803 -0.8012837 0.002289533 0.5337565 -0.845633 0.002990782 0.5337564 -0.845633 0.002990782 0.5337565 -0.845633 0.002990782 0.5201134 -0.8540849 0.004608035 0.604691 -0.7964602 -8.76078e-5 0.6052966 -0.7960002 2.1653e-5 0.6207543 -0.784003 -0.001868128 0.620456 -0.7842311 -0.004020571 0.6365598 -0.7712198 -0.00341022 0.6364913 -0.7712506 -0.007185995 0.654364 -0.7561513 -0.006565749 0.6542171 -0.7562495 -0.009320199 0.4433965 -0.8960742 0.02122539 0.4525355 -0.8914774 0.02190512 0.4526974 -0.8914644 0.01887798 0.4620511 -0.8866378 0.01955211 0.4620512 -0.8866378 0.01955211 0.4620512 -0.8866378 0.01955217 0.4616304 -0.8869193 0.01647907 0.4720775 -0.8813899 0.0171687 0.471586 -0.8817067 0.01415008 0.4715861 -0.8817065 0.01415008 0.471586 -0.8817065 0.01415008 0.4822968 -0.8758826 0.01481735 0.4822968 -0.8758826 0.01481735 0.4822968 -0.8758826 0.01481759 0.4823233 -0.8759154 0.01168525 0.4940196 -0.8693622 0.01240992 0.4939906 -0.8694174 0.009312629 0.5057418 -0.8626268 0.01002246 0.5057162 -0.8626686 0.007362186 0.5125845 -0.8585987 0.008089244 0.5130519 -0.8583368 0.005992174 0.5191056 -0.8546848 0.006588816 0.5191056 -0.8546848 0.006588876 0.5191056 -0.8546848 0.006588876 0.5193445 -0.8545529 0.004544019 0.5193445 -0.8545529 0.00454396 0.5193445 -0.8545529 0.00454396 0.5339897 -0.8454905 9.60039e-4 0.5502566 -0.834994 0.001638531 0.5503647 -0.8349221 -0.001935064 0.5676751 -0.8232519 -0.00125581 0.5676441 -0.8232602 -0.004781603 0.5840781 -0.8116868 -0.004187524 0.5841973 -0.8115842 -0.00668323 0.5841974 -0.8115842 -0.00668323 0.5841974 -0.8115842 -0.00668323 0.4058877 -0.913775 0.01645016 0.4060186 -0.9137166 0.01646184 0.4058877 -0.913775 0.01645016 0.4052567 -0.9140569 0.01634013 0.4080939 -0.9128273 0.01434344 0.4213106 -0.9067872 0.0153042 0.4145453 -0.9099205 0.0140376 0.4220719 -0.9064799 0.01222681 0.4284 -0.9034993 0.01274579 0.4287026 -0.9033555 0.01276493 0.4236343 -0.9057669 0.01097208 0.4387946 -0.8985474 0.00848174 0.437684 -0.89909 0.008372962 0.4373826 -0.8992367 0.008356809 0.4376036 -0.8991114 0.01008665 0.4513154 -0.8923494 0.00521028 0.4666112 -0.8844429 0.005903065 0.4666951 -0.8844143 0.002693712 0.4817709 -0.8762909 0.003353655 0.4818903 -0.8762316 1.15537e-4 0.4976801 -0.8673604 7.5614e-4 0.4975737 -0.8674182 -0.002500414 0.5164454 -0.8563182 -0.001819729 0.5163671 -0.8563581 -0.003985583 0.3394835 -0.9404507 0.01741886 0.341984 -0.9395468 0.01729112 0.3929502 -0.9193858 0.01788794 0.2797535 -0.9599076 0.01776111 0.2797654 -0.9599039 0.01777744 0.2798014 -0.9598719 0.01889783 0.2890722 -0.9571833 0.01540911 0.2890723 -0.9571833 0.01540911 0.2890723 -0.9571833 0.01540911 0.2990976 -0.9540885 0.01599216 0.2991462 -0.9541112 0.01354306 0.309633 -0.9507513 0.01412624 0.3092755 -0.9509016 0.01161557 0.3092755 -0.9509017 0.01161098 0.3092755 -0.9509017 0.01161098 0.3208702 -0.9470444 0.01222181 0.3209691 -0.9470406 0.009643793 0.3350583 -0.9421404 0.01036715 0.3317495 -0.943328 0.008641719 0.3317495 -0.943328 0.00864166 0.3317495 -0.943328 0.008641719 0.3803785 -0.9248297 0.001478433 0.3940204 -0.9190993 0.002163529 0.3896262 -0.9209724 0.001169383 0.2234484 -0.9745343 0.01880627 0.2317259 -0.972589 0.01933211 0.2317343 -0.9726268 0.01722133 0.2399169 -0.9706314 0.0177372 0.2399216 -0.9706673 0.0155797 0.2491198 -0.9683383 0.01613956 0.2490944 -0.9683792 0.01392441 0.2580487 -0.9660237 0.01446604 0.2580487 -0.9660236 0.01446598 0.2580487 -0.9660237 0.01446604 0.2584214 -0.965955 0.01222133 0.2685453 -0.9631822 0.01279431 0.2685719 -0.9632015 0.01058316 0.2795147 -0.9600756 0.01124525 0.2755008 -0.9612588 0.008992612 0.2921263 -0.956329 0.009853541 0.2834174 -0.9589678 0.007449865 0.3052145 -0.9522469 0.008379459 0.2990541 -0.9542084 0.007288396 0.3041635 -0.9525993 0.00627321 0.3124571 -0.9499151 0.005665183 0.3564794 -0.934289 0.005142211 0.1794874 -0.9835842 0.01861482 0.186386 -0.9822915 0.01907163 0.1864253 -0.9823186 0.01720118 0.1941147 -0.9808197 0.01767706 0.1941147 -0.9808196 0.017677 0.1941147 -0.9808197 0.01767241 0.1937824 -0.9809178 0.01576626 0.2017129 -0.9793095 0.01627475 0.2017728 -0.9793285 0.01426982 0.2101341 -0.9775609 0.0147807 0.2101914 -0.9775768 0.01277548 0.219245 -0.975579 0.01331716 0.2192363 -0.975605 0.01141446 0.2292872 -0.9732834 0.01211994 0.2226358 -0.9748483 0.01020061 0.2406439 -0.9705491 0.0111854 0.2311097 -0.9728776 0.009872674 0.2311097 -0.9728777 0.009872615 0.2311097 -0.9728776 0.009872674 0.2466441 -0.9690729 0.00802356 0.2441239 -0.9697126 0.007806777 0.2441596 -0.9696946 0.008859515 0.1404159 -0.9899201 0.01848345 0.1453476 -0.9891996 0.01892632 0.1453476 -0.9891997 0.01892626 0.1453476 -0.9891996 0.01892632 0.142879 -0.9895748 0.01809787 0.1738966 -0.9846865 0.01235336 0.1725685 -0.9849217 0.01222956 0.1726626 -0.9848911 0.01330727 0.2211261 -0.9752177 0.007335066 0.2075318 -0.9782047 0.006802558 0.2075318 -0.9782047 0.006802558 0.2075318 -0.9782047 0.006802618 0.207522 -0.9781885 0.009048759 0.207522 -0.9781885 0.009048759 0.207522 -0.9781885 0.009048759 0.194567 -0.9808524 0.008503735 0.1945671 -0.9808309 0.01070046 0.182932 -0.983073 0.01016902 0.1832576 -0.982999 0.01138949 0.1832575 -0.982999 0.01139187 0.1832575 -0.982999 0.01139187 0.1059297 -0.9942336 0.01668733 0.1129781 -0.9934505 0.0170961 0.1129587 -0.9934817 0.01531374 0.120336 -0.9926087 0.01572299 0.1203455 -0.9926349 0.01389425 0.1287426 -0.9915743 0.0143463 0.128795 -0.9915928 0.01247841 0.1396789 -0.9901111 0.01303619 0.1361047 -0.9906235 0.01186841 0.1610169 -0.9869197 0.007939279 0.1732735 -0.9848365 0.008568286 0.1687931 -0.9856214 0.007709205 0.0661323 -0.9976478 0.01804089 0.07166987 -0.9972605 0.01830953 0.07165604 -0.9972873 0.01683652 0.07760721 -0.9968368 0.01713722 0.07759845 -0.9968631 0.01557594 0.08405733 -0.9963343 0.01588416 0.08406937 -0.996357 0.01431632 0.09116613 -0.9957281 0.01464104 0.09117305 -0.9957487 0.0131191 0.1002433 -0.9948703 0.01358646 0.09211909 -0.9956755 0.01202142 0.09211909 -0.9956755 0.01202142 0.09211909 -0.9956755 0.01202148 0.1111869 -0.9937176 0.01276803 0.103306 -0.9945774 0.01199024 0.107199 -0.994175 0.01117026 0.107199 -0.994175 0.01117026 0.107199 -0.994175 0.01117032 0.1116943 -0.9936833 0.01086455 0.1447857 -0.9894056 0.01066708 0.1447857 -0.9894056 0.01066708 0.1447857 -0.9894056 0.01066708 0.01169425 -0.9997754 0.01767462 0.01683199 -0.9996981 0.01790308 0.01683431 -0.9997246 0.0163511 0.02241438 -0.9996113 0.01658463 0.02242398 -0.9996361 0.0150007 0.02842074 -0.9994797 0.01525276 0.02842074 -0.9994797 0.01525276 0.02875971 -0.999494 0.01358634 0.03553342 -0.9992727 0.0138477 0.03553599 -0.9992946 0.01214605 0.04322105 -0.9989883 0.01242756 0.04323601 -0.9990079 0.01067632 0.05145651 -0.9986151 0.01096659 0.0514509 -0.9986299 0.009555399 -0.02064722 -0.9996893 0.01397168 -0.01820522 -0.9997356 0.01405072 -0.01819682 -0.9997168 0.01534593 -0.04742342 -0.9987255 0.01727586 -0.04344844 -0.9989046 0.01737624 -0.04345202 -0.9989329 0.01565521 -0.0386883 -0.999127 0.01576256 -0.03870385 -0.9991531 0.0139712 -0.03344184 -0.9993414 0.01409578 -0.0337848 -0.9993543 0.01223456 -0.0337848 -0.9993544 0.012232 -0.0337848 -0.9993543 0.01223194 -0.0283699 -0.9995211 0.01235622 -0.02837926 -0.9995412 0.0105825</float_array>
          <technique_common>
            <accessor source="#left_rudder-mesh-normals-array" count="2785" stride="3">
              <param name="X" type="float"/>
              <param name="Y" type="float"/>
              <param name="Z" type="float"/>
            </accessor>
          </technique_common>
        </source>
        <vertices id="left_rudder-mesh-vertices">
          <input semantic="POSITION" source="#left_rudder-mesh-positions"/>
        </vertices>
        <triangles count="1814">
          <input semantic="VERTEX" source="#left_rudder-mesh-vertices" offset="0"/>
          <input semantic="NORMAL" source="#left_rudder-mesh-normals" offset="1"/>
          <p>0 0 1 0 2 0 0 0 2 0 3 0 4 0 5 0 6 0 3 0 2 0 7 0 7 1 2 1 8 1 7 0 8 0 9 0 9 2 8 3 10 4 9 0 10 0 11 0 11 5 10 5 12 5 11 0 12 0 13 0 13 6 12 6 14 6 13 0 14 0 15 0 15 7 14 7 16 7 15 0 16 0 17 0 17 8 16 8 18 8 17 0 18 0 19 0 19 9 18 9 20 9 19 10 20 10 21 10 19 0 21 0 22 0 22 11 21 11 23 11 22 0 23 0 24 0 24 12 23 12 25 12 24 13 25 13 26 13 24 0 26 0 27 0 27 14 26 14 28 14 27 0 28 0 29 0 29 15 28 15 30 15 29 0 30 0 31 0 31 16 30 16 32 16 31 0 32 0 33 0 33 17 32 17 34 17 33 0 34 0 35 0 35 18 34 18 36 18 35 19 36 19 37 19 37 20 36 20 38 20 37 0 38 0 39 0 39 21 38 21 40 21 39 0 40 0 41 0 41 22 40 22 42 22 41 0 42 0 43 0 43 23 42 23 44 23 43 0 44 0 45 0 45 24 44 24 46 24 45 0 46 0 47 0 47 25 46 25 48 25 47 0 48 0 49 0 49 26 48 26 50 26 49 27 50 27 51 27 51 28 50 28 52 28 51 0 52 0 53 0 53 29 52 29 54 29 53 0 54 0 55 0 55 30 54 30 56 30 55 0 56 0 57 0 57 31 56 31 58 31 57 32 58 32 59 32 59 33 58 33 60 33 59 0 60 0 61 0 61 34 60 34 62 34 61 0 62 0 63 0 63 0 62 0 64 0 63 35 64 35 65 35 65 0 64 0 66 0 65 36 66 36 5 36 5 37 66 37 67 37 5 0 67 0 6 0 6 38 67 38 68 38 69 39 70 39 71 39 72 40 73 40 74 40 75 41 76 41 77 41 77 42 76 42 78 42 77 43 78 43 79 43 79 44 78 44 80 44 79 45 80 45 81 45 81 46 80 46 82 46 81 47 82 47 83 47 83 48 82 48 71 48 83 49 71 49 70 49 84 50 85 50 86 50 86 51 85 51 75 51 86 52 75 52 77 52 87 53 88 53 89 53 89 54 88 54 84 54 89 55 84 55 86 55 90 56 91 56 92 56 92 57 91 57 93 57 92 58 93 58 94 58 94 59 93 59 95 59 94 60 95 60 96 60 96 61 95 61 97 61 96 62 97 62 98 62 98 63 97 63 99 63 98 64 99 64 100 64 100 65 99 65 101 65 100 66 101 66 102 66 102 67 101 67 103 67 102 68 103 68 104 68 104 69 103 69 105 69 104 70 105 70 106 70 106 71 105 71 107 71 106 72 107 72 108 72 108 73 107 73 109 73 108 74 109 74 110 74 110 75 109 75 111 75 110 76 111 76 112 76 112 77 111 77 113 77 112 78 113 78 114 78 114 79 113 79 115 79 114 80 115 80 116 80 116 81 115 81 87 81 116 82 87 82 89 82 117 83 118 83 119 83 119 84 118 84 120 84 119 85 120 85 121 85 121 86 120 86 122 86 121 87 122 87 123 87 123 88 122 88 124 88 123 89 124 89 125 89 125 90 124 90 126 90 125 91 126 91 127 91 127 92 126 92 128 92 127 93 128 93 129 93 129 94 128 94 130 94 129 95 130 95 131 95 131 96 130 96 132 96 131 97 132 97 133 97 133 98 132 98 134 98 133 99 134 99 135 99 135 100 134 100 91 100 135 101 91 101 90 101 118 102 117 102 136 102 136 103 117 103 137 103 136 104 137 104 138 104 138 105 137 105 139 105 138 106 139 106 140 106 140 107 139 107 141 107 140 108 141 108 142 108 142 109 141 109 143 109 142 110 143 110 144 110 144 111 143 111 145 111 144 112 145 112 146 112 146 113 145 113 147 113 146 114 147 114 148 114 148 115 147 115 149 115 148 116 149 116 150 116 150 117 149 117 151 117 150 118 151 118 152 118 152 119 151 119 153 119 152 120 153 120 154 120 154 121 153 121 73 121 154 122 73 122 155 122 155 123 73 123 72 123 155 124 72 124 156 124 157 125 158 125 159 125 160 126 161 126 162 126 139 127 163 127 141 127 141 128 163 128 164 128 141 129 164 129 143 129 143 130 164 130 165 130 143 131 165 131 145 131 145 132 165 132 166 132 145 133 166 133 147 133 147 134 166 134 167 134 147 135 167 135 149 135 149 136 167 136 168 136 149 137 168 137 151 137 151 138 168 138 169 138 170 139 171 139 172 139 170 140 172 140 173 140 173 141 172 141 174 141 173 142 174 142 175 142 176 143 74 144 73 145 176 146 73 146 177 146 176 147 177 147 178 147 176 148 178 148 175 148 176 149 175 150 174 151 176 152 174 152 179 152 176 153 179 153 180 153 176 154 180 154 4 154 180 155 179 155 181 155 181 156 179 156 182 156 181 157 182 157 183 157 183 158 182 158 184 158 183 159 184 159 185 159 185 160 184 160 186 160 185 161 186 161 187 161 187 162 186 162 188 162 187 163 188 163 189 163 189 164 188 164 190 164 189 165 190 165 191 165 191 166 190 166 159 166 191 167 159 168 192 169 192 170 159 170 158 170 179 171 174 171 182 171 182 172 174 172 172 172 182 173 172 173 184 173 184 174 172 174 193 174 184 175 193 175 186 175 186 176 193 176 194 176 186 177 194 177 188 177 188 178 194 178 195 178 188 179 195 179 190 179 190 180 195 180 196 180 190 181 196 181 159 181 159 182 196 182 197 182 159 183 197 183 157 183 157 184 197 184 198 184 157 185 198 185 161 185 161 186 198 186 199 186 161 187 199 187 162 187 178 188 177 188 200 188 200 189 177 189 169 189 200 190 169 190 201 190 201 191 169 191 168 191 201 192 168 192 202 192 202 193 168 193 167 193 202 194 167 194 203 194 203 195 167 195 166 195 203 196 166 196 204 196 204 197 166 197 165 197 204 198 165 198 205 198 205 199 165 199 164 199 205 200 164 200 206 200 206 201 164 201 163 201 206 202 163 202 207 202 207 203 163 203 208 203 207 204 208 204 209 204 209 205 208 205 210 205 209 206 210 206 160 206 160 207 210 207 211 207 117 208 211 208 137 208 137 209 211 209 210 209 137 210 210 210 139 210 139 211 210 211 208 211 139 212 208 212 163 212 177 213 73 213 169 213 169 214 73 214 153 214 169 215 153 215 151 215 191 216 192 216 189 216 189 217 192 217 57 217 189 218 57 218 187 218 187 219 57 219 59 219 187 220 59 220 185 220 185 221 59 221 61 221 185 222 61 222 183 222 183 223 61 223 63 223 183 224 63 224 181 224 181 225 63 225 65 225 181 226 65 226 180 226 180 227 65 227 5 227 180 228 5 228 4 228 199 229 198 229 212 229 212 230 198 230 197 230 212 231 197 231 213 231 213 232 197 232 196 232 213 233 196 233 214 233 214 234 196 234 195 234 214 235 195 235 215 235 215 236 195 236 194 236 215 237 194 237 171 237 171 238 194 238 193 238 171 239 193 239 172 239 175 240 178 240 173 240 173 241 178 241 200 241 173 242 200 242 170 242 170 243 200 243 201 243 170 244 201 244 171 244 171 245 201 245 202 245 171 246 202 246 215 246 215 247 202 247 203 247 215 248 203 248 214 248 214 249 203 249 204 249 214 250 204 250 213 250 213 251 204 251 205 251 213 252 205 252 212 252 212 253 205 253 206 253 212 254 206 254 199 254 199 255 206 255 207 255 199 256 207 256 162 256 162 257 207 257 209 257 162 258 209 258 160 258 68 259 216 259 6 259 216 260 72 260 6 260 216 261 156 261 72 261 6 262 176 262 4 262 6 263 72 264 176 265 72 266 74 266 176 266 217 267 218 267 219 267 220 268 221 268 222 268 142 269 223 269 140 269 224 270 223 270 142 270 144 271 224 271 142 271 225 272 224 272 144 272 146 273 225 273 144 273 226 274 225 274 146 274 148 275 226 275 146 275 227 276 226 276 148 276 150 277 227 277 148 277 228 278 227 278 150 278 152 279 228 279 150 279 229 280 228 280 152 280 230 281 231 281 232 281 233 282 230 282 232 282 234 283 230 283 233 283 235 284 234 284 233 284 216 285 68 285 67 285 216 286 67 286 236 286 216 287 236 287 237 287 216 288 237 288 234 288 216 289 234 289 235 289 216 290 235 290 238 290 216 291 238 291 239 291 216 292 239 292 155 292 216 293 155 293 156 293 240 294 241 294 242 294 242 295 241 295 243 295 242 296 243 296 244 296 244 297 243 297 237 297 244 298 237 298 236 298 241 299 240 299 245 299 245 300 240 300 246 300 245 301 246 301 247 301 247 302 246 302 248 302 247 303 248 303 249 303 249 304 248 304 250 304 249 305 250 305 217 305 217 306 250 306 251 306 217 307 251 307 218 307 220 308 252 308 221 308 221 309 252 309 253 309 221 310 253 311 219 312 219 313 253 313 254 313 219 314 254 314 217 314 217 315 254 315 255 315 217 316 255 316 249 316 249 317 255 317 256 317 249 318 256 318 247 318 247 319 256 319 257 319 247 320 257 320 245 320 245 321 257 321 258 321 245 322 258 322 241 322 241 323 258 323 230 323 241 324 230 324 243 324 243 325 230 325 234 325 243 326 234 326 237 326 259 327 226 327 260 327 260 328 226 328 227 328 260 329 227 329 261 329 261 330 227 330 228 330 261 331 228 331 262 331 262 332 228 332 229 332 262 333 229 333 263 333 263 334 229 334 239 334 263 335 239 335 238 335 226 336 259 336 225 336 225 337 259 337 264 337 225 338 264 338 224 338 224 339 264 339 265 339 224 340 265 340 223 340 223 341 265 341 266 341 223 342 266 342 267 342 267 343 266 343 268 343 267 344 268 344 269 344 269 345 268 345 222 345 269 346 222 346 270 346 223 347 267 347 140 347 140 348 267 348 269 348 140 349 269 349 138 349 138 350 269 350 270 350 138 351 270 351 136 351 152 352 154 352 229 352 229 353 154 354 155 355 229 356 155 356 239 356 240 357 60 357 246 357 246 358 60 358 58 358 246 359 58 359 248 359 248 360 58 360 251 360 248 361 251 361 250 361 60 362 240 362 62 362 62 363 240 363 242 363 62 364 242 364 64 364 64 365 242 365 244 365 64 366 244 366 66 366 66 367 244 367 236 367 66 368 236 368 67 368 230 369 258 369 231 369 231 370 258 370 257 370 231 371 257 371 271 371 271 372 257 372 256 372 271 373 256 373 272 373 272 374 256 374 255 374 272 375 255 375 273 375 273 376 255 376 254 376 273 377 254 377 274 377 274 378 254 378 253 378 274 379 253 379 252 379 222 380 268 380 220 380 220 381 268 381 266 381 220 382 266 382 252 382 252 383 266 383 265 383 252 384 265 384 274 384 274 385 265 385 264 385 274 386 264 386 273 386 273 387 264 387 259 387 273 388 259 388 272 388 272 389 259 389 260 389 272 390 260 390 271 390 271 391 260 391 261 391 271 392 261 392 231 392 231 393 261 393 262 393 231 394 262 394 232 394 232 395 262 395 263 395 232 396 263 396 233 396 233 397 263 397 238 397 233 398 238 398 235 398 52 399 275 399 276 399 50 400 277 400 275 400 50 401 275 402 52 403 48 404 277 404 50 404 46 405 278 405 279 405 46 406 279 406 48 406 280 407 132 407 130 407 281 408 134 409 132 410 281 411 132 412 280 413 282 414 283 414 95 414 95 415 93 415 282 415 36 416 284 417 285 418 36 419 285 420 38 421 283 422 97 423 95 424 34 425 286 425 284 425 34 426 284 426 36 426 287 427 101 427 99 427 287 428 99 428 283 428 288 429 103 430 101 431 28 432 289 432 290 432 28 433 290 433 30 433 291 434 107 435 105 436 26 437 292 437 289 437 26 438 289 438 28 438 293 439 109 440 107 441 294 442 113 442 111 442 21 443 295 443 296 443 21 444 296 444 23 444 297 445 87 445 115 445 298 446 88 446 87 446 7 447 299 448 300 449 9 450 299 451 7 452 11 453 301 453 302 453 11 454 302 454 9 454 13 455 303 456 301 457 13 458 301 459 11 460 304 461 77 461 79 461 17 462 305 463 306 464 17 465 306 465 15 465 19 466 307 466 305 466 19 467 305 467 17 467 308 468 89 469 86 470 22 471 309 472 307 473 22 474 307 474 19 474 24 475 310 476 309 477 24 478 309 478 22 478 311 479 112 480 114 481 27 482 312 483 310 484 27 485 310 485 24 485 313 486 108 486 110 486 29 487 314 488 312 489 29 490 312 490 27 490 315 491 106 492 108 493 316 494 102 494 104 494 35 495 317 495 318 495 35 496 318 496 33 496 37 497 319 497 317 497 37 498 317 498 35 498 320 499 96 500 98 501 39 502 321 502 319 502 39 503 319 503 37 503 41 504 322 504 321 504 41 505 321 505 39 505 43 506 322 506 41 506 323 507 131 507 133 507 51 508 324 508 325 508 51 509 325 509 49 509 326 510 125 510 127 510 327 511 123 511 125 511 53 512 328 512 329 512 55 513 330 513 328 513 55 514 328 514 53 514 331 515 332 515 333 515 331 516 333 516 334 516 333 517 335 517 334 517 336 518 334 518 335 518 337 519 338 519 339 519 337 520 339 520 340 520 339 521 341 521 340 521 275 522 277 522 342 522 342 523 277 523 343 523 342 524 343 524 344 524 343 525 345 525 344 525 346 526 344 526 345 526 345 527 347 527 346 527 348 528 346 528 347 528 348 529 347 529 349 529 348 530 349 530 350 530 351 531 352 532 353 533 352 534 354 534 353 534 355 535 356 535 357 535 279 536 278 536 358 536 359 537 360 537 354 537 360 538 361 538 356 538 281 539 280 539 362 539 363 540 364 540 365 540 365 541 366 541 363 541 363 542 366 542 367 542 366 543 368 543 367 543 369 544 367 544 368 544 368 545 370 545 369 545 371 546 369 546 370 546 371 547 370 547 372 547 373 548 374 548 375 548 373 549 375 549 376 549 377 550 93 550 91 550 378 551 379 551 380 551 283 552 282 552 381 552 285 553 284 553 382 553 285 554 382 555 383 556 383 557 382 557 384 557 383 558 384 559 385 560 386 561 387 561 388 561 389 562 388 562 387 562 387 563 390 563 389 563 390 564 391 564 379 564 379 565 391 565 380 565 283 566 381 566 287 566 283 567 99 567 97 567 286 568 34 568 32 568 392 569 393 569 394 569 392 570 394 570 395 571 395 572 394 573 396 574 395 575 396 575 397 575 290 576 398 576 399 576 400 577 399 577 398 577 398 578 401 578 400 578 402 579 403 579 404 579 402 580 404 580 405 580 288 581 105 581 103 581 292 582 26 582 25 582 293 583 111 583 109 583 294 584 115 584 113 584 298 585 84 586 88 587 406 588 81 589 83 590 407 591 114 591 116 591 311 592 110 592 112 592 314 593 29 593 31 593 312 594 314 594 408 594 312 595 408 595 409 595 409 596 408 596 410 596 409 597 410 598 411 599 412 600 413 600 414 600 315 601 104 601 106 601 415 602 318 602 317 602 317 603 416 603 415 603 417 604 418 604 419 604 420 605 421 605 422 605 422 606 421 606 423 606 422 607 423 607 424 607 424 608 425 608 426 608 425 609 427 609 426 609 428 610 320 611 100 612 100 613 320 613 98 613 320 614 94 614 96 614 429 615 430 615 431 615 322 616 432 616 321 616 433 617 434 617 435 617 434 618 436 618 435 618 435 619 436 619 437 619 437 620 436 620 438 620 437 621 438 621 439 621 439 622 438 622 440 622 441 623 442 623 443 623 443 624 444 624 445 624 444 625 446 625 445 625 447 626 448 626 449 626 449 627 450 627 447 627 447 628 450 628 451 628 451 629 450 629 452 629 451 630 452 630 453 630 453 631 452 631 454 631 453 632 454 632 455 632 325 633 324 633 449 633 456 634 329 634 328 634 328 635 457 635 456 635 456 636 457 636 458 636 458 637 457 637 459 637 460 638 461 639 462 640 462 641 463 641 460 641 464 642 465 643 434 644 464 645 434 645 466 645 464 646 466 646 432 646 464 647 432 648 322 649 464 650 322 650 43 650 464 651 43 651 45 651 464 652 45 652 47 652 464 653 47 653 448 653 467 654 130 654 128 654 467 655 128 655 126 655 467 656 126 656 468 656 467 657 468 658 469 659 467 660 469 660 355 660 467 661 355 661 357 661 467 662 357 662 362 662 467 663 362 663 280 663 467 664 280 664 130 664 470 665 471 665 472 665 470 666 472 666 473 666 470 667 473 667 474 667 470 668 474 668 475 668 470 669 475 670 476 671 470 672 476 672 419 672 477 673 478 673 427 673 477 674 427 674 425 674 477 675 425 675 431 675 477 676 431 676 430 676 477 677 430 677 479 677 477 678 479 678 92 678 477 679 92 680 94 681 477 682 94 682 320 682 477 683 320 683 478 683 480 684 481 684 446 684 480 685 446 686 444 687 480 688 444 689 482 690 480 691 482 691 483 691 480 692 483 692 326 692 480 693 326 693 127 693 480 694 127 694 129 694 480 695 129 695 131 695 480 696 131 696 323 696 480 697 323 698 481 699 484 700 483 700 482 700 484 701 482 701 485 701 484 702 485 702 486 702 484 703 486 703 487 703 484 704 487 705 455 706 484 707 455 707 454 707 117 708 119 708 211 708 211 709 119 709 488 709 211 710 488 710 160 710 160 711 488 711 489 711 160 712 489 712 161 712 118 713 136 713 490 713 490 714 136 714 270 714 490 715 270 715 491 715 491 716 270 716 222 716 491 717 222 717 221 717 52 718 276 718 54 718 54 719 276 720 332 720 54 721 332 721 56 721 56 722 332 722 331 722 56 723 331 723 58 723 58 724 331 724 492 724 58 725 492 725 251 725 341 726 120 726 340 726 340 727 120 727 118 727 340 728 118 728 490 728 468 729 126 729 493 729 493 730 126 730 124 730 493 731 124 731 341 731 341 732 124 732 122 732 341 733 122 733 120 733 38 734 285 734 40 734 40 735 285 735 494 735 40 736 494 736 42 736 42 737 494 737 495 737 42 738 495 738 44 738 44 739 495 739 278 739 44 740 278 740 46 740 91 741 134 741 377 741 377 742 134 742 281 742 377 743 281 743 496 743 496 744 281 744 361 744 496 745 361 745 373 745 373 746 361 746 360 746 373 747 360 748 497 749 497 750 360 750 359 750 497 751 359 751 498 751 498 752 359 752 371 752 498 753 371 753 372 753 32 754 30 755 286 756 286 757 30 757 290 757 286 758 290 758 399 758 25 759 23 759 292 759 292 760 23 760 296 760 292 761 296 761 499 761 499 762 296 762 500 762 499 763 500 763 501 763 501 764 500 764 502 764 501 765 502 766 503 767 503 768 502 768 504 768 503 769 504 770 505 771 505 772 504 772 506 772 505 773 506 773 507 774 507 775 506 775 508 775 507 776 508 777 509 778 509 779 508 780 510 781 509 782 510 782 511 782 511 783 510 783 512 783 511 784 512 784 513 784 513 785 512 785 514 785 513 786 514 787 515 788 515 789 514 789 516 789 515 790 516 790 517 790 10 791 518 792 12 793 12 794 518 795 519 796 12 797 519 798 14 799 14 800 519 801 520 802 14 803 520 804 16 805 16 806 520 807 521 808 16 809 521 809 18 809 18 810 521 810 522 810 18 811 522 811 20 811 20 812 522 812 295 812 20 813 295 814 21 815 523 816 82 816 524 816 524 817 82 817 80 817 524 818 80 818 525 818 525 819 80 820 78 821 525 822 78 822 526 822 526 823 78 823 76 823 526 824 76 825 527 826 527 827 76 828 75 829 527 830 75 830 528 830 528 831 75 831 85 831 528 832 85 833 84 834 518 835 10 835 529 835 529 836 10 837 8 838 529 839 8 840 530 841 530 842 8 843 2 844 530 845 2 846 531 847 531 848 2 849 1 850 531 851 1 852 532 853 532 854 1 855 0 856 532 857 0 858 300 859 300 860 0 861 3 862 300 863 3 864 7 865 533 866 70 867 534 868 534 869 70 870 69 871 534 872 69 873 523 874 523 875 69 875 71 875 523 876 71 877 82 878 83 879 70 879 406 879 406 880 70 880 535 880 406 881 535 881 536 881 536 882 535 882 537 882 536 883 537 884 538 885 538 886 537 887 539 888 538 889 539 890 540 891 540 892 539 893 541 894 540 895 541 896 542 897 542 898 541 898 543 898 542 899 543 899 544 899 544 900 543 900 545 900 544 901 545 902 546 903 546 904 545 905 547 905 546 906 547 907 548 908 548 909 547 909 549 909 548 910 549 910 550 910 550 911 549 912 551 913 550 914 551 915 552 916 552 917 551 917 553 917 552 918 553 918 554 918 554 919 553 920 555 921 554 922 555 923 556 924 556 925 555 926 557 927 556 928 557 929 558 930 558 931 557 932 559 933 558 934 559 934 560 934 560 935 559 936 561 937 560 938 561 939 562 940 562 941 561 942 563 943 562 944 563 945 300 946 300 947 563 948 532 949 79 950 81 951 564 952 564 953 81 954 565 955 564 956 565 957 566 958 566 959 565 960 567 961 566 962 567 962 568 962 568 963 567 964 569 965 568 966 569 966 570 966 570 967 569 967 571 967 570 968 571 968 572 968 572 969 571 969 573 969 572 970 573 970 574 970 574 971 573 972 575 973 574 974 575 975 576 976 576 977 575 978 577 979 576 980 577 981 578 982 578 983 577 983 579 983 578 984 579 985 580 986 580 987 579 988 581 989 580 990 581 991 582 992 582 993 581 994 583 995 582 996 583 996 584 996 584 997 583 998 585 999 584 1000 585 1001 586 1002 586 1003 585 1004 587 1005 586 1006 587 1007 588 1008 588 1009 587 1010 589 1011 588 1012 589 1013 590 1014 590 1015 589 1016 591 1017 590 1018 591 1019 592 1020 592 1021 591 1022 593 1023 592 1024 593 1025 302 1026 302 1027 593 1028 299 1029 302 1030 299 1031 9 1032 86 1033 77 1033 594 1033 594 1034 77 1034 595 1034 594 1035 595 1035 596 1035 596 1036 595 1037 597 1038 596 1039 597 1040 598 1041 598 1042 597 1042 599 1042 598 1043 599 1043 600 1043 600 1044 599 1044 601 1044 600 1045 601 1046 602 1047 602 1048 601 1049 603 1050 602 1051 603 1051 604 1051 604 1052 603 1053 605 1054 604 1055 605 1056 606 1057 606 1058 605 1059 607 1060 606 1061 607 1062 608 1063 608 1064 607 1064 609 1064 608 1065 609 1066 610 1067 610 1068 609 1069 611 1070 610 1071 611 1071 612 1071 612 1072 611 1072 613 1072 612 1073 613 1074 614 1075 614 1076 613 1077 615 1078 614 1079 615 1080 616 1081 616 1082 615 1083 617 1084 616 1085 617 1086 618 1087 618 1088 617 1088 619 1088 618 1089 619 1090 620 1091 620 1092 619 1093 621 1094 620 1095 621 1096 622 1097 622 1098 621 1099 623 1100 622 1101 623 1102 306 1103 306 1104 623 1105 303 1106 306 1107 303 1108 15 1109 15 1110 303 1111 13 1112 116 1113 89 1114 407 1115 407 1116 89 1117 308 1118 407 1119 308 1119 624 1119 624 1120 308 1120 625 1120 624 1121 625 1121 626 1121 626 1122 625 1122 627 1122 626 1123 627 1123 628 1123 628 1124 627 1125 629 1125 628 1126 629 1126 630 1126 630 1127 629 1128 631 1129 630 1130 631 1130 632 1130 632 1131 631 1132 633 1133 632 1134 633 1134 634 1134 634 1135 633 1135 635 1135 634 1136 635 1137 636 1138 636 1139 635 1139 637 1139 636 1140 637 1141 638 1142 638 1143 637 1144 639 1145 638 1146 639 1146 640 1146 640 1147 639 1147 641 1147 640 1148 641 1148 642 1148 642 1149 641 1149 643 1149 642 1150 643 1151 644 1152 644 1153 643 1154 645 1155 644 1156 645 1156 646 1156 646 1157 645 1157 647 1157 646 1158 647 1158 307 1158 307 1159 647 1160 648 1161 307 1162 648 1163 305 1164 31 1165 33 1166 314 1167 314 1168 33 1168 318 1168 314 1169 318 1169 408 1169 408 1170 318 1170 415 1170 408 1171 415 1172 410 1173 410 1174 415 1175 649 1176 410 1177 649 1177 417 1177 100 1178 102 1178 428 1178 428 1179 102 1179 316 1179 428 1180 316 1180 426 1180 426 1181 316 1182 650 1183 426 1184 650 1184 424 1184 424 1185 650 1186 651 1187 424 1188 651 1188 422 1188 422 1189 651 1189 652 1189 422 1190 652 1190 420 1190 420 1191 652 1191 413 1191 420 1192 413 1192 653 1192 653 1193 413 1193 654 1193 653 1194 654 1194 471 1194 471 1195 654 1195 472 1195 323 1196 133 1196 655 1196 655 1197 133 1197 135 1197 655 1198 135 1198 479 1198 479 1199 135 1199 90 1199 479 1200 90 1200 92 1200 47 1201 49 1201 448 1201 448 1202 49 1202 325 1202 448 1203 325 1203 449 1203 121 1204 123 1204 656 1204 656 1205 123 1205 327 1205 656 1206 327 1206 460 1206 460 1207 327 1207 657 1207 460 1208 657 1208 461 1208 461 1209 657 1209 658 1209 461 1210 658 1210 659 1210 659 1211 658 1211 660 1211 659 1212 660 1212 458 1212 458 1213 660 1213 661 1213 458 1214 661 1214 456 1214 456 1215 661 1215 662 1215 456 1216 662 1216 329 1216 329 1217 662 1217 324 1217 329 1218 324 1218 53 1218 53 1219 324 1219 51 1219 119 1220 121 1220 463 1220 463 1221 121 1222 656 1223 463 1224 656 1224 460 1224 161 1225 489 1225 157 1225 157 1226 489 1226 663 1226 157 1227 663 1227 158 1227 158 1228 663 1228 664 1228 158 1229 664 1229 192 1229 192 1230 664 1230 330 1230 192 1231 330 1231 57 1231 57 1232 330 1232 55 1232 251 1233 492 1233 218 1233 218 1234 492 1234 665 1234 218 1235 665 1235 219 1235 219 1236 665 1236 666 1236 219 1237 666 1238 221 1239 221 1240 666 1240 491 1240 492 1241 331 1241 665 1241 665 1242 331 1243 334 1244 665 1245 334 1245 666 1245 666 1246 334 1246 336 1246 666 1247 336 1247 491 1247 491 1248 336 1249 337 1250 491 1251 337 1251 490 1251 490 1252 337 1253 340 1254 338 1255 337 1255 667 1255 667 1256 337 1256 336 1256 667 1257 336 1257 335 1257 332 1258 276 1258 333 1258 333 1259 276 1259 668 1259 333 1260 668 1260 335 1260 335 1261 668 1261 669 1261 335 1262 669 1262 667 1262 667 1263 669 1263 670 1263 667 1264 670 1265 338 1266 338 1267 670 1267 671 1267 338 1268 671 1268 339 1268 339 1269 671 1269 672 1269 339 1270 672 1270 341 1270 341 1271 672 1271 493 1271 468 1272 493 1272 469 1272 469 1273 493 1273 672 1273 469 1274 672 1274 351 1274 351 1275 672 1276 671 1277 351 1278 671 1278 348 1278 348 1279 671 1279 670 1279 348 1280 670 1280 346 1280 346 1281 670 1281 669 1281 346 1282 669 1282 344 1282 344 1283 669 1283 668 1283 344 1284 668 1284 342 1284 342 1285 668 1285 276 1285 342 1286 276 1286 275 1286 351 1287 348 1287 352 1287 352 1288 348 1288 350 1288 352 1289 350 1289 354 1289 354 1290 350 1290 673 1290 354 1291 673 1291 359 1291 469 1292 351 1292 355 1292 355 1293 351 1294 353 1295 355 1296 353 1296 356 1296 356 1297 353 1297 354 1297 356 1298 354 1298 360 1298 673 1299 350 1300 674 1301 674 1302 350 1302 349 1302 674 1303 349 1303 675 1303 675 1304 349 1304 347 1304 675 1305 347 1305 676 1305 676 1306 347 1306 345 1306 676 1307 345 1307 677 1307 677 1308 345 1308 343 1308 677 1309 343 1309 279 1309 279 1310 343 1310 277 1310 279 1311 277 1311 48 1311 359 1312 673 1312 371 1312 371 1313 673 1313 674 1313 371 1314 674 1314 369 1314 369 1315 674 1315 675 1315 369 1316 675 1316 367 1316 367 1317 675 1317 676 1317 367 1318 676 1318 363 1318 363 1319 676 1319 677 1319 363 1320 677 1320 364 1320 364 1321 677 1321 279 1321 364 1322 279 1322 358 1322 281 1323 362 1323 361 1323 361 1324 362 1324 357 1324 361 1325 357 1325 356 1325 365 1326 364 1326 495 1326 495 1327 364 1327 358 1327 495 1328 358 1328 278 1328 495 1329 494 1329 365 1329 365 1330 494 1330 678 1330 365 1331 678 1331 366 1331 366 1332 678 1332 679 1332 366 1333 679 1333 368 1333 368 1334 679 1334 680 1334 368 1335 680 1335 370 1335 370 1336 680 1336 681 1336 370 1337 681 1337 372 1337 372 1338 681 1338 682 1338 372 1339 682 1339 498 1339 498 1340 682 1340 683 1340 498 1341 683 1341 497 1341 497 1342 683 1342 374 1342 497 1343 374 1343 373 1343 373 1344 376 1344 496 1344 496 1345 376 1345 378 1345 496 1346 378 1346 377 1346 377 1347 378 1347 282 1347 377 1348 282 1348 93 1348 494 1349 285 1350 678 1351 678 1352 285 1352 383 1352 678 1353 383 1354 679 1355 679 1356 383 1356 684 1356 679 1357 684 1357 680 1357 680 1358 684 1358 685 1358 680 1359 685 1359 681 1359 681 1360 685 1360 686 1360 681 1361 686 1361 682 1361 682 1362 686 1363 687 1364 682 1365 687 1365 683 1365 683 1366 687 1366 688 1366 683 1367 688 1367 374 1367 374 1368 688 1368 388 1368 374 1369 388 1369 375 1369 375 1370 388 1371 389 1372 375 1373 389 1373 376 1373 378 1374 376 1374 379 1374 379 1375 376 1375 389 1375 379 1376 389 1376 390 1376 391 1377 287 1377 380 1377 380 1378 287 1378 381 1378 380 1379 381 1379 378 1379 378 1380 381 1380 282 1380 383 1381 385 1381 684 1381 684 1382 385 1382 392 1382 684 1383 392 1383 685 1383 685 1384 392 1384 395 1384 685 1385 395 1385 686 1385 686 1386 395 1386 689 1386 686 1387 689 1387 687 1387 687 1388 689 1388 690 1388 687 1389 690 1389 688 1389 688 1390 690 1390 386 1390 688 1391 386 1392 388 1393 284 1394 286 1394 382 1394 382 1395 286 1396 399 1397 382 1398 399 1398 384 1398 384 1399 399 1399 400 1399 384 1400 400 1401 385 1402 392 1403 385 1404 393 1405 393 1406 385 1406 400 1406 393 1407 400 1407 401 1407 395 1408 397 1408 689 1408 689 1409 397 1409 691 1409 689 1410 691 1410 690 1410 690 1411 691 1411 402 1411 690 1412 402 1412 386 1412 386 1413 402 1413 692 1413 386 1414 692 1415 387 1416 387 1417 692 1417 693 1417 387 1418 693 1418 390 1418 390 1419 693 1419 694 1419 390 1420 694 1420 391 1420 391 1421 694 1421 695 1421 391 1422 695 1422 287 1422 287 1423 695 1424 288 1425 287 1426 288 1426 101 1426 393 1427 401 1427 394 1427 394 1428 401 1429 696 1430 394 1431 696 1432 396 1433 396 1434 696 1435 697 1436 396 1437 697 1437 397 1437 397 1438 697 1439 691 1440 691 1441 697 1441 403 1441 691 1442 403 1442 402 1442 402 1443 405 1443 692 1443 692 1444 405 1445 698 1446 692 1447 698 1448 693 1449 693 1450 698 1450 699 1450 693 1451 699 1451 694 1451 694 1452 699 1452 700 1452 694 1453 700 1454 695 1455 695 1456 700 1456 701 1456 695 1457 701 1457 288 1457 288 1458 701 1458 291 1458 288 1459 291 1459 105 1459 290 1460 289 1461 398 1462 398 1463 289 1463 702 1463 398 1464 702 1464 401 1464 401 1465 702 1465 703 1465 401 1466 703 1466 696 1466 696 1467 703 1468 704 1469 696 1470 704 1470 697 1470 697 1471 704 1471 705 1471 697 1472 705 1472 403 1472 403 1473 705 1473 706 1473 403 1474 706 1474 404 1474 404 1475 706 1475 707 1475 404 1476 707 1476 405 1476 405 1477 707 1477 708 1477 405 1478 708 1478 698 1478 698 1479 708 1480 709 1481 698 1482 709 1482 710 1482 698 1483 710 1483 699 1483 699 1484 710 1484 711 1484 699 1485 711 1485 700 1485 700 1486 711 1486 712 1486 700 1487 712 1488 701 1489 701 1490 712 1490 713 1490 701 1491 713 1491 291 1491 291 1492 713 1493 293 1494 291 1495 293 1496 107 1497 289 1498 292 1498 702 1498 702 1499 292 1499 499 1499 702 1500 499 1500 703 1500 703 1501 499 1501 501 1501 703 1502 501 1502 704 1502 704 1503 501 1504 503 1505 704 1506 503 1506 705 1506 705 1507 503 1507 505 1507 705 1508 505 1508 706 1508 706 1509 505 1509 507 1509 706 1510 507 1510 707 1510 707 1511 507 1511 509 1511 707 1512 509 1512 708 1512 708 1513 509 1513 511 1513 708 1514 511 1514 709 1514 709 1515 511 1516 513 1517 709 1518 513 1518 710 1518 710 1519 513 1519 711 1519 711 1520 513 1520 515 1520 711 1521 515 1521 517 1521 711 1522 517 1522 712 1522 712 1523 517 1524 714 1525 712 1526 714 1527 713 1528 713 1529 714 1529 715 1529 713 1530 715 1530 293 1530 293 1531 715 1531 294 1531 293 1532 294 1532 111 1532 517 1533 516 1533 714 1533 714 1534 516 1534 716 1534 714 1535 716 1535 717 1535 714 1536 717 1536 715 1536 715 1537 717 1537 718 1537 715 1538 718 1538 294 1538 294 1539 718 1539 297 1539 294 1540 297 1540 115 1540 296 1541 719 1541 500 1541 500 1542 719 1542 720 1542 500 1543 720 1544 502 1545 502 1546 720 1546 721 1546 502 1547 721 1547 504 1547 504 1548 721 1548 722 1548 504 1549 722 1549 506 1549 506 1550 722 1550 723 1550 506 1551 723 1552 508 1553 508 1554 723 1554 724 1554 508 1555 724 1555 510 1555 510 1556 724 1556 725 1556 510 1557 725 1557 512 1557 512 1558 725 1559 726 1560 512 1561 726 1561 514 1561 514 1562 726 1562 727 1562 514 1563 727 1564 516 1565 516 1566 727 1566 728 1566 516 1567 728 1568 716 1569 716 1570 728 1570 729 1570 716 1571 729 1571 717 1571 717 1572 729 1572 730 1572 717 1573 730 1573 718 1573 718 1574 730 1574 731 1574 718 1575 731 1576 297 1577 297 1578 731 1578 298 1578 297 1579 298 1579 87 1579 532 1580 563 1580 531 1580 531 1581 563 1582 732 1583 531 1584 732 1585 530 1586 530 1587 732 1587 733 1587 530 1588 733 1589 529 1590 529 1591 733 1591 734 1591 529 1592 734 1593 518 1594 518 1595 734 1596 735 1597 518 1598 735 1599 519 1600 519 1601 735 1601 736 1601 519 1602 736 1603 520 1604 520 1605 736 1606 737 1607 520 1608 737 1608 521 1608 521 1609 737 1610 738 1611 521 1612 738 1613 522 1614 522 1615 738 1616 739 1617 522 1618 739 1618 295 1618 295 1619 739 1619 719 1619 295 1620 719 1620 296 1620 719 1621 740 1622 720 1623 720 1624 740 1625 741 1626 720 1627 741 1628 721 1629 721 1630 741 1630 742 1630 721 1631 742 1632 722 1633 722 1634 742 1634 743 1634 722 1635 743 1635 723 1635 723 1636 743 1636 744 1636 723 1637 744 1638 724 1639 724 1640 744 1640 745 1640 724 1641 745 1642 725 1643 725 1644 745 1645 746 1646 725 1647 746 1648 726 1649 726 1650 746 1651 747 1652 726 1653 747 1653 727 1653 727 1654 747 1654 748 1654 727 1655 748 1655 728 1655 728 1656 748 1657 749 1658 728 1659 749 1659 729 1659 729 1660 749 1661 750 1662 729 1663 750 1663 730 1663 730 1664 750 1665 751 1666 730 1667 751 1667 731 1667 731 1668 751 1668 752 1668 731 1669 752 1669 298 1669 298 1670 752 1671 528 1672 298 1673 528 1673 84 1673 563 1674 561 1675 732 1676 732 1677 561 1678 753 1679 732 1680 753 1681 733 1682 733 1683 753 1684 754 1685 733 1686 754 1686 734 1686 734 1687 754 1688 755 1689 734 1690 755 1691 735 1692 735 1693 755 1694 756 1695 735 1696 756 1697 736 1698 736 1699 756 1700 757 1701 736 1702 757 1703 737 1704 737 1705 757 1706 758 1707 737 1708 758 1709 738 1710 738 1711 758 1712 759 1713 738 1714 759 1714 739 1714 739 1715 759 1716 740 1717 739 1718 740 1718 719 1718 741 1719 740 1720 760 1721 760 1722 740 1723 759 1724 760 1725 759 1726 761 1727 761 1728 759 1729 758 1730 761 1731 758 1732 762 1733 762 1734 758 1735 757 1736 762 1737 757 1738 763 1739 763 1740 757 1741 756 1742 763 1743 756 1744 764 1745 764 1746 756 1747 755 1748 764 1749 755 1749 765 1749 765 1750 755 1751 754 1752 765 1753 754 1754 766 1755 766 1756 754 1757 753 1758 766 1759 753 1760 559 1761 559 1762 753 1763 561 1764 741 1765 760 1765 742 1765 742 1766 760 1766 767 1766 742 1767 767 1767 743 1767 743 1768 767 1769 768 1770 743 1771 768 1772 744 1773 744 1774 768 1774 769 1774 744 1775 769 1775 745 1775 745 1776 769 1777 770 1778 745 1779 770 1779 746 1779 746 1780 770 1781 771 1782 746 1783 771 1784 747 1785 747 1786 771 1786 772 1786 747 1787 772 1787 748 1787 748 1788 772 1788 773 1788 748 1789 773 1790 749 1791 749 1792 773 1793 774 1794 749 1795 774 1796 750 1797 750 1798 774 1798 775 1798 750 1799 775 1800 751 1801 751 1802 775 1802 776 1802 751 1803 776 1803 752 1803 752 1804 776 1804 777 1804 752 1805 777 1806 528 1807 528 1808 777 1808 527 1808 760 1809 761 1810 767 1811 767 1812 761 1813 778 1814 767 1815 778 1816 768 1817 768 1818 778 1819 779 1820 768 1821 779 1821 769 1821 769 1822 779 1823 780 1824 769 1825 780 1825 770 1825 770 1826 780 1827 781 1828 770 1829 781 1829 771 1829 771 1830 781 1831 782 1832 771 1833 782 1834 772 1835 772 1836 782 1837 783 1838 772 1839 783 1840 773 1841 773 1842 783 1843 784 1844 773 1845 784 1846 774 1847 774 1848 784 1849 785 1850 774 1851 785 1852 775 1853 775 1854 785 1855 786 1856 775 1857 786 1858 776 1859 776 1860 786 1860 787 1861 776 1862 787 1863 777 1864 777 1865 787 1866 788 1867 777 1868 788 1869 527 1870 527 1871 788 1872 526 1873 761 1874 762 1875 778 1876 778 1877 762 1878 789 1879 778 1880 789 1880 779 1880 779 1881 789 1882 790 1883 779 1884 790 1885 780 1886 780 1887 790 1888 791 1889 780 1890 791 1890 781 1890 781 1891 791 1891 792 1891 781 1892 792 1893 782 1894 782 1895 792 1895 793 1895 782 1896 793 1897 783 1898 783 1899 793 1899 794 1899 783 1900 794 1901 784 1902 784 1903 794 1903 795 1903 784 1904 795 1904 785 1904 785 1905 795 1906 796 1907 785 1908 796 1909 786 1910 786 1911 796 1912 797 1913 786 1914 797 1914 787 1914 787 1915 797 1916 798 1917 787 1918 798 1918 788 1918 788 1919 798 1920 799 1921 788 1922 799 1923 526 1924 526 1925 799 1926 525 1927 762 1928 763 1928 789 1928 789 1929 763 1930 800 1931 789 1932 800 1933 790 1934 790 1935 800 1935 801 1935 790 1936 801 1936 791 1936 791 1937 801 1938 802 1939 791 1940 802 1940 792 1940 792 1941 802 1942 803 1943 792 1944 803 1945 793 1946 793 1947 803 1948 804 1949 793 1950 804 1951 794 1952 794 1953 804 1953 805 1953 794 1954 805 1955 795 1956 795 1957 805 1958 806 1959 795 1960 806 1960 796 1960 796 1961 806 1961 807 1961 796 1962 807 1962 797 1962 797 1963 807 1964 808 1965 797 1966 808 1966 798 1966 798 1967 808 1968 809 1969 798 1970 809 1970 799 1970 799 1971 809 1972 810 1973 799 1974 810 1974 525 1974 525 1975 810 1976 524 1977 763 1978 764 1979 800 1980 800 1981 764 1982 811 1983 800 1984 811 1985 801 1986 801 1987 811 1988 812 1989 801 1990 812 1991 802 1992 802 1993 812 1994 813 1995 802 1996 813 1997 803 1998 803 1999 813 1999 814 1999 803 2000 814 2000 804 2000 804 2001 814 2002 815 2003 804 2004 815 2005 805 2006 805 2007 815 2008 816 2009 805 2010 816 2010 806 2010 806 2011 816 2012 817 2013 806 2014 817 2015 807 2016 807 2017 817 2017 818 2017 807 2018 818 2018 808 2018 808 2019 818 2020 819 2021 808 2022 819 2022 809 2022 809 2023 819 2023 820 2023 809 2024 820 2025 810 2026 810 2027 820 2027 821 2027 810 2028 821 2029 524 2030 524 2031 821 2032 523 2033 764 2034 765 2034 811 2034 811 2035 765 2036 822 2037 811 2038 822 2039 812 2040 812 2041 822 2042 823 2043 812 2044 823 2045 813 2046 813 2047 823 2047 824 2047 813 2048 824 2048 814 2048 814 2049 824 2050 825 2051 814 2052 825 2053 815 2054 815 2055 825 2055 826 2055 815 2056 826 2057 816 2058 816 2059 826 2059 827 2059 816 2060 827 2061 817 2062 817 2063 827 2064 828 2065 817 2066 828 2066 818 2066 818 2067 828 2067 829 2067 818 2068 829 2068 819 2068 819 2069 829 2070 830 2071 819 2072 830 2072 820 2072 820 2073 830 2074 831 2075 820 2076 831 2077 821 2078 821 2079 831 2080 832 2081 821 2082 832 2082 523 2082 523 2083 832 2084 534 2085 765 2086 766 2087 822 2088 822 2089 766 2089 833 2089 822 2090 833 2091 823 2092 823 2093 833 2093 834 2093 823 2094 834 2095 824 2096 824 2097 834 2098 835 2099 824 2100 835 2101 825 2102 825 2103 835 2104 836 2105 825 2106 836 2106 826 2106 826 2107 836 2108 837 2109 826 2110 837 2111 827 2112 827 2113 837 2114 838 2115 827 2116 838 2117 828 2118 828 2119 838 2120 839 2121 828 2122 839 2123 829 2124 829 2125 839 2125 840 2125 829 2126 840 2127 830 2128 830 2129 840 2130 841 2131 830 2132 841 2133 831 2134 831 2135 841 2136 842 2137 831 2138 842 2139 832 2140 832 2141 842 2141 843 2141 832 2142 843 2143 534 2144 534 2145 843 2146 533 2147 766 2148 559 2149 833 2150 833 2151 559 2152 557 2153 833 2154 557 2154 834 2154 834 2155 557 2156 555 2157 834 2158 555 2159 835 2160 835 2161 555 2162 553 2163 835 2164 553 2165 836 2166 836 2167 553 2168 551 2169 836 2170 551 2171 837 2172 837 2173 551 2173 549 2173 837 2174 549 2175 838 2176 838 2177 549 2178 547 2179 838 2180 547 2181 839 2182 839 2183 547 2184 545 2185 839 2186 545 2187 840 2188 840 2189 545 2190 543 2191 840 2192 543 2193 841 2194 841 2195 543 2196 541 2197 841 2198 541 2199 842 2200 842 2201 541 2202 539 2203 842 2204 539 2204 843 2204 843 2205 539 2205 537 2205 843 2206 537 2207 533 2208 533 2209 537 2210 535 2211 533 2212 535 2213 70 2214 300 2215 299 2216 562 2217 562 2218 299 2218 593 2218 562 2219 593 2220 560 2221 560 2222 593 2223 591 2224 560 2225 591 2226 558 2227 558 2228 591 2229 589 2230 558 2231 589 2232 556 2233 556 2234 589 2235 587 2236 556 2237 587 2238 554 2239 554 2240 587 2241 585 2242 554 2243 585 2244 552 2245 552 2246 585 2247 583 2248 552 2249 583 2250 550 2251 550 2252 583 2252 581 2252 550 2253 581 2253 548 2253 548 2254 581 2255 579 2256 548 2257 579 2258 546 2259 546 2260 579 2261 577 2262 546 2263 577 2264 544 2265 544 2266 577 2266 575 2266 544 2267 575 2268 542 2269 542 2270 575 2271 573 2272 542 2273 573 2274 540 2275 540 2276 573 2276 571 2276 540 2277 571 2278 538 2279 538 2280 571 2280 569 2280 538 2281 569 2281 536 2281 536 2282 569 2283 567 2284 536 2285 567 2286 406 2287 406 2288 567 2288 565 2288 406 2289 565 2290 81 2291 302 2292 301 2293 592 2294 592 2295 301 2296 844 2297 592 2298 844 2299 590 2300 590 2301 844 2301 845 2301 590 2302 845 2303 588 2304 588 2305 845 2306 846 2307 588 2308 846 2309 586 2310 586 2311 846 2311 847 2311 586 2312 847 2313 584 2314 584 2315 847 2316 848 2317 584 2318 848 2319 582 2320 582 2321 848 2322 849 2323 582 2324 849 2325 580 2326 580 2327 849 2328 850 2329 580 2330 850 2331 578 2332 578 2333 850 2334 851 2335 578 2336 851 2337 576 2338 576 2339 851 2339 852 2339 576 2340 852 2340 574 2340 574 2341 852 2341 853 2341 574 2342 853 2342 572 2342 572 2343 853 2343 854 2343 572 2344 854 2344 570 2344 570 2345 854 2346 855 2347 570 2348 855 2348 568 2348 568 2349 855 2349 856 2349 568 2350 856 2351 566 2352 566 2353 856 2353 857 2353 566 2354 857 2355 564 2356 564 2357 857 2358 304 2359 564 2360 304 2361 79 2362 301 2363 303 2364 844 2365 844 2366 303 2366 623 2366 844 2367 623 2368 845 2369 845 2370 623 2371 621 2372 845 2373 621 2373 846 2373 846 2374 621 2374 619 2374 846 2375 619 2376 847 2377 847 2378 619 2379 617 2380 847 2381 617 2382 848 2383 848 2384 617 2385 615 2386 848 2387 615 2388 849 2389 849 2390 615 2391 613 2392 849 2393 613 2394 850 2395 850 2396 613 2397 611 2398 850 2399 611 2400 851 2401 851 2402 611 2403 609 2404 851 2405 609 2406 852 2407 852 2408 609 2409 607 2410 852 2411 607 2411 853 2411 853 2412 607 2413 605 2414 853 2415 605 2416 854 2417 854 2418 605 2419 603 2420 854 2421 603 2422 855 2423 855 2424 603 2425 601 2426 855 2427 601 2428 856 2429 856 2430 601 2431 599 2432 856 2433 599 2433 857 2433 857 2434 599 2435 597 2436 857 2437 597 2438 304 2439 304 2440 597 2440 595 2440 304 2441 595 2442 77 2443 306 2444 305 2444 622 2444 622 2445 305 2446 648 2447 622 2448 648 2448 620 2448 620 2449 648 2449 618 2449 618 2450 648 2450 647 2450 618 2451 647 2452 616 2453 616 2454 647 2455 645 2456 616 2457 645 2457 614 2457 614 2458 645 2459 643 2460 614 2461 643 2461 612 2461 612 2462 643 2463 641 2464 612 2465 641 2465 610 2465 610 2466 641 2466 639 2466 610 2467 639 2467 608 2467 608 2468 639 2468 637 2468 608 2469 637 2469 606 2469 606 2470 637 2470 635 2470 606 2471 635 2471 604 2471 604 2472 635 2472 633 2472 604 2473 633 2473 602 2473 602 2474 633 2475 631 2476 602 2477 631 2477 600 2477 600 2478 631 2478 629 2478 600 2479 629 2480 598 2481 598 2482 629 2482 627 2482 598 2483 627 2483 596 2483 596 2484 627 2484 625 2484 596 2485 625 2486 594 2487 594 2488 625 2489 308 2490 594 2491 308 2491 86 2491 307 2492 309 2493 646 2494 646 2495 309 2496 858 2497 646 2498 858 2498 644 2498 644 2499 858 2499 859 2499 644 2500 859 2500 642 2500 642 2501 859 2502 860 2503 642 2504 860 2505 640 2506 640 2507 860 2507 861 2507 640 2508 861 2508 638 2508 638 2509 861 2509 862 2510 638 2511 862 2511 636 2511 636 2512 862 2512 863 2512 636 2513 863 2513 634 2513 634 2514 863 2515 864 2516 634 2517 864 2517 632 2517 632 2518 864 2519 865 2520 632 2521 865 2521 630 2521 630 2522 865 2522 866 2522 630 2523 866 2524 867 2525 630 2526 867 2527 628 2528 628 2529 867 2529 868 2529 628 2530 868 2530 626 2530 626 2531 868 2531 869 2531 626 2532 869 2532 624 2532 624 2533 869 2533 407 2533 407 2534 869 2534 311 2534 407 2535 311 2535 114 2535 309 2536 310 2536 858 2536 858 2537 310 2537 870 2537 858 2538 870 2538 859 2538 859 2539 870 2539 871 2539 859 2540 871 2540 860 2540 860 2541 871 2541 872 2541 860 2542 872 2542 861 2542 861 2543 872 2543 873 2543 861 2544 873 2545 862 2546 862 2547 873 2547 874 2547 862 2548 874 2548 863 2548 863 2549 874 2549 875 2549 863 2550 875 2550 864 2550 864 2551 875 2552 876 2553 864 2554 876 2554 865 2554 865 2555 876 2556 877 2557 865 2558 877 2558 878 2558 866 2559 865 2560 879 2559 879 2561 865 2561 878 2561 879 2562 878 2563 880 2564 880 2565 878 2565 414 2565 866 2566 879 2566 867 2566 867 2567 879 2567 881 2567 867 2568 881 2568 868 2568 868 2569 881 2569 869 2569 869 2570 881 2570 882 2570 869 2571 882 2571 311 2571 311 2572 882 2572 313 2572 311 2573 313 2573 110 2573 310 2574 312 2574 870 2574 870 2575 312 2575 409 2575 870 2576 409 2576 871 2576 871 2577 409 2578 411 2579 871 2580 411 2580 872 2580 872 2581 411 2581 883 2581 872 2582 883 2583 873 2584 873 2585 883 2586 884 2587 873 2588 884 2588 874 2588 874 2589 884 2589 885 2589 874 2590 885 2590 875 2590 875 2591 885 2591 886 2591 875 2592 886 2592 876 2592 876 2593 886 2593 412 2593 876 2594 412 2594 877 2594 877 2595 412 2596 414 2597 877 2598 414 2599 878 2600 879 2601 880 2601 881 2601 881 2602 880 2602 887 2602 881 2603 887 2603 882 2603 882 2604 887 2604 888 2604 882 2605 888 2605 313 2605 313 2606 888 2606 315 2606 313 2607 315 2608 108 2609 411 2610 476 2611 883 2612 883 2613 476 2613 475 2613 883 2614 475 2614 884 2614 884 2615 475 2615 474 2615 884 2616 474 2616 473 2616 884 2617 473 2617 885 2617 885 2618 473 2619 472 2618 885 2620 472 2620 654 2620 413 2621 412 2621 654 2621 654 2622 412 2622 886 2623 654 2624 886 2624 885 2624 414 2625 413 2625 880 2625 880 2626 413 2626 652 2626 880 2627 652 2627 887 2627 887 2628 652 2628 651 2628 887 2629 651 2629 888 2629 888 2630 651 2630 650 2630 888 2631 650 2631 315 2631 315 2632 650 2632 316 2632 315 2633 316 2633 104 2633 417 2634 419 2634 410 2634 410 2635 419 2635 476 2635 410 2636 476 2636 411 2636 418 2637 417 2637 416 2637 416 2638 417 2638 649 2638 416 2639 649 2639 415 2639 419 2640 418 2641 470 2642 470 2643 418 2643 889 2643 470 2644 889 2644 471 2644 471 2645 889 2645 890 2645 471 2646 890 2647 653 2648 653 2649 890 2649 891 2649 653 2650 891 2650 420 2650 420 2651 891 2651 892 2651 420 2652 892 2653 421 2654 426 2655 427 2655 428 2655 428 2656 427 2656 478 2656 428 2657 478 2657 320 2657 317 2658 319 2658 416 2658 416 2659 319 2659 893 2659 416 2660 893 2660 418 2660 418 2661 893 2661 894 2661 418 2662 894 2662 889 2662 889 2663 894 2663 895 2663 889 2664 895 2664 890 2664 890 2665 895 2666 896 2667 890 2668 896 2668 891 2668 891 2669 896 2669 897 2669 891 2670 897 2670 892 2670 892 2671 897 2671 898 2671 892 2672 898 2672 421 2672 421 2673 898 2673 899 2673 421 2674 899 2674 423 2674 423 2675 899 2675 900 2675 423 2676 900 2676 429 2676 429 2677 431 2677 423 2677 423 2678 431 2678 425 2678 423 2679 425 2679 424 2679 319 2680 321 2680 893 2680 893 2681 321 2681 433 2681 893 2682 433 2682 894 2682 894 2683 433 2684 435 2685 894 2686 435 2686 895 2686 895 2687 435 2687 437 2687 895 2688 437 2688 896 2688 896 2689 437 2689 439 2689 896 2690 439 2690 897 2690 897 2691 439 2691 901 2691 897 2692 901 2692 898 2692 898 2693 901 2693 902 2693 898 2694 902 2694 899 2694 899 2695 902 2695 903 2695 899 2696 903 2697 904 2698 430 2699 429 2699 904 2699 904 2700 429 2700 900 2700 904 2701 900 2701 899 2701 321 2702 432 2702 433 2702 433 2703 432 2704 466 2705 433 2706 466 2706 434 2706 441 2707 902 2707 440 2707 440 2708 902 2708 901 2708 440 2709 901 2709 439 2709 655 2710 479 2710 445 2710 445 2711 479 2712 430 2713 445 2714 430 2715 443 2716 443 2717 430 2717 904 2717 443 2718 904 2718 441 2718 441 2719 904 2719 903 2719 441 2720 903 2721 902 2722 434 2723 465 2723 436 2723 436 2724 465 2724 905 2724 436 2725 905 2725 438 2725 438 2726 905 2726 906 2726 438 2727 906 2727 440 2727 440 2728 906 2728 907 2728 440 2729 907 2729 441 2729 441 2730 907 2730 908 2730 441 2731 908 2731 442 2731 445 2732 446 2732 655 2732 655 2733 446 2733 481 2733 655 2734 481 2734 323 2734 464 2735 448 2735 465 2735 465 2736 448 2736 447 2736 465 2737 447 2737 905 2737 905 2738 447 2738 451 2738 905 2739 451 2739 906 2739 906 2740 451 2740 453 2740 906 2741 453 2741 907 2741 907 2742 453 2742 455 2742 907 2743 455 2743 908 2743 908 2744 455 2744 487 2744 908 2745 487 2746 442 2747 442 2748 487 2748 486 2748 442 2749 486 2749 485 2749 485 2750 482 2751 442 2752 442 2753 482 2753 444 2753 442 2754 444 2755 443 2756 449 2757 324 2757 450 2757 450 2758 324 2758 662 2758 450 2759 662 2759 452 2759 452 2760 662 2760 661 2760 452 2761 661 2761 454 2761 454 2762 661 2762 660 2763 454 2764 660 2764 484 2764 484 2765 660 2765 658 2765 484 2766 658 2766 483 2766 483 2767 658 2767 657 2767 483 2768 657 2768 326 2768 326 2769 657 2769 327 2769 326 2770 327 2770 125 2770 462 2771 461 2771 459 2771 459 2772 461 2772 659 2772 459 2773 659 2773 458 2773 328 2774 330 2774 457 2774 457 2775 330 2775 664 2775 457 2776 664 2776 459 2776 459 2777 664 2777 663 2777 459 2778 663 2778 462 2778 462 2779 663 2779 489 2779 462 2780 489 2781 463 2782 463 2783 489 2783 488 2783 463 2784 488 2784 119 2784</p>
        </triangles>
      </mesh>
    </geometry>
  </library_geometries>
  <library_visual_scenes>
    <visual_scene id="Scene" name="Scene">
      <node id="left_rudder" name="left_rudder" type="NODE">
        <matrix sid="transform">0.001980197 0 0 0.004484674 0 0.001980197 0 0 0 0 0.001980197 0.003122766 0 0 0 1</matrix>
        <instance_geometry url="#left_rudder-mesh" name="left_rudder"/>
      </node>
    </visual_scene>
  </library_visual_scenes>
  <scene>
    <instance_visual_scene url="#Scene"/>
  </scene>
</COLLADA>