<?xml version="1.0" encoding="utf-8"?>
<COLLADA xmlns="http://www.collada.org/2005/11/COLLADASchema" version="1.4.1" xmlns:xsi="http://www.w3.org/2001/XMLSchema-instance">
  <asset>
    <contributor>
      <author>Blender User</author>
      <authoring_tool>Blender 4.4.3 commit date:2025-04-29, commit time:14:09, hash:802179c51ccc</authoring_tool>
    </contributor>
    <created>2025-08-27T14:14:25</created>
    <modified>2025-08-27T14:14:25</modified>
    <unit name="meter" meter="1"/>
    <up_axis>Z_UP</up_axis>
  </asset>
  <library_images/>
  <library_geometries>
    <geometry id="right_aileron-mesh" name="right_aileron">
      <mesh>
        <source id="right_aileron-mesh-positions">
          <float_array id="right_aileron-mesh-positions-array" count="2016">-833.1613 -896.9421 156.3005 -828.1926 -893.697 157.0679 -830.6423 -895.2953 156.6712 -816.2241 -885.9646 159.9227 -850.7682 -908.5342 154.6763 -816.0054 -885.8265 160.0133 -814.2831 -884.7749 161.151 -859.1503 -914.093 154.3809 -814.1645 -884.7101 161.3172 -842.9008 -904.4364 168.2486 -845.7518 -906.3 167.8261 -844.5907 -905.5422 168.0118 -892.1829 -935.7263 149.9723 -892.1795 -935.7389 150.1486 -891.5192 -935.3146 150.3348 -853.5823 -910.3989 154.559 -815.0372 -885.223 160.5056 -815.2192 -885.335 160.3962 -815.6111 -885.5789 160.1918 -857.3829 -912.9199 154.4326 -814.4447 -884.8673 160.9687 -814.6402 -884.9827 160.7909 -814.8376 -885.1014 160.6413 -863.4591 -916.9531 154.2594 -865.6096 -918.3802 154.1947 -813.9238 -884.6085 162.0126 -813.9343 -884.6078 161.9216 -813.9699 -884.6171 161.7529 -814.0226 -884.6388 161.5952 -814.0885 -884.6707 161.4502 -814.3796 -885.0291 163.4041 -814.2746 -884.9462 163.2499 -877.2531 -926.0829 153.56 -879.312 -927.4368 153.3495 -880.4577 -928.1884 153.2116 -881.3721 -928.7872 153.0896 -882.9557 -929.822 152.8498 -888.1073 -933.2117 152.3504 -814.6035 -885.2019 163.6853 -885.179 -931.3809 153.7754 -815.3632 -885.7682 164.4001 -814.9578 -885.4686 164.0491 -814.7518 -885.3143 163.8467 -884.5387 -930.8528 152.5688 -886.0256 -931.8174 152.2606 -886.9396 -932.4081 152.0462 -887.8655 -933.004 151.7978 -888.7033 -933.5401 151.5363 -889.5067 -934.0511 151.2484 -890.9125 -934.9631 150.9566 -825.8713 -892.1854 157.4804 -835.3209 -898.3563 156.0094 -823.6963 -890.7721 157.9039 -838.2136 -900.2535 155.6569 -821.7153 -889.4883 158.3291 -841.0255 -902.1016 155.3587 -820.3797 -888.6252 158.6445 -842.5289 -903.0912 155.2189 -819.1051 -887.804 158.9764 -845.358 -904.9568 154.9923 -818.4489 -887.3827 159.1638 -847.9481 -906.6679 154.8235 -817.3972 -886.71 159.4945 -816.6625 -886.2424 159.7535 -868.1216 -920.0463 154.1082 -813.9329 -884.6415 162.3382 -813.9201 -884.6195 162.1772 -875.2374 -924.7543 153.727 -814.1762 -884.8667 163.0845 -873.1753 -923.3923 153.866 -814.0706 -884.7773 162.8583 -871.1121 -922.0275 153.979 -813.9952 -884.7087 162.6392 -813.9586 -884.6721 162.4925 -815.7841 -886.0751 164.715 -882.2382 -929.5391 155.1656 -816.2418 -886.4059 165.0226 -816.7595 -886.7771 165.3355 -817.3818 -887.2201 165.6733 -880.1685 -928.241 156.1223 -818.1526 -887.7648 166.0437 -878.4614 -927.1691 156.8988 -818.6461 -888.1115 166.2571 -876.7515 -926.0945 157.6637 -819.2649 -888.5444 166.5029 -819.8879 -888.9785 166.7289 -874.1965 -924.4865 158.7804 -820.8403 -889.6391 167.0396 -821.8333 -890.3246 167.3256 -871.6345 -922.8712 159.8647 -822.9492 -891.0916 167.6056 -870.0272 -921.8561 160.5247 -824.1265 -891.8973 167.8605 -868.4172 -920.8378 161.1689 -825.3776 -892.7502 168.092 -866.8967 -919.8748 161.7609 -826.8301 -893.7365 168.3138 -864.5146 -918.3632 162.6537 -827.8651 -894.4368 168.4437 -862.1981 -916.8894 163.4783 -829.4222 -895.4871 168.5981 -830.7023 -896.3477 168.6904 -860.9251 -916.0781 163.9119 -831.3585 -896.7877 168.7262 -859.6509 -915.2645 164.3316 -832.7106 -897.6927 168.7768 -858.2559 -914.3725 164.7743 -833.8853 -898.4769 168.7965 -856.8584 -913.4774 165.1994 -835.5865 -899.6094 168.7875 -855.3976 -912.54 165.6233 -854.2695 -911.8148 165.9359 -837.2032 -900.6821 168.7376 -853.1403 -911.0879 166.2353 -852.0699 -910.3976 166.5061 -838.7295 -901.6919 168.6544 -850.9987 -909.7057 166.7643 -839.9525 -902.4989 168.5626 -849.9263 -909.012 167.0092 -841.2103 -903.3268 168.4445 -848.853 -908.3165 167.2405 -847.8827 -907.6867 167.4372 -846.9122 -907.0558 167.6219 -890.8513 -934.8979 150.6688 -892.1761 -935.7515 150.325 -890.1802 -934.4766 150.9736 -687.9263 -999.9 155.4665 -687.9348 -999.9 155.562 -687.9331 -999.9 155.3716 -709.4189 -999.9 160.9584 -709.3228 -999.9 152.4379 -707.8864 -999.9 160.8196 -715.4384 -999.9 161.3593 -717.7303 -999.9 161.4571 -718.0002 -999.9 151.9115 -737.994 -999.9 161.2006 -737.3468 -999.9 151.0836 -735.4268 -999.9 161.3407 -748.2856 -999.9 160.3514 -749.6389 -999.9 150.8212 -745.6866 -999.9 160.6071 -761.2389 -999.9 158.712 -760.7511 -999.9 150.6784 -758.6541 -999.9 159.0845 -809.7736 -999.9 148.1579 -808.5295 -999.9 148.3857 -808.8553 -999.9 148.8194 -813.6367 -999.9 147.2517 -815.0413 -999.9 147.0265 -815.0295 -999.9 146.8495 -714.1277 -999.9 152.1341 -710.9538 -999.9 161.0818 -713.1456 -999.9 161.2323 -743.1689 -999.9 150.9385 -740.5598 -999.9 161.0309 -743.1241 -999.9 160.8327 -767.1281 -999.9 150.6024 -763.8207 -999.9 158.3191 -766.3995 -999.9 157.9064 -769.6199 -999.9 157.3634 -770.3319 -999.9 150.5595 -815.0531 -999.9 147.2034 -812.2336 -999.9 147.6161 -811.012 -999.9 147.9003 -688.0787 -999.9 155.077 -687.9959 -999.9 155.1924 -688.0375 -999.9 155.8519 -687.9564 -999.9 155.2795 -687.9741 -999.9 155.7113 -689.3078 -999.9 156.9024 -689.2424 -999.9 154.5058 -688.9386 -999.9 156.6903 -688.7624 -999.9 154.6698 -688.7375 -999.9 156.5591 -688.5284 -999.9 154.7687 -688.5439 -999.9 156.4176 -688.3268 -999.9 154.8771 -688.3547 -999.9 156.2545 -688.1815 -999.9 154.979 -688.1432 -999.9 156.0157 -692.8661 -999.9 158.2547 -693.0403 -999.9 153.8431 -692.3888 -999.9 158.1098 -691.7266 -999.9 154.0244 -691.5866 -999.9 157.8482 -690.788 -999.9 154.1726 -690.794 -999.9 157.5623 -690.0954 -999.9 154.301 -690.2011 -999.9 157.3249 -689.5342 -999.9 154.4272 -689.6886 -999.9 157.094 -695.8008 -999.9 159.0108 -696.0133 -999.9 153.5018 -694.8184 -999.9 158.7802 -693.8578 -999.9 153.7412 -693.8411 -999.9 158.5294 -699.6507 -999.9 159.7581 -700.2971 -999.9 153.108 -698.1506 -999.9 159.4919 -697.4277 -999.9 153.3627 -696.7915 -999.9 159.2246 -701.2969 -999.9 160.0206 -705.05 -999.9 152.7365 -702.9817 -999.9 160.2596 -704.8261 -999.9 160.4921 -706.3557 -999.9 160.6645 -722.6417 -999.9 161.5764 -721.8684 -999.9 151.7065 -720.1841 -999.9 161.5316 -728.5743 -999.9 161.5644 -729.5991 -999.9 151.3521 -726.8599 -999.9 161.5853 -725.7333 -999.9 151.5194 -725.1451 -999.9 161.5921 -730.2883 -999.9 161.5293 -732.0017 -999.9 161.4803 -733.47 -999.9 151.2066 -733.7145 -999.9 161.4174 -750.882 -999.9 160.0702 -753.4756 -999.9 159.7645 -754.8152 -999.9 150.7493 -756.0663 -999.9 159.4356 -774.8651 -999.9 156.417 -775.09 -999.9 150.4831 -772.2424 -999.9 156.8995 -780.1036 -999.9 155.4012 -779.4372 -999.9 150.3928 -777.4863 -999.9 155.9171 -788.2806 -999.9 150.1113 -786.0703 -999.9 150.1972 -787.1972 -999.9 153.9254 -783.8596 -999.9 150.2718 -782.715 -999.9 154.8707 -796.8321 -999.9 149.6386 -794.9017 -999.9 149.7685 -797.2392 -999.9 151.6663 -791.5921 -999.9 149.9577 -792.2236 -999.9 152.8174 -803.1312 -999.9 149.0881 -800.6891 -999.9 149.3273 -803.6013 -999.9 150.1414 -798.7614 -999.9 149.4921 -799.2995 -999.9 151.1809 -806.0392 -999.9 148.7516 -804.5865 -999.9 148.9276 -807.8941 -999.9 149.0653 -807.2906 -999.9 148.5816 -869.7063 -953.7831 149.323 -836.9198 -976.8416 149.8672 -883.7271 -930.7247 152.6593 -857.8865 -953.7831 151.3784 -882.9853 -930.7247 154.5638 -855.5494 -953.7831 153.3266 -843.5821 -907.6663 167.7702 -840.8637 -907.6663 167.9344 -838.1434 -907.6663 168.0641 -835.4217 -907.6663 168.158 -832.699 -907.6663 168.2149 -829.9757 -907.6663 168.235 -827.2525 -907.6663 168.2188 -824.5298 -907.6663 168.1654 -816.3702 -907.6663 167.7758 -813.6557 -907.6663 167.5613 -800.1808 -907.6663 165.6807 -798.8503 -907.6663 165.3944 -797.5259 -907.6663 165.0819 -791.7083 -907.6663 163.2003 -791.0898 -907.6663 162.9185 -790.4865 -907.6663 162.6063 -790.1916 -907.6663 162.4377 -789.7645 -907.6663 162.1601 -789.3636 -907.6663 161.8462 -789.1229 -907.6663 161.6069 -788.9671 -907.6663 161.4053 -788.8384 -907.6663 161.1852 -788.7547 -907.6663 160.5311 -788.8153 -907.6663 160.3804 -789.525 -907.6663 159.7323 -789.8219 -907.6663 159.5803 -791.0914 -907.6663 159.1341 -791.7481 -907.6663 158.9679 -792.7429 -907.6663 158.7525 -794.0786 -907.6663 158.5034 -795.4199 -907.6663 158.2818 -803.5206 -907.6663 157.2786 -806.2297 -907.6663 157.0119 -810.2973 -907.6663 156.6475 -829.3156 -907.6663 155.3759 -832.0358 -907.6663 155.2449 -762.4251 -976.8416 162.9566 -752.1605 -976.8416 163.2507 -749.5931 -976.8416 163.2448 -747.0261 -976.8416 163.2065 -744.4596 -976.8416 163.1358 -741.8943 -976.8416 163.0316 -739.3309 -976.8416 162.8911 -722.7809 -976.8416 160.863 -719.0372 -976.8416 159.9679 -717.8076 -976.8416 159.6013 -714.3977 -976.8416 158.2121 -713.991 -976.8416 157.9555 -713.5554 -976.8416 157.6029 -713.3468 -976.8416 157.3598 -713.2218 -976.8416 157.1545 -713.1626 -976.8416 157.0055 -713.1301 -976.8416 156.8487 -714.6534 -976.8416 155.6908 -715.4283 -976.8416 155.4961 -716.2137 -976.8416 155.3406 -717.1618 -976.8416 155.1799 -723.5286 -976.8416 154.3998 -726.0841 -976.8416 154.1597 -736.3216 -976.8416 153.3638 -741.4456 -976.8416 153.0336 -746.572 -976.8416 152.7402 -756.8303 -976.8416 152.2586 -761.962 -976.8416 152.0803 -767.095 -976.8416 151.9432 -772.2289 -976.8416 151.8425 -777.3632 -976.8416 151.7695 -799.0479 -976.8416 151.567 -805.3289 -976.8416 151.4766 -808.4691 -976.8416 151.4134 -814.7481 -976.8416 151.2335 -817.8865 -976.8416 151.1088 -821.0234 -976.8416 150.9538 -835.0963 -976.8416 149.6848 -836.6465 -976.8416 149.4344 -838.189 -976.8416 149.1394 -839.7216 -976.8416 148.7971 -841.2431 -976.8416 148.4075 -866.6017 -953.7831 150.1148 -867.3826 -953.7831 149.9359 -864.5268 -953.7831 151.0327 -858.5458 -953.7831 152.5773 -739.6141 -953.7831 159.5909 -739.2031 -953.7831 159.3237 -764.5511 -930.7247 160.7883 -764.1539 -930.7247 160.4853 -738.9442 -953.7831 159.1243 -862.6606 -953.7831 150.8238 -864.2432 -953.7831 150.5747 -868.9351 -953.7831 149.5399 -879.9286 -930.7247 155.3235 -864.5953 -930.7247 158.9122 -861.5173 -930.7247 159.5795 -855.3478 -930.7247 160.8512 -852.2562 -930.7247 161.4527 -849.1597 -930.7247 162.0291 -764.5139 -930.7247 158.382 -764.8171 -930.7247 158.2543 -790.1316 -907.6663 159.4509 -824.8036 -930.7247 153.7607 -845.645 -907.6663 154.8041 -819.4617 -930.7247 153.8505 -852.7078 -930.7247 153.6382 -859.2431 -930.7247 153.5955 -862.5104 -930.7247 153.5562 -872.3102 -930.7247 153.319 -875.575 -930.7247 153.1835 -882.0984 -930.7247 152.7895 -861.5382 -953.7831 151.8126 -833.9883 -976.8416 150.6235 -831.0531 -976.8416 151.3645 -828.1136 -976.8416 152.0893 -852.5496 -953.7831 154.0614 -825.1706 -976.8416 152.7992 -849.5466 -953.7831 154.7828 -822.2244 -976.8416 153.4954 -846.5404 -953.7831 155.491 -819.2751 -976.8416 154.1783 -843.5309 -953.7831 156.1848 -816.3224 -976.8416 154.8467 -840.5178 -953.7831 156.8629 -813.3663 -976.8416 155.4995 -837.501 -953.7831 157.5239 -810.4066 -976.8416 156.1356 -834.4802 -953.7831 158.1665 -807.4431 -976.8416 156.7536 -831.4551 -953.7831 158.7892 -804.4755 -976.8416 157.3522 -828.4258 -953.7831 159.3907 -801.5038 -976.8416 157.9303 -825.3921 -953.7831 159.9696 -798.528 -976.8416 158.4865 -822.3538 -953.7831 160.5242 -795.5479 -976.8416 159.0193 -819.7736 -953.7831 160.9743 -793.0173 -976.8416 159.4517 -817.1901 -953.7831 161.4051 -790.4835 -976.8416 159.8655 -814.6034 -953.7831 161.816 -787.9467 -976.8416 160.2602 -812.0134 -953.7831 162.2061 -785.4069 -976.8416 160.635 -809.4202 -953.7831 162.5747 -782.8641 -976.8416 160.9892 -806.8239 -953.7831 162.9209 -780.3184 -976.8416 161.3219 -804.2246 -953.7831 163.2434 -777.7699 -976.8416 161.6321 -801.6223 -953.7831 163.5412 -775.2185 -976.8416 161.9187 -799.0171 -953.7831 163.8131 -772.6646 -976.8416 162.1805 -796.4092 -953.7831 164.0579 -770.108 -976.8416 162.4165 -793.7988 -953.7831 164.2743 -767.5491 -976.8416 162.6255 -791.186 -953.7831 164.4606 -764.988 -976.8416 162.8059 -788.5712 -953.7831 164.6159 -785.9548 -953.7831 164.7397 -759.8604 -976.8416 163.0775 -783.337 -953.7831 164.8308 -757.2946 -976.8416 163.1673 -780.7182 -953.7831 164.8883 -754.7278 -976.8416 163.225 -778.0989 -953.7831 164.9121 -775.4796 -953.7831 164.9028 -772.8606 -953.7831 164.8594 -770.2424 -953.7831 164.7822 -767.6255 -953.7831 164.6697 -765.0107 -953.7831 164.5193 -762.3984 -953.7831 164.3285 -736.7698 -976.8416 162.7121 -759.7899 -953.7831 164.0945 -734.212 -976.8416 162.4919 -758.4872 -953.7831 163.9602 -731.6585 -976.8416 162.2271 -757.1859 -953.7831 163.8138 -842.9224 -907.6663 154.8644 -830.1459 -930.7247 153.7063 -835.4882 -930.7247 153.6771 -840.8303 -930.7247 153.6627 -846.1724 -930.7247 153.654 -846.2982 -907.6663 167.5718 -821.8081 -907.6663 168.0751 -819.088 -907.6663 167.9461 -810.9454 -907.6663 167.2996 -809.5923 -907.6663 167.1501 -808.2407 -907.6663 166.9871 -806.8909 -907.6663 166.8102 -805.5432 -907.6663 166.6187 -804.1978 -907.6663 166.412 -802.8552 -907.6663 166.1878 -801.5161 -907.6663 165.9442 -796.2094 -907.6663 164.7384 -794.9031 -907.6663 164.3583 -794.2548 -907.6663 164.1528 -793.6104 -907.6663 163.9357 -792.9703 -907.6663 163.7059 -792.3359 -907.6663 163.4615 -788.7747 -907.6663 161.0275 -788.7349 -907.6663 160.8625 -788.7263 -907.6663 160.6944 -788.8773 -907.6663 160.2771 -788.9503 -907.6663 160.1818 -789.1206 -907.6663 160.0112 -789.1832 -907.6663 159.9596 -789.3836 -907.6663 159.8183 -764.2242 -930.7247 158.5329 -790.4465 -907.6663 159.3335 -799.463 -907.6663 157.7298 -798.1129 -907.6663 157.8987 -796.765 -907.6663 158.0815 -800.8145 -907.6663 157.5715 -813.0111 -907.6663 156.4249 -815.726 -907.6663 156.2175 -818.4422 -907.6663 156.0242 -821.1594 -907.6663 155.8441 -823.8774 -907.6663 155.6762 -834.7567 -907.6663 155.1279 -837.4781 -907.6663 155.0257 -840.2 -907.6663 154.9382 -730.3838 -976.8416 162.0766 -729.1107 -976.8416 161.9133 -727.8393 -976.8416 161.7368 -726.5702 -976.8416 161.5449 -725.3038 -976.8416 161.3358 -724.0405 -976.8416 161.1094 -721.5261 -976.8416 160.5936 -720.2775 -976.8416 160.2969 -717.1979 -976.8416 159.4015 -716.5928 -976.8416 159.1885 -715.9932 -976.8416 158.9606 -715.4011 -976.8416 158.7139 -714.8213 -976.8416 158.4398 -713.7344 -976.8416 157.7634 -713.1335 -976.8416 156.6893 -713.1799 -976.8416 156.5377 -713.2622 -976.8416 156.4035 -713.3409 -976.8416 156.3158 -713.4292 -976.8416 156.2381 -713.6238 -976.8416 156.1053 -713.6924 -976.8416 156.0665 -713.9053 -976.8416 155.962 -714.1986 -976.8416 155.8396 -718.4305 -976.8416 154.9915 -719.7023 -976.8416 154.8229 -720.9763 -976.8416 154.67 -729.9211 -976.8416 153.8367 -733.7607 -976.8416 153.5446 -751.7002 -976.8416 152.4802 -782.4976 -976.8416 151.7154 -792.7665 -976.8416 151.6284 -811.6089 -976.8416 151.3336 -824.1584 -976.8416 150.7628 -825.725 -976.8416 150.6516 -827.2906 -976.8416 150.5287 -828.8552 -976.8416 150.3928 -830.4184 -976.8416 150.2428 -831.9801 -976.8416 150.0771 -833.5399 -976.8416 149.8941 -755.8862 -953.7831 163.6545 -754.5881 -953.7831 163.4818 -753.2921 -953.7831 163.2952 -751.9985 -953.7831 163.0925 -750.7079 -953.7831 162.8719 -749.4206 -953.7831 162.6331 -748.1374 -953.7831 162.3735 -746.8594 -953.7831 162.0897 -745.5881 -953.7831 161.7774 -744.3259 -953.7831 161.4314 -743.0751 -953.7831 161.0461 -742.4554 -953.7831 160.8363 -741.8405 -953.7831 160.6128 -741.2315 -953.7831 160.3738 -740.6307 -953.7831 160.1154 -740.043 -953.7831 159.8286 -738.7635 -953.7831 158.9586 -738.5536 -953.7831 158.7083 -738.4273 -953.7831 158.4981 -738.3666 -953.7831 158.3462 -738.3317 -953.7831 158.1866 -738.3312 -953.7831 158.0243 -738.3715 -953.7831 157.8688 -738.4466 -953.7831 157.7291 -738.5197 -953.7831 157.6362 -738.6029 -953.7831 157.5526 -738.7894 -953.7831 157.4072 -738.856 -953.7831 157.3642 -739.0647 -953.7831 157.2475 -739.3563 -953.7831 157.1108 -739.6588 -953.7831 156.9954 -740.1232 -953.7831 156.8489 -740.5952 -953.7831 156.7242 -741.3918 -953.7831 156.5497 -742.3555 -953.7831 156.3708 -743.6465 -953.7831 156.1621 -744.9415 -953.7831 155.9758 -746.2392 -953.7831 155.8072 -747.5389 -953.7831 155.6528 -748.84 -953.7831 155.5098 -751.4451 -953.7831 155.247 -755.3573 -953.7831 154.8951 -759.2729 -953.7831 154.5789 -764.4975 -953.7831 154.2018 -767.1111 -953.7831 154.0305 -772.3405 -953.7831 153.7188 -777.572 -953.7831 153.4454 -782.8057 -953.7831 153.215 -788.0414 -953.7831 153.0329 -793.2784 -953.7831 152.8968 -798.5162 -953.7831 152.8016 -803.7545 -953.7831 152.7379 -808.9929 -953.7831 152.6963 -814.2312 -953.7831 152.6669 -819.4694 -953.7831 152.6412 -825.8779 -953.7831 152.6026 -832.2859 -953.7831 152.5361 -835.4897 -953.7831 152.4848 -838.6932 -953.7831 152.4167 -841.8962 -953.7831 152.3279 -845.0983 -953.7831 152.2139 -848.2993 -953.7831 152.0686 -851.4983 -953.7831 151.8861 -853.0968 -953.7831 151.7787 -854.6945 -953.7831 151.6591 -856.2911 -953.7831 151.5261 -859.4802 -953.7831 151.2144 -861.0721 -953.7831 151.0324 -865.0317 -953.7831 150.4338 -865.8181 -953.7831 150.2808 -868.1605 -953.7831 149.7443 -876.8687 -930.7247 156.0702 -873.8057 -930.7247 156.8038 -870.7394 -930.7247 157.5229 -867.6693 -930.7247 158.2262 -858.4348 -930.7247 160.2262 -846.53 -930.7247 162.497 -843.8967 -930.7247 162.9448 -841.26 -930.7247 163.3717 -838.6199 -930.7247 163.7772 -835.9763 -930.7247 164.1602 -833.3295 -930.7247 164.5198 -830.6793 -930.7247 164.8547 -828.0261 -930.7247 165.1637 -825.3696 -930.7247 165.4456 -822.7104 -930.7247 165.6992 -820.0485 -930.7247 165.923 -817.384 -930.7247 166.1154 -814.7175 -930.7247 166.2751 -812.0491 -930.7247 166.4019 -809.3793 -930.7247 166.4944 -806.7086 -930.7247 166.5516 -804.0373 -930.7247 166.5736 -801.366 -930.7247 166.5608 -798.6952 -930.7247 166.5124 -796.0253 -930.7247 166.4287 -793.3568 -930.7247 166.3079 -790.6904 -930.7247 166.1476 -788.0271 -930.7247 165.9449 -785.3676 -930.7247 165.6971 -784.0397 -930.7247 165.5551 -782.7133 -930.7247 165.4005 -781.3885 -930.7247 165.2323 -780.0657 -930.7247 165.0502 -778.7449 -930.7247 164.8536 -777.4268 -930.7247 164.6402 -776.1121 -930.7247 164.408 -774.8007 -930.7247 164.1569 -773.4938 -930.7247 163.8839 -772.1926 -930.7247 163.5858 -770.8988 -930.7247 163.2579 -769.6145 -930.7247 162.8948 -768.9768 -930.7247 162.6984 -768.3428 -930.7247 162.4909 -767.7129 -930.7247 162.2711 -767.0882 -930.7247 162.0372 -766.4699 -930.7247 161.7871 -765.8603 -930.7247 161.5169 -765.2648 -930.7247 161.2175 -764.9734 -930.7247 161.0555 -763.9152 -930.7247 160.253 -763.7603 -930.7247 160.0568 -763.6329 -930.7247 159.8416 -763.5707 -930.7247 159.6869 -763.5333 -930.7247 159.5246 -763.5287 -930.7247 159.3593 -763.5631 -930.7247 159.2 -763.6309 -930.7247 159.0547 -763.6985 -930.7247 158.9566 -763.7766 -930.7247 158.8672 -763.955 -930.7247 158.7092 -764.0195 -930.7247 158.6619 -765.2849 -930.7247 158.0912 -765.9226 -930.7247 157.9102 -766.57 -930.7247 157.7588 -767.5492 -930.7247 157.5616 -768.8625 -930.7247 157.3327 -770.1807 -930.7247 157.1288 -771.5021 -930.7247 156.9444 -772.8259 -930.7247 156.7757 -774.1515 -930.7247 156.6198 -775.4783 -930.7247 156.4733 -778.1346 -930.7247 156.2015 -780.7935 -930.7247 155.9535 -784.7852 -930.7247 155.6132 -787.4479 -930.7247 155.4045 -790.1118 -930.7247 155.2096 -792.7767 -930.7247 155.0274 -798.1089 -930.7247 154.6975 -803.4438 -930.7247 154.4106 -806.1122 -930.7247 154.2847 -808.7812 -930.7247 154.1714 -811.4507 -930.7247 154.0718 -814.1207 -930.7247 153.9855 -865.7775 -930.7247 153.4999 -869.0442 -930.7247 153.4223 -878.8381 -930.7247 153.0095 -880.4686 -930.7247 152.9058</float_array>
          <technique_common>
            <accessor source="#right_aileron-mesh-positions-array" count="672" stride="3">
              <param name="X" type="float"/>
              <param name="Y" type="float"/>
              <param name="Z" type="float"/>
            </accessor>
          </technique_common>
        </source>
        <source id="right_aileron-mesh-normals">
          <float_array id="right_aileron-mesh-normals-array" count="4650">-0.5531846 0.829915 0.0723046 -0.5531846 0.8299151 0.07230317 -0.5531852 0.8299147 0.07230406 -0.5529788 0.8303185 0.06917858 -0.5529787 0.8303186 0.06917858 -0.5530007 0.8302964 0.06926929 -0.5531257 0.8300541 0.07115095 -0.5530951 0.8301819 0.06988447 -0.5530934 0.8301832 0.06988251 -0.5530945 0.8301824 0.06988334 -0.5531883 0.8301105 0.06999611 -0.5530554 0.8301738 0.0702939 -0.5530619 0.8301816 0.07015025 -0.5530554 0.8301738 0.07029396 -0.5530582 0.830214 0.06979501 -0.5530099 0.8302041 0.07029372 -0.5530536 0.8302289 0.069655 -0.5530706 0.8301942 0.06993228 -0.5530133 0.8302709 0.06947439 -0.5530073 0.8302828 0.06937932 -0.5530073 0.8302828 0.06937962 -0.5530053 0.8302908 0.06930041 -0.55297 0.8303296 0.06911605 -0.5529699 0.8303297 0.06911611 -0.55313 0.8300148 0.07157319 -0.5528636 0.83041 0.06900227 -0.5528638 0.8304099 0.06900197 -0.5528636 0.83041 0.06900221 -0.5530064 0.8302413 0.06988036 -0.5530961 0.830186 0.06982928 -0.5530433 0.8301726 0.07040387 -0.5530706 0.8301469 0.0704922 -0.5530433 0.8301725 0.07040405 -0.553097 0.8301054 0.07077473 -0.5530968 0.8301053 0.07077473 -0.5530968 0.8301054 0.07077479 -0.5530791 0.8301547 0.0703333 -0.5527498 0.8305104 0.06870418 -0.5527499 0.8305104 0.06870406 -0.5527498 0.8305104 0.06870418 -0.5530818 0.8301797 0.07001596 -0.5530819 0.8301797 0.07001543 -0.5530819 0.8301797 0.0700162 -0.5530083 0.8302428 0.06984806 -0.5529581 0.8302676 0.06995165 -0.5529581 0.8302676 0.06995171 -0.5530153 0.8302404 0.06982266 -0.5529763 0.8301919 0.07070118 -0.553048 0.8301983 0.07006305 -0.5530481 0.8302184 0.06982421 -0.5530481 0.8302063 0.0699675 -0.5529451 0.830401 0.06845533 -0.552946 0.8303964 0.06850415 -0.5529442 0.8304013 0.06845718 -0.5541621 0.8278052 0.08742374 -0.5541631 0.8278049 0.08742141 -0.5541603 0.8278071 0.0874176 -0.5530353 0.8302176 0.06993442 -0.5530381 0.830221 0.06987214 -0.5530093 0.8302177 0.0701397 -0.5530609 0.8301842 0.07012844 -0.5530117 0.830257 0.06965172 -0.5530118 0.8302571 0.06965166 -0.5530119 0.830257 0.06965178 -0.5530204 0.8302388 0.06980031 -0.5530624 0.8301432 0.07059931 -0.5530623 0.8301432 0.07059925 -0.5530624 0.8301432 0.07059931 -0.5530222 0.8302361 0.06981825 -0.5530778 0.8301718 0.07014286 -0.5529888 0.8302264 0.07019644 -0.5530851 0.8301926 0.06983631 -0.5530393 0.830233 0.06971973 -0.5530632 0.8301986 0.06994014 -0.5531396 0.8301425 0.07000023 -0.5530054 0.8303338 0.06878238 -0.5529665 0.8303526 0.06886816 -0.552967 0.8303523 0.06886798 -0.5532364 0.8298314 0.07286626 -0.5532376 0.8298348 0.07281893 -0.5532363 0.8298314 0.07286709 -0.552946 0.8303947 0.06852388 -0.5529451 0.8303912 0.06857198 -0.552946 0.8303948 0.06852346 -0.5529584 0.8303532 0.06892555 -0.5529582 0.8303533 0.06892561 -0.5529583 0.8303532 0.06892573 -0.5530387 0.830218 0.06990391 -0.5530387 0.8302178 0.06990402 -0.5530387 0.8302179 0.06990373 -0.5531275 0.8301503 0.07000279 -0.5531076 0.8301388 0.07029765 -0.5531077 0.8301387 0.07029771 -0.5531076 0.8301388 0.07029736 -0.5529336 0.8303564 0.06908613 -0.5529335 0.8303564 0.06908643 -0.5529335 0.8303564 0.06908655 -0.5530435 0.8301947 0.07014167 -0.5530435 0.8301946 0.07014173 -0.5530435 0.8301947 0.07014161 -0.5530644 0.8301868 0.07006961 -0.5530079 0.8302806 0.06940019 -0.5530079 0.8302807 0.06940025 -0.5530079 0.8302808 0.06939989 -0.5530119 0.8302785 0.06939351 -0.5530698 0.8301905 0.06998312 -0.553088 0.8302201 0.06948655 -0.5530549 0.8301938 0.07006257 -0.5530548 0.8301938 0.07006257 -0.5530319 0.8302178 0.06995928 -0.5530292 0.8302276 0.06986385 -0.5530292 0.8302276 0.06986367 -0.5530666 0.8301948 0.06995785 -0.5530667 0.8301948 0.06995779 -0.5530667 0.8301948 0.06995785 -0.5530206 0.8303006 0.06906014 -0.5530205 0.8303006 0.06905996 -0.5530218 0.8303037 0.0690124 -0.5529282 0.8304547 0.06793665 -0.5529283 0.8304547 0.06793653 -0.5529283 0.8304547 0.06793677 -0.5529114 0.8303115 0.06979978 -0.5530764 0.8301802 0.07005357 -0.5530763 0.8301802 0.07005351 -0.5530763 0.8301802 0.07005357 -0.5530536 0.8301935 0.07007628 -0.5530536 0.8301935 0.07007616 -0.5530536 0.8301934 0.07007622 -0.5530958 0.8301411 0.07036286 -0.5530959 0.8301411 0.07036286 -0.5530958 0.8301411 0.07036286 -0.5530328 0.8302661 0.06937658 -0.5529938 0.8302535 0.06983554 -0.5530095 0.8302531 0.06971704 -0.5530095 0.8302531 0.06971704 -0.5530095 0.8302531 0.06971704 -0.5529338 0.8303509 0.06915122 -0.5531641 0.8299155 0.07245659 -0.553164 0.8299155 0.07245653 -0.553164 0.8299155 0.07245659 -0.5530131 0.8302103 0.07019639 -0.5530131 0.8302102 0.07019639 -0.5530132 0.8302103 0.07019639 -0.5530583 0.8301923 0.07005316 -0.5530382 0.8302273 0.06979554 -0.5530434 0.8302262 0.06976795 -0.5530437 0.8302068 0.06999611 -0.5530607 0.830187 0.07009816 -0.5530377 0.8302185 0.0699042 -0.5530388 0.8302494 0.06952804 -0.553043 0.8301942 0.07015067 -0.553038 0.8302192 0.06989371 -0.5530585 0.8302288 0.06961673 -0.5530585 0.8302288 0.06961661 -0.5530415 0.8301976 0.0701217 -0.5530382 0.8302382 0.06966555 -0.5530697 0.8301849 0.07004994 -0.5529907 0.8302464 0.06994456 -0.5530115 0.8302494 0.06974452 -0.5530115 0.8302494 0.06974452 -0.5530606 0.830228 0.06961041 -0.5530458 0.8301967 0.07009959 -0.5530569 0.8301834 0.07016867 -0.5529842 0.8302695 0.06972217 -0.5530291 0.8302189 0.06996679 -0.5530292 0.830219 0.06996679 -0.5530292 0.830219 0.06996679 -0.5531682 0.8301585 0.06958472 -0.5531681 0.8301585 0.06958472 -0.5531681 0.8301584 0.06958472 -0.5530398 0.8301984 0.07012659 -0.5530384 0.8302192 0.0698899 -0.5530151 0.8302388 0.06984299 -0.553015 0.8302388 0.06984305 -0.553015 0.8302388 0.06984299 -0.5530292 0.8302392 0.06972664 -0.5530292 0.8302391 0.06972664 -0.5530292 0.8302391 0.06972664 -0.5530197 0.8302098 0.07015091 -0.5530196 0.8302099 0.07015097 -0.5530196 0.8302097 0.07015091 -0.5531194 0.8301484 0.07009029 -0.5531194 0.8301485 0.07009029 -0.5530562 0.8301921 0.07007277 -0.5530561 0.830192 0.07007277 -0.5530446 0.8302077 0.06997889 -0.5530372 0.8302768 0.06921374 -0.5530459 0.8302243 0.06976974 -0.5530486 0.8302146 0.0698651 -0.5530486 0.8302146 0.0698651 -0.5530399 0.8302062 0.07003372 -0.5530399 0.8302062 0.07003372 -0.5530399 0.8302062 0.07003372 -0.5530524 0.8302224 0.06974053 -0.5529933 0.8302341 0.07007086 -0.5529933 0.8302341 0.07007086 -0.5529933 0.8302341 0.07007086 -0.553072 0.8301672 0.07024151 -0.553072 0.8301672 0.07024163 -0.553072 0.8301671 0.07024157 -0.5530944 0.8302033 0.06963694 -0.5530944 0.8302033 0.069637 -0.5530944 0.8302033 0.06963694 -0.5531759 0.8301462 0.06966948 -0.5531759 0.8301462 0.06966972 -0.5531758 0.8301463 0.06966954 -0.5529205 0.8302912 0.06996828 -0.5529204 0.8302912 0.06996935 -0.5529205 0.8302913 0.0699687 -0.5529924 0.8302326 0.0700953 -0.553112 0.8301287 0.07038193 -0.553112 0.8301287 0.07038187 -0.5531083 0.8301352 0.07033449 -0.5529835 0.8302938 0.06943684 -0.5529832 0.8302939 0.06943702 -0.5529834 0.8302939 0.0694369 -0.5530689 0.8301755 0.07016855 -0.5530688 0.8301755 0.07016879 -0.5530763 0.8301745 0.07012134 -0.5530868 0.8302507 0.0691303 -0.553038 0.8301842 0.07030951 -0.5530379 0.8301842 0.07030963 -0.5530379 0.8301842 0.07030957 -0.5531752 0.8300058 0.07132863 -0.5531749 0.8300059 0.07132923 -0.553175 0.8300058 0.07132887 -0.5530778 0.8302698 0.06897139 -0.5529596 0.8303208 0.0693044 -0.5529593 0.830321 0.0693047 -0.5529667 0.83032 0.06925714 -0.5530351 0.8302236 0.06986355 -0.5530369 0.8302184 0.06991142 -0.5530329 0.8302292 0.06981599 -0.5530053 0.8302061 0.07030689 -0.5530055 0.8302059 0.07030713 -0.5530054 0.830206 0.07030701 -0.5531257 0.8300852 0.07078522 -0.5530478 0.8301224 0.0709573 -0.5531064 0.8300944 0.07082855 -0.5530604 0.8301846 0.07012671 -0.5530592 0.8301849 0.07013285 -0.55306 0.8301846 0.07012969 -0.5533306 0.8299178 0.07114607 -0.5533316 0.8299131 0.07119399 -0.5533314 0.8299133 0.07119315 -0.5529474 0.8302311 0.07046633 -0.5532203 0.8300126 0.07089668 -0.5532203 0.8300126 0.07089668 -0.5530166 0.8301997 0.0702936 -0.5530962 0.8301804 0.06989514 -0.5530962 0.8301803 0.06989514 -0.5530962 0.8301803 0.06989508 0 -1 1.00477e-5 0 -1 9.97846e-6 0 -1 1.01171e-5 0 -1 0 0 -1 1.11453e-5 0 -1 -9.36715e-6 0 -1 -2.331e-5 0 -1 -9.94431e-5 0 -1 -1.50744e-4 0 -1 -1.50783e-4 0 -1 -1.5058e-4 0 -1 -7.44881e-6 0 -1 1.72838e-5 0 -1 -1.35575e-5 0 -1 8.2765e-6 0 -1 -1.91844e-5 0 -1 -7.7688e-6 0 -1 -2.38109e-6 0 -1 -2.62189e-5 0 -1 2.11142e-5 0 -1 -1.12153e-5 0 -1 6.52194e-5 0 -1 6.52225e-5 0 -1 6.51716e-5 0 -1 -1.28337e-4 -1.02563e-5 -1 8.75843e-6 -1.02298e-5 -1 8.89731e-6 -1.05797e-5 -1 8.81863e-6 0 -1 -1.37825e-4 0 -1 -1.37742e-4 0 -1 -1.37784e-4 0 -1 7.00673e-5 0 -1 -9.95857e-6 0 -1 -4.21321e-5 0 -1 -9.12909e-5 0 -1 8.94561e-5 0 -1 3.34225e-5 0 -1 -1.48434e-4 0 -1 -9.83323e-6 0 -1 -9.23463e-6 0 -1 -5.19788e-5 3.35406e-4 -1 -1.83939e-6 3.35403e-4 -1 -1.84978e-6 3.35405e-4 -1 -1.86793e-6 0 -1 -5.0882e-5 0 -1 -4.47067e-5 0 -1 1.54767e-5 -3.35569e-4 -1 0 -3.35569e-4 -1 0 -3.35569e-4 -1 0 0 -1 -7.01695e-6 0 -1 -1.09803e-5 0 -1 1.46955e-5 0 -1 1.2821e-5 0 -1 -1.00798e-5 0 -1 1.04141e-5 0 -1 1.24874e-5 0 -1 -7.06894e-6 0 -1 -4.94306e-6 0 -1 6.98832e-6 0 -1 -1.39729e-5 0 -1 6.17223e-6 0 -1 -3.48694e-6 0 -1 -1.39489e-5 0 -1 -5.24252e-6 0 -1 9.8147e-6 0 -1 -3.95294e-6 0 -1 5.8647e-5 0 -1 1.25e-5 0 -1 1.62006e-5 0 -1 -1.35855e-5 0 -1 1.81868e-4 0 -1 -1.1914e-4 0 -1 1.56016e-5 0 -1 8.37007e-5 0 -1 4.85602e-5 0 -1 -1.72444e-4 0 -1 1.99035e-4 0 -1 -3.04599e-4 0.264405 0.3612565 -0.8941944 -0.2380574 -0.3312354 0.9130235 0.08927083 0.1320999 -0.9872084 0.08598035 0.1510552 -0.9847791 -0.2349412 -0.3183195 0.9184091 -0.2321137 -0.325369 0.916656 -0.06460368 -0.1430051 0.9876112 -0.05970197 -0.1407515 0.9882433 -0.05359476 -0.1301117 0.9900498 -0.04723399 -0.1261833 0.9908818 -0.03956741 -0.1149621 0.9925816 -0.03425562 -0.1112796 0.9931986 -0.026717 -0.1012872 0.9944984 -0.02079272 -0.09615337 0.9951493 -0.01584899 -0.08925688 0.9958826 -0.007373154 -0.08074814 0.9967073 -0.004080235 -0.07598286 0.9971008 0.005930542 -0.06566584 0.9978241 0.009462416 -0.06066817 0.9981132 0.01958191 -0.05022597 0.998546 0.02406674 -0.0440852 0.9987379 0.07876718 0.01711368 0.9967461 0.08325922 0.02299553 0.9962626 0.2036623 0.1606084 0.9657778 0.2075097 0.1647314 0.9642631 0.2215353 0.1809603 0.9582148 0.2256391 0.1854636 0.9563944 0.2377932 0.1997211 0.9505609 0.3763929 0.3598148 0.853734 0.3852279 0.3698003 0.8454864 0.411846 0.4011609 0.818201 0.4192256 0.4095225 0.8102724 0.4782855 0.4789034 0.736135 0.5550093 0.571189 0.6047378 0.5550094 0.5711891 0.6047377 0.5550094 0.571189 0.6047378 0.5697512 0.5889503 0.5731678 0.5915035 0.6163361 0.5198591 0.6092836 0.6382789 0.4705035 0.6243692 0.658187 0.4206578 0.6243489 0.6580204 0.4209485 0.6372956 0.6746871 0.3723595 0.6372957 0.6746872 0.3723595 0.6372957 0.6746872 0.3723595 0.6461908 0.6869943 0.3323799 0.6461921 0.6870558 0.3322499 0.6461874 0.6868507 0.3326832 0.6447568 0.7190887 -0.2592297 0.6447313 0.7190616 -0.2593685 0.6447568 0.7190887 -0.2592297 0.3998839 0.4794219 -0.7811834 0.4104396 0.4901502 -0.7689553 0.4103679 0.490066 -0.7690473 0.4103679 0.4900659 -0.7690472 0.2337685 0.303739 -0.9236314 0.1970354 0.2640793 -0.9441606 0.1778393 0.2431235 -0.9535534 0.1798257 0.2451732 -0.9526557 0.1589277 0.2223345 -0.96193 0.1596684 0.2230921 -0.961632 0.1054352 0.1622336 -0.9811034 0.09682363 0.1520431 -0.98362 0.09444206 0.1496018 -0.9842256 0.08833312 0.1419091 -0.9859306 0.05391764 0.1023604 -0.9932852 0.04787719 0.09516674 -0.9943094 -0.05402702 -0.1326062 0.9896953 0.002287447 -0.06906902 0.9976093 0.006262838 -0.06488656 0.997873 0.01489865 -0.05482614 0.9983848 0.01819562 -0.05133497 0.9985158 0.02750819 -0.04052472 0.9987998 0.03033429 -0.03755795 0.998834 0.04056596 -0.02569174 0.9988466 0.0426262 -0.02354174 0.9988137 0.05472463 -0.009621143 0.9984552 0.05530124 -0.009027779 0.998429 0.1909504 0.1462188 0.9706482 0.276977 0.2453408 0.9290273 0.2811859 0.250096 0.9264915 0.470911 0.4706876 0.7461208 0.4792765 0.4803594 0.7345399 0.5950998 0.6206818 0.5105002 0.6285278 0.6633999 0.4060215 0.6338683 0.6705307 0.3854861 0.6535174 0.6971119 0.2948732 0.6589885 0.7052329 0.2614974 0.6589926 0.7051127 0.2618107 0.6696096 0.7216289 0.1757124 0.6696097 0.7216288 0.1757124 0.6696086 0.721607 0.1758058 0.6724059 0.7270119 0.1390115 0.6724228 0.7269067 0.1394789 0.6755816 0.7348201 0.06023943 0.6755816 0.7348202 0.06023949 0.6755816 0.7348201 0.06023943 0.23218 0.3029969 -0.9242755 0.176824 0.2436661 -0.9536038 0.187816 0.2551269 -0.9484912 0.152252 0.2167288 -0.9642863 0.1627462 0.2276334 -0.9600504 0.09250599 0.148349 -0.9845991 0.06269752 0.1132277 -0.9915889 0.06388497 0.1143604 -0.9913831 0.05706149 0.1063264 -0.9926927 0.05682349 0.1060822 -0.9927324 0.05264657 0.1009449 -0.9934982 0.03461551 0.0805127 -0.9961524 0.03161418 0.07682144 -0.9965437 0.02662587 0.07152855 -0.9970832 0.02485823 0.06924617 -0.9972899 0.01956528 0.0637806 -0.9977722 0.0180943 0.06192314 -0.9979169 0.01419514 0.05811566 -0.998209 0.01436704 0.06183892 -0.9979828 0.02071923 0.07013815 -0.9973222 0.02007037 0.06942075 -0.9973856 0.02726507 0.07843613 -0.9965463 0.03865307 0.09280318 -0.9949339 0.03952836 0.09378176 -0.9948078 0.0460872 0.1021617 -0.9936997 0.04907816 0.1055449 -0.9932028 0.05669397 0.1152042 -0.9917227 0.1550796 0.2327603 -0.9600901 0.1741312 0.2555691 -0.95098 0.181186 0.2636178 -0.9474583 0.1954779 0.2808609 -0.9396306 0.2158151 0.304788 -0.9276465 0.2373186 0.3299106 -0.9136952 0.2129076 0.3013041 -0.9294548 -0.2435827 -0.3378432 0.9091367 -0.2423693 -0.3361109 0.9101026 -0.2296676 -0.3221614 0.9184034 0.4784496 0.47917 0.7358547 0.5163137 0.5245949 0.6769198 0.5186014 0.527213 0.6731264 0.1297851 0.2029363 -0.9705529 0.1513565 0.2286803 -0.9616634 0.1527038 0.2301442 -0.9611011 0.2129352 0.3014149 -0.9294126 0.2537283 0.3490775 -0.9020903 -0.2282975 -0.3223856 0.9186663 -0.206476 -0.2980926 0.9319381 -0.2024514 -0.2947287 0.9338889 -0.1836299 -0.2745966 0.9438627 -0.1816368 -0.2719382 0.9450173 -0.1763714 -0.2669563 0.9474321 0.3999308 0.4794435 -0.7811462 0.3506494 0.4282445 -0.8328577 0.3487907 0.4262141 -0.8346776 0.01677876 0.06032502 -0.9980378 0.006528973 0.05337065 -0.9985535 0.007329523 0.05404126 -0.9985119 0.0119965 0.06038981 -0.9981028 0.04127007 0.09711384 -0.9944173 0.07888114 0.140838 -0.9868852 0.2667034 0.3640611 -0.8923727 0.253682 0.3491626 -0.9020704 0.2586565 0.3547502 -0.8984705 0.259276 0.3554584 -0.8980119 -0.2417761 -0.3349975 0.9106706 -0.2382841 -0.3314102 0.912901 -0.2382441 -0.3313812 0.9129219 -0.2358952 -0.3289951 0.9143937 -0.2339972 -0.3267973 0.9156686 -0.2315518 -0.3243235 0.9171685 -0.2296563 -0.3221284 0.9184178 -0.2268674 -0.3193017 0.9200965 -0.2255772 -0.3178169 0.9209274 -0.2225637 -0.3147686 0.9227059 -0.2217659 -0.3138614 0.9232069 -0.2186074 -0.3106608 0.9250409 -0.2179966 -0.309985 0.9254117 -0.2147184 -0.3066811 0.9272772 -0.2138829 -0.3057247 0.9277858 -0.2104685 -0.3022939 0.9296889 -0.2093634 -0.3010342 0.930347 -0.2058776 -0.2975435 0.9322459 -0.2044396 -0.2959018 0.9330844 -0.2009367 -0.2923964 0.9349486 -0.199099 -0.2903092 0.9359916 -0.1955774 -0.2867757 0.9378215 -0.1933028 -0.2842023 0.9390758 -0.189791 -0.2806968 0.9408448 -0.187109 -0.2776532 0.9422839 -0.1836254 -0.2741836 0.9439836 -0.1804644 -0.2705811 0.9456313 -0.1770448 -0.2671976 0.9472385 -0.1732506 -0.2628991 0.9491409 -0.1699663 -0.2596255 0.9506346 -0.166141 -0.2553126 0.9524772 -0.1629847 -0.2521108 0.9538743 -0.1593447 -0.2479932 0.9555673 -0.1562602 -0.2448707 0.9568809 -0.1523158 -0.2404074 0.9586471 -0.1493362 -0.2374162 0.9598606 -0.1448587 -0.2323582 0.9617826 -0.1421026 -0.229567 0.9628634 -0.1371504 -0.2239982 0.9648911 -0.1345351 -0.2213554 0.9658686 -0.1290688 -0.2152121 0.9680006 -0.1266261 -0.2127398 0.9688693 -0.120498 -0.2058514 0.9711363 -0.1182859 -0.2036228 0.9718777 -0.1114833 -0.1959857 0.974249 -0.1095164 -0.1939966 0.97487 -0.1020109 -0.1855714 0.9773214 -0.1002239 -0.1837816 0.9778443 -0.09202951 -0.1745823 0.9803324 -0.09052354 -0.1730837 0.9807382 -0.08151799 -0.1629722 0.9832573 -0.08032345 -0.1617717 0.9835538 -0.07031798 -0.1505535 0.9860979 -0.06946575 -0.1497121 0.9862865 -0.05872517 -0.1376687 0.988736 -0.05814796 -0.1370863 0.988851 -0.04690045 -0.1244984 0.9911108 -0.04671865 -0.1243258 0.9911411 -0.0345664 -0.1107178 0.9932507 -0.03477305 -0.1109157 0.9932214 -0.02184557 -0.09646254 0.9950969 -0.02236068 -0.09698545 0.9950346 -0.00905627 -0.08210313 0.9965828 -0.009970068 -0.08301961 0.9964981 0.003532707 -0.06790047 0.9976859 0.002303838 -0.06915658 0.9976032 0.01654118 -0.05321198 0.9984462 0.01489949 -0.05487906 0.9983819 0.02943599 -0.03860443 0.998821 0.02751749 -0.04055231 0.9987985 0.0429477 -0.02330034 0.9988056 0.04056495 -0.02568054 0.9988468 0.05741912 -0.006847918 0.9983267 0.05472826 -0.009556055 0.9984557 0.07283532 0.01070702 0.9972865 0.06972795 0.007565379 0.9975374 0.08931368 0.0294668 0.9955676 0.08574086 0.02589362 0.995981 0.102443 0.04458254 0.9937393 0.1030399 0.04520457 0.9936496 0.1116253 0.05530399 0.9922103 0.02127003 0.06621009 -0.997579 0.02208638 0.07032549 -0.9972796 0.01554137 0.05525577 -0.9983513 0.01495581 0.05868744 -0.9981644 0.008071303 0.05064499 -0.9986842 0.01016098 0.05361378 -0.9985101 0.00307691 0.04545289 -0.9989618 0.005465388 0.04909539 -0.9987792 5.88953e-4 0.04313224 -0.9990692 0.002695441 0.04610192 -0.9989332 -2.71327e-4 0.04284608 -0.9990817 0.001630902 0.04595178 -0.9989423 4.9422e-4 0.04454046 -0.9990075 0.0024181 0.04755371 -0.9988659 0.002670645 0.04782557 -0.9988522 -0.07199567 -0.1546318 0.9853455 -0.07293349 -0.1542286 0.9853397 -0.08142328 -0.1626016 0.9833265 0.03721755 -0.03069072 0.9988358 0.03315907 -0.03404849 0.99887 0.04873889 -0.01698762 0.9986672 0.04735326 -0.01818901 0.9987126 0.0583586 -0.005793094 0.9982789 0.06253206 -0.00146228 0.9980419 0.06814277 0.005657374 0.9976596 0.09826809 0.03921991 0.9943869 0.09604531 0.0370984 0.9946854 0.1130142 0.05664873 0.9919773 0.1096666 0.05336928 0.9925346 0.1194937 0.06388139 0.9907777 0.1305555 0.07678943 0.9884628 0.1295714 0.07576572 0.9886713 0.1476153 0.09576255 0.984398 0.1400961 0.08843576 0.9861807 0.1511008 0.1001093 0.9834362 0.1654825 0.1167126 0.9792823 0.1636672 0.1147854 0.979815 0.1847366 0.1383402 0.9730029 0.1774289 0.1309273 0.9753856 0.1915195 0.1463181 0.9705212 0.2542896 0.2180138 0.9422351 0.2468396 0.2101112 0.946004 0.2754402 0.2426865 0.9301806 0.2713628 0.2383801 0.9324899 0.3016202 0.2728504 0.9135525 0.2916499 0.2620728 0.919923 0.3066093 0.2787972 0.9100896 0.3257709 0.300987 0.896259 0.322647 0.2975037 0.8985491 0.3507691 0.3296639 0.8765174 0.3407602 0.3187118 0.8844803 0.3611083 0.3417905 0.867629 0.4424158 0.4368495 0.7832184 0.4453807 0.4403839 0.77955 0.4453808 0.4403839 0.77955 0.4453807 0.4403838 0.77955 0.4666491 0.4652909 0.752159 0.4666491 0.4652909 0.7521591 0.466649 0.4652909 0.7521589 0.5223197 0.5314833 0.6668641 0.5309312 0.5413766 0.6519382 0.4983553 0.5031291 0.7060475 0.6607422 0.7076362 0.2503411 0.6582902 0.7041945 0.2660154 0.6715875 0.7250723 0.1524482 0.6715875 0.7250723 0.1524483 0.6715875 0.7250722 0.1524485 0.6707828 0.7237629 0.1619189 0.6707825 0.7237842 0.1618252 0.6707829 0.7237629 0.1619189 0.6756691 0.7364258 0.03388601 0.6756692 0.7364258 0.03388613 0.6756692 0.7364258 0.03388613 0.6757203 0.7363588 0.03432106 0.6712601 0.7377926 -0.07121789 0.6672963 0.73565 -0.1163393 0.6672962 0.73565 -0.1163395 0.6672963 0.73565 -0.1163392 0.6590391 0.730433 -0.1792626 0.6333315 0.7095829 -0.3088421 0.6333408 0.7095945 -0.3087961 0.6333315 0.7095831 -0.3088415 0.6167474 0.6946458 -0.3702565 0.6167476 0.6946457 -0.3702564 0.616746 0.6948722 -0.3698339 0.6001082 0.6794723 -0.422123 0.6001559 0.6795108 -0.4219928 0.6001082 0.6794723 -0.4221228 0.5896466 0.6694152 -0.4518854 0.564709 0.6456665 -0.5140218 0.5491858 0.6303824 -0.5486465 0.52006 0.6018129 -0.6061013 0.5119434 0.5935183 -0.6210073 0.5119434 0.5935183 -0.6210074 0.4777651 0.5591597 -0.6775552 0.4678353 0.5489633 -0.692654 0.4425618 0.5236762 -0.727944 0.4430679 0.5232588 -0.7279363 0.4041984 0.4842751 -0.7759519 0.3605277 0.438364 -0.8233205 0.3487818 0.4259765 -0.8348026 0.3308364 0.4070811 -0.8513709 0.3207163 0.396422 -0.8602271 0.2985818 0.3729451 -0.8784992 0.2768136 0.3496669 -0.895046 0.2629764 0.3352904 -0.9046679 0.2037106 0.2711513 -0.9407333 0.2113322 0.2794888 -0.9366028 0.2304799 0.3003134 -0.925576 0.1220781 0.1809672 -0.9758832 0.1304631 0.1906884 -0.9729427 0.1318802 0.1921405 -0.9724658 0.1442777 0.2058779 -0.9678834 0.1441338 0.2057297 -0.9679363 0.1172606 0.1757606 -0.9774243 0.1145839 0.1725211 -0.9783185 0.1061775 0.1629571 -0.9809033 0.08503979 0.1386372 -0.9866853 0.08102691 0.1335126 -0.9877293 0.07631111 0.128451 -0.9887756 0.075549 0.1273663 -0.9889743 0.07046353 0.1212708 -0.9901154 0.06803995 0.1189072 -0.9905714 0.0657019 0.1156997 -0.991109 0.06120425 0.1107207 -0.9919652 0.06127899 0.1108236 -0.9919492 0.05483943 0.1029539 -0.9931734 0.04467546 0.09251576 -0.9947085 0.04279297 0.08947694 -0.9950692 0.03755068 0.08361101 -0.9957908 0.03740179 0.0833376 -0.9958193 0.0301364 0.07536387 -0.9967006 0.03203237 0.08085596 -0.996211 0.02702754 0.07136404 -0.9970841 -0.2359165 -0.3286971 0.9144953 -0.2342424 -0.3269294 0.9155587 -0.2315782 -0.3240466 0.9172598 -0.2301427 -0.3226925 0.918098 -0.2268985 -0.318936 0.9202157 -0.2229316 -0.314927 0.922563 -0.2225849 -0.3144964 0.9227937 -0.2180532 -0.3096131 0.9255229 -0.2186232 -0.3102831 0.925164 -0.2147413 -0.3062444 0.9274161 -0.2130463 -0.3047321 0.9283047 -0.2104922 -0.301824 0.9298362 -0.2055609 -0.2969022 0.9325201 -0.2058852 -0.297304 0.9323206 -0.2009538 -0.2919009 0.9350997 -0.1975835 -0.2886717 0.9368188 -0.1955959 -0.2863467 0.9379488 -0.1910226 -0.2816415 0.9403129 -0.1898089 -0.2802282 0.9409807 -0.1858561 -0.2762475 0.9429448 -0.1836736 -0.2737243 0.9441076 -0.1803437 -0.2704191 0.9457007 -0.1770802 -0.2667495 0.9473581 -0.1744963 -0.2641952 0.9485526 -0.1699851 -0.2592136 0.9507436 -0.1683095 -0.2575907 0.9514825 -0.1630054 -0.2517843 0.953957 -0.1609904 -0.2498359 0.954811 -0.1562891 -0.2445387 0.9569612 -0.1533336 -0.2415665 0.9581934 -0.1493611 -0.2370914 0.959937 -0.1462825 -0.2339702 0.961176 -0.1421081 -0.2292387 0.9629408 -0.1389377 -0.2260373 0.9641596 -0.1345456 -0.2210559 0.9659357 -0.1312316 -0.2176646 0.9671611 -0.1266214 -0.2124421 0.9689352 -0.1231648 -0.2089052 0.970149 -0.1183015 -0.2033591 0.971931 -0.1146928 -0.199666 0.9731286 -0.1095177 -0.1937335 0.9749222 -0.1057095 -0.1898217 0.9761114 -0.1002389 -0.1835483 0.9778867 -0.0963298 -0.1795091 0.9790287 -0.09052664 -0.1728366 0.9807816 -0.08645761 -0.1686061 0.9818845 -0.08032935 -0.1615785 0.9835851 -0.07609713 -0.1571618 0.9846367 -0.06947714 -0.1495186 0.986315 -0.06529295 -0.1451745 0.9872493 -0.05814027 -0.1369108 0.9888757 -0.04672962 -0.1241732 0.9911597 -0.0443896 -0.1217404 0.9915689 -0.03476595 -0.1109297 0.99322 -0.0364598 -0.1126525 0.9929654 -0.02844315 -0.103917 0.9941792 -0.02237057 -0.09688723 0.995044 -0.02037495 -0.0947954 0.9952883 -0.009978055 -0.08307534 0.9964934 -0.01214647 -0.08529269 0.9962819 -0.003952145 -0.07634878 0.9970734 0.06972801 0.007410764 0.9975385 0.06850969 0.006162524 0.9976315 0.08573406 0.02557712 0.9959897 0.08013486 0.01987648 0.9965859 0.09015494 0.03073716 0.9954533 0.1030432 0.04558247 0.9936319 0.1007028 0.04315984 0.9939799 0.1170537 0.06125229 0.9912349 0.1118267 0.05576741 0.9921618 0.1268817 0.07266366 0.9892528 0.1247416 0.07038372 0.9896897 0.1370477 0.08449578 0.9869541 0.1487852 0.09736222 0.9840648 0.1399043 0.08814203 0.9862341 0.1618541 0.1125963 0.98037 0.1565768 0.1070134 0.9818513 0.1749463 0.127839 0.9762434 0.1733375 0.1261044 0.9767557 0.1899008 0.1451311 0.9710174 0.2070146 0.1648209 0.9643542 0.2080118 0.1658971 0.9639551 0.2271008 0.1877609 0.9555999 0.2245712 0.1850433 0.9567271 0.2504341 0.2144108 0.9440926 0.2432309 0.2066372 0.9477024 0.263904 0.2299407 0.9367402 0.299783 0.2712644 0.9146288 0.298515 0.26991 0.9154438 0.3176443 0.2920187 0.9021237 0.337273 0.3141468 0.8874451 0.3237108 0.2993456 0.8975543 0.3614009 0.3423475 0.8672876 0.3508394 0.3306841 0.8761049 0.3950692 0.3814043 0.8357339 0.3820788 0.3669846 0.8481381 0.429172 0.4214581 0.7988646 0.429172 0.4214581 0.7988645 0.429172 0.4214581 0.7988646 0.4115937 0.4014438 0.8181893 0.4111916 0.4013553 0.8184348 0.4468294 0.4420226 0.7777916 0.5119984 0.5193933 0.6841698 0.5065347 0.5128399 0.6931219 0.5504551 0.5655217 0.6141534 0.5504552 0.5655217 0.6141535 0.5425597 0.5561074 0.629582 0.59046 0.614732 0.5229356 0.6745159 0.7381249 -0.01414406 0.6745157 0.738125 -0.01414388 0.6745185 0.7381225 -0.01414376 0.6728705 0.7382059 -0.04793208 0.6728879 0.7381992 -0.04778975 0.6728879 0.7381992 -0.04778951 0.660657 0.7316356 -0.1680528 0.6606569 0.7316356 -0.168053 0.6606571 0.7316356 -0.1680527 0.6555501 0.7279947 -0.2006935 0.6379095 0.7136014 -0.2895593 0.6379095 0.7136014 -0.2895594 0.6379095 0.7136015 -0.2895593 0.6145088 0.6930192 -0.3769659 0.5975258 0.6774821 -0.4289301 0.5667676 0.6482552 -0.508468 0.5667676 0.6482552 -0.508468 0.56672 0.6481998 -0.5085918 0.5402662 0.6222318 -0.5665158 0.5249266 0.6073353 -0.5963189 0.476352 0.5585467 -0.679054 0.4699983 0.5524166 -0.6884313 0.4245769 0.5058653 -0.7508893 0.4121956 0.4929699 -0.7662085 0.3892752 0.4692413 -0.7926396 0.3892752 0.4692413 -0.7926396 0.351497 0.4298214 -0.8316872 0.3482777 0.426476 -0.8347581 0.2997988 0.3752093 -0.8771195 0.2895287 0.3645581 -0.8850257 0.2464445 0.3185653 -0.9153039 0.2105603 0.2807548 -0.9363979 0.1436927 0.2070105 -0.9677289 0.1340645 0.196 -0.9713963 0.1290181 0.1905176 -0.9731688 0.1216213 0.1820899 -0.9757314 0.1172559 0.1772602 -0.977154 0.1088162 0.1674574 -0.9798557 0.1038854 0.1621825 -0.9812772 0.09671616 0.1537061 -0.983372 0.08750301 0.1433841 -0.9857912 0.08308291 0.1379327 -0.9869508 0.07726335 0.1304934 -0.9884341 0.07522362 0.1283255 -0.9888752 0.06920677 0.120868 -0.9902532 0.06989324 0.121603 -0.9901151 0.05038309 0.09853374 -0.9938575 0.04814118 0.09563481 -0.9942517 0.04297769 0.0898624 -0.9950265 0.04306423 0.0899713 -0.9950129 0.03743004 0.08335506 -0.9958168 0.01052182 0.05371701 -0.9985008 0.0138632 0.058465 -0.9981932 0.008461654 0.05199676 -0.9986115 0.01192283 0.05768531 -0.9982636 0.01189374 0.05764412 -0.9982664 0.009761214 0.05527824 -0.9984233 0.01336538 0.06025791 -0.9980934 0.01601797 0.06355136 -0.9978501 0.03360903 0.08653324 -0.995682 0.03176361 0.08408492 -0.9959522 0.02533084 0.07638472 -0.9967567 0.06037533 0.1193433 -0.9910157 0.06659024 0.1271698 -0.9896432 0.07019621 0.1313908 -0.9888423 0.07500696 0.1373638 -0.9876767 0.07746779 0.1402552 -0.9870802 0.08422887 0.1485127 -0.9853169 0.08556932 0.1500162 -0.9849737 0.09428989 0.1605684 -0.9825107 0.09618675 0.1629936 -0.9819273 0.1039203 0.1720449 -0.9795923 0.1078875 0.1769427 -0.9782902 0.1145244 0.184724 -0.976095 0.1181164 0.189162 -0.974816 0.1304762 0.2036982 -0.9703004 0.1317483 0.2052558 -0.9698002 0.1520061 0.2293145 -0.9614099 0.1213946 0.06624019 0.9903917 0.1170397 0.06160151 0.991215 0.1314486 0.07778263 0.9882668 0.1269108 0.07290571 0.9892312 0.1419259 0.08977282 0.9857982 0.1370326 0.08453786 0.9869526 0.1539709 0.1035507 0.9826344 0.1487886 0.09804373 0.9839966 0.1672696 0.1187884 0.9787289 0.1618794 0.1130215 0.9803169 0.180717 0.1341996 0.9743366 0.1749632 0.1280833 0.9762083 0.1959975 0.1517142 0.9687971 0.1899315 0.1452523 0.9709933 0.2135733 0.1718482 0.9616937 0.2070335 0.1649 0.9643367 0.2339692 0.1952427 0.9524383 0.227065 0.1878926 0.9555824 0.2577418 0.2225389 0.9402371 0.2504031 0.2147285 0.9440286 0.2847894 0.2536474 0.9244231 0.2769528 0.2452814 0.9290502 0.3078292 0.2803644 0.9091959 0.2997278 0.2714059 0.914605 0.3258274 0.3010932 0.8962028 0.3175173 0.2919296 0.9021973 0.3456388 0.3240996 0.880621 0.3372311 0.3147343 0.8872529 0.3698549 0.3520866 0.8597922 0.3613098 0.3426043 0.867224 0.4036895 0.3914319 0.8269317 0.395042 0.3817851 0.8355729 0.43737 0.4309014 0.7893235 0.4293429 0.4216999 0.798645 0.4783846 0.4792093 0.7358714 0.4708815 0.4705269 0.7462406 0.5185801 0.5271029 0.6732289 0.5120086 0.5194134 0.6841468 0.5550064 0.5710537 0.6048683 0.5504626 0.5657399 0.6139457 0.5981893 0.624498 0.5021672 0.5981894 0.624498 0.5021672 0.5949935 0.6206629 0.5106471 0.6350169 0.6718629 0.3812533 0.6338393 0.6703327 0.3858781 0.6587339 0.7046451 0.263714 0.6589716 0.7051094 0.2618726 0.6719114 0.7258999 0.1469849 0.6719112 0.7258999 0.1469852 0.6719112 0.7258999 0.1469853 0.6724236 0.7268944 0.1395395 0.6724235 0.7268944 0.1395395 0.6724236 0.7268944 0.1395396 0.6750702 0.7377495 0.002448618 0.6750703 0.7377493 0.002448558 0.6750703 0.7377494 0.002448558 0.6746059 0.7380462 -0.01396185 0.6601693 0.7313512 -0.1711783 0.6556207 0.7279202 -0.2007331 0.6261558 0.7034288 -0.3363286 0.6145921 0.6928951 -0.3770584 0.5857811 0.6662642 -0.4614679 0.5667261 0.6479409 -0.5089148 0.566726 0.647941 -0.5089148 0.549642 0.6315383 -0.5468575 0.524809 0.6069445 -0.59682 0.4998863 0.5822362 -0.6411823 0.470022 0.5518646 -0.6888576 0.4572936 0.5387604 -0.7075449 0.4247862 0.5055419 -0.7509889 0.4247858 0.5055419 -0.7509891 0.4247862 0.5055419 -0.7509889 0.4218955 0.5028681 -0.7544058 0.4218305 0.5027811 -0.7545001 0.4218955 0.5028682 -0.7544057 0.3893254 0.4690746 -0.7927135 0.3893255 0.4690747 -0.7927135 0.3893254 0.4690747 -0.7927135 0.3775948 0.4569307 -0.8053797 0.3484902 0.4261633 -0.8348291 0.3261188 0.4029952 -0.8551266 0.289631 0.3641549 -0.8851582 0.2812605 0.3554273 -0.8913833 0.2424994 0.3139766 -0.9179394 0.2322338 0.3026854 -0.9243641 0.2057554 0.2746111 -0.9392835 0.187792 0.2548039 -0.9485827 0.1770678 0.2433504 -0.9536391 0.1627199 0.2273874 -0.9601131 0.1556831 0.2198258 -0.9630366 0.1437212 0.2063156 -0.967873 0.1394923 0.2017399 -0.969455 0.1290104 0.1898978 -0.9732909 0.1265662 0.1872228 -0.9741297 0.1172927 0.1766913 -0.9772526 0.1161018 0.1754469 -0.977619 0.1038953 0.1615109 -0.9813868 0.1077479 0.1654752 -0.9803103 0.09914863 0.1561365 -0.9827467 0.09250569 0.148176 -0.9846252 0.08865243 0.1439842 -0.985601 0.08309143 0.136967 -0.9870846 0.07977646 0.1333383 -0.9878545 0.07523488 0.1276012 -0.988968 0.07144105 0.1234433 -0.9897768 0.0698933 0.1213983 -0.9901401 0.06497704 0.1154024 -0.9911913 0.06388938 0.113978 -0.9914269 0.05914831 0.1087372 -0.9923093 0.05682075 0.1056324 -0.9927806 0.0519272 0.1002005 -0.9936114 0.05038589 0.09814065 -0.9938963 0.0438013 0.09078377 -0.994907 0.04297834 0.08969181 -0.9950419 0.03464651 0.0803551 -0.996164 0.03461527 0.08029943 -0.9961696 0.02591717 0.07050615 -0.9971747 0.02663487 0.07147687 -0.9970866 0.01813465 0.06186467 -0.9979198 0.01956552 0.06381249 -0.9977701 0.01214408 0.05536484 -0.9983924 0.01419138 0.05816626 -0.998206 0.007932722 0.05102002 -0.9986662 0.01052123 0.05456519 -0.9984549 0.005604028 0.04892569 -0.9987868 0.00845915 0.0528478 -0.9985669 0.004901528 0.04954469 -0.9987599 0.006009161 0.05082708 -0.9986894 0.009760618 0.05619549 -0.9983721 0.01036566 0.05689167 -0.9983265 0.01435911 0.06264495 -0.9979326 0.01597952 0.06452655 -0.9977881 0.02007591 0.06986427 -0.9973545 0.02119988 0.07117879 -0.9972383 0.02532941 0.07656919 -0.9967426 0.02762335 0.0792616 -0.9964711 0.03175663 0.08466196 -0.9959036 0.03544104 0.08896791 -0.9954038 0.03952687 0.09431666 -0.9947573 0.045111 0.1008719 -0.9938763 0.04907512 0.1060631 -0.9931477 0.05657595 0.1148802 -0.9917671 0.0603758 0.1198556 -0.9909539 0.06649518 0.1270383 -0.9896665 0.07018047 0.1316511 -0.9888088 0.07396382 0.1360958 -0.9879309 0.07748717 0.1404739 -0.9870475 0.08211314 0.1459339 -0.9858807 0.08557462 0.1502214 -0.9849419 0.09105253 0.1566658 -0.9834456 0.09424608 0.1606742 -0.9824976 0.100911 0.1684933 -0.9805238 0.1039254 0.1722506 -0.9795557 0.111718 0.1814394 -0.9770357 0.1145263 0.1849177 -0.9760581 0.1275503 0.2002701 -0.9714025 0.1304886 0.2039066 -0.9702551 0.1513807 0.2284575 -0.9617126 0.155077 0.2330704 -0.9600154 0.1702421 0.250898 -0.952926 0.1811907 0.2640983 -0.9473237 0.1840484 0.2673299 -0.9458652 0.2008845 0.2869672 -0.9366405 0.1986548 0.2845352 -0.9378571 0.1986812 0.2851861 -0.9376538 0.2082204 0.2956487 -0.9323285 0.208248 0.2955625 -0.9323495 0.2228786 0.3130054 -0.9232296 0.2267911 0.3172785 -0.920815 0.2267091 0.3180494 -0.9205691 0.2344483 0.3264665 -0.9156712 0.2344546 0.3263925 -0.9156959 -0.2339655 -0.327115 0.9155632 -0.2376258 -0.330783 0.9132999 -0.2382219 -0.3315538 0.9128651 -0.2284219 -0.3210965 0.9190868 -0.2255527 -0.3182194 0.9207946 -0.2248209 -0.3173678 0.9212673 -0.221742 -0.3142864 0.9230681 -0.2211737 -0.3136141 0.923433 -0.2179778 -0.3104346 0.9252654 -0.2171218 -0.3094397 0.9257999 -0.2138556 -0.3061818 0.9276413 -0.2126702 -0.3048126 0.9283646 -0.209342 -0.3015036 0.9301998 -0.2077789 -0.2997252 0.9311245 -0.2044256 -0.2963635 0.932941 -0.2024903 -0.2941706 0.9340565 -0.1990758 -0.2907807 0.9358501 -0.1966299 -0.2879849 0.9372307 -0.1932751 -0.2846644 0.9389414 -0.1904065 -0.2814002 0.9405102 -0.1870849 -0.2781034 0.9421559 -0.1836536 -0.2742164 0.9439687 -0.180429 -0.2710165 0.9455134 -0.1763866 -0.2664495 0.9475719 -0.1732318 -0.263331 0.9490245 -0.1692184 -0.2587785 0.9509989 -0.16614 -0.2556691 0.9523817 -0.1622461 -0.2512877 0.9542174 -0.1593337 -0.248346 0.9554774 -0.1550192 -0.2434626 0.957442 -0.1522681 -0.240722 0.9585757 -0.1475478 -0.2353715 0.9606404 -0.1448425 -0.2326613 0.9617118 -0.1396551 -0.2268122 0.9638738 -0.1371358 -0.2242805 0.9648275 -0.1313878 -0.217814 0.9671062 -0.1290706 -0.2154862 0.9679393 -0.1226209 -0.2082386 0.9703612 -0.1204879 -0.2060903 0.9710868 -0.113393 -0.1981211 0.9735965 -0.1114818 -0.1962124 0.9742036 -0.1036609 -0.1874274 0.9767935 -0.1019875 -0.1857519 0.9772895 -0.09345084 -0.1761832 0.9799115 -0.09202182 -0.1747348 0.980306 -0.08264511 -0.1642385 0.9829525 -0.08150905 -0.1630954 0.9832377 -0.07120048 -0.1515332 0.9858846 -0.07030767 -0.1506631 0.9860819 -0.05921828 -0.1382126 0.9886307 -0.05870962 -0.1377326 0.9887279 -0.04709362 -0.124714 0.9910745 -0.04690074 -0.1245135 0.9911089 -0.03441381 -0.1105568 0.9932739 -0.03456509 -0.1106936 0.9932534 -0.02130466 -0.09586721 0.9951662 -0.02185493 -0.09641212 0.9951016 -0.008208632 -0.08114248 0.9966688 -0.009056091 -0.08199781 0.9965914 0.004777193 -0.06651717 0.9977739 0.003548741 -0.06776213 0.9976953 0.01809066 -0.05148118 0.9985101 0.01655775 -0.05303657 0.9984553 0.03130888 -0.03652566 0.9988422 0.02945429 -0.03839665 0.9988285 0.04520803 -0.02075731 0.998762 0.04293394 -0.02304607 0.9988121 0.0600087 -0.003951668 0.9981901 0.05741971 -0.006552636 0.9983287 0.07588136 0.01410287 0.9970172 0.07285171 0.01105618 0.9972816 0.09272146 0.03329473 0.9951354 0.08929729 0.02987384 0.995557 0.1062006 0.04876893 0.9931481 0.1024646 0.04480147 0.9937273 0.1155505 0.05948477 0.9915189 0.1116296 0.05529409 0.9922105 0.1256371 0.07098823 0.9895332 0.1213926 0.06649321 0.990375 0.1358767 0.08275395 0.9872636 0.1315091 0.07805782 0.9882371 0.1465521 0.09497314 0.9846333 0.1419281 0.09004706 0.9857729 0.158867 0.1090299 0.9812613 0.1539772 0.1038485 0.982602 0.1725704 0.1247146 0.97707 0.1672689 0.1191045 0.9786906 0.1861791 0.1403526 0.9724395 0.1807752 0.1345506 0.9742774 0.2018713 0.1583448 0.9665272 0.195999 0.1520731 0.9687405 0.2197054 0.1787867 0.9590438 0.213544 0.1722209 0.9616335 0.240569 0.2027257 0.9492254 0.2339679 0.1956561 0.9523538 0.2647404 0.2304764 0.9363724 0.2576917 0.2229588 0.9401513 0.2847834 0.2536458 0.9244254 0.2847542 0.2536339 0.9244377 0.2994913 0.2708257 0.9148543 0.3154049 0.2889895 0.9038832 0.3077732 0.2805581 0.9091551 0.3333778 0.3097537 0.8904561 0.3257254 0.3013033 0.8961693 0.3536036 0.3331987 0.8740385 0.3456104 0.324293 0.880561 0.377806 0.361277 0.8524914 0.369749 0.3523119 0.8597453 0.4116016 0.4005903 0.8186036 0.4035216 0.3915764 0.8269453 0.4382558 0.4318968 0.7882875 0.4373309 0.4308513 0.7893725 0.4715272 0.4712842 0.7453545 0.5657503 0.5842811 0.5818439 0.5546877 0.5711441 0.6050751 0.5546878 0.5711442 0.6050751 0.5546877 0.5711441 0.6050752 0.6064459 0.6345887 0.4790831 0.5983569 0.6247321 0.5016763 0.6361479 0.6734002 0.3766271 0.6361326 0.6733654 0.3767153 0.6361325 0.6733654 0.3767153 0.634883 0.6717332 0.3817045 0.6584953 0.7045133 0.2646601 0.6586772 0.7047224 0.2636492 0.6586772 0.7047223 0.2636491 0.6586771 0.7047223 0.2636494 0.671325 0.7248392 0.1546961 0.6713158 0.7248275 0.1547911 0.6713159 0.7248274 0.1547912 0.67199 0.7258558 0.1468431 0.6754899 0.7371176 0.0192638 0.6754899 0.7371177 0.0192638 0.6751167 0.737707 0.002428233 0.6640135 0.7339015 -0.14309 0.6640136 0.7339015 -0.1430899 0.6640136 0.7339015 -0.1430897 0.6602636 0.7312288 -0.1713373 0.6602635 0.7312288 -0.1713373 0.6603826 0.7311944 -0.1710254 0.6360517 0.7120667 -0.2973204 0.636061 0.7120776 -0.2972742 0.6360423 0.7120562 -0.2973656 0.6263146 0.703253 -0.3364002 0.6263146 0.703253 -0.3364002 0.6263146 0.7032531 -0.3364002 0.6025499 0.6817198 -0.4149599 0.5860363 0.6663082 -0.4610803 0.5707686 0.6521427 -0.4989321 0.5498383 0.6313145 -0.5469187 0.5260717 0.6081691 -0.5944569 0.5262354 0.6084035 -0.594072 0.5261863 0.6083332 -0.5941874 0.5000296 0.5818078 -0.6414593 0.5000296 0.5818078 -0.6414594 0.4867516 0.5687058 -0.6630585 0.4866527 0.5686243 -0.663201 0.4866528 0.5686244 -0.6632009 0.4570195 0.5385839 -0.7078564 0.4570193 0.5385839 -0.7078565 0.4570719 0.5386278 -0.7077891 0.4512838 0.5327697 -0.7158907 0.4220092 0.5025071 -0.7545826 0.4041482 0.4842971 -0.7759644 0.3777463 0.4565075 -0.8055487 0.3506493 0.4285132 -0.8327195 0.3263992 0.4027315 -0.8551438 0.3044261 0.3797154 -0.8735795 0.3044261 0.3797155 -0.8735795 0.2812528 0.3548954 -0.8915975 0.2577673 0.3301928 -0.9080357 0.2424796 0.3135933 -0.9180756 0.218165 0.2875791 -0.9325783 0.2057676 0.2739246 -0.9394813 0.1907203 0.2579415 -0.9471494 0.1770802 0.242732 -0.9537944 0.1670209 0.2319851 -0.9582729 0.1556987 0.219171 -0.9631834 0.1493819 0.2123872 -0.9657002 0.1394611 0.2011333 -0.9695855 0.135522 0.1968834 -0.9710153 0.126575 0.1867257 -0.9742239 0.124246 0.1842012 -0.9750041 0.1161575 0.1749976 -0.9776929 0.1150233 0.1737495 -0.9780495 0.1077539 0.1654809 -0.9803088 0.1082077 0.1659839 -0.9801737 0.09914439 0.1556022 -0.9828319 0.1005333 0.1570285 -0.9824638 0.09185123 0.1470847 -0.9848499 0.08867835 0.1430618 -0.985733 0.08412122 0.1381079 -0.9868384 0.07978868 0.1325795 -0.9879557 0.07746732 0.1300628 -0.9884749 0.07144957 0.1227415 -0.9898635 0.07240837 0.1236898 -0.9896757 0.06773227 0.1185433 -0.9906361 0.06496393 0.1151631 -0.9912201 0.06136757 0.1111886 -0.9919028 0.05915254 0.1082252 -0.9923651 0.05341863 0.1018594 -0.9933636 0.05192816 0.09985893 -0.9936457 0.04691427 0.0942685 -0.9944409 0.04380273 0.09042167 -0.9949398 0.04223299 0.08886569 -0.9951479 0.03715926 0.083162 -0.995843 0.03465372 0.08005946 -0.9961876 0.03221231 0.07759487 -0.9964645 0.02520245 0.0697081 -0.9972491 0.02591347 0.07066875 -0.9971632 0.0167827 0.06033188 -0.9980373 0.01813441 0.06218391 -0.9979 0.01016819 0.05312585 -0.9985361 0.01213198 0.05582219 -0.998367 0.005467593 0.0481981 -0.9988229 0.00792855 0.05159193 -0.9986369 0.002692759 0.04558908 -0.9989567 0.005603849 0.04959505 -0.9987538 0.001623511 0.0450133 -0.9989852 0.004901647 0.0495463 -0.9987598 0.002417743 0.04667484 -0.9989073 0.006015539 0.05184805 -0.998637 0.006523251 0.05244332 -0.9986026 0.01036149 0.05797421 -0.9982643 0.01200693 0.05989098 -0.9981328 0.01596564 0.06507992 -0.9977524 0.01720064 0.06650376 -0.9976379 0.02119225 0.07174599 -0.9971978 0.02368378 0.07463949 -0.9969294 0.02762925 0.07982486 -0.9964259 0.03149271 0.08435463 -0.995938 0.03543835 0.08952087 -0.9953544 0.04127573 0.09637147 -0.9944893 0.04510849 0.1014147 -0.993821 0.05292159 0.1105899 -0.9924562 0.05658489 0.1153968 -0.9917066 0.06299418 0.1229429 -0.9904125 0.06646811 0.1273006 -0.9896346 0.07057535 0.1320784 -0.9887236 0.07393103 0.1363243 -0.9879018 0.07887268 0.1421068 -0.9867041 0.08213734 0.1461669 -0.9858441 0.09103256 0.1566523 -0.9834496 0.09717226 0.1639075 -0.9816781 0.1008982 0.1686254 -0.9805024 0.1117703 0.1816352 -0.9769935 0.1117131 0.1815285 -0.9770199 0.1275575 0.2004303 -0.9713686 0.1840343 0.2672724 -0.9458842 0.1763414 0.2579511 -0.949929 0.1702708 0.2510263 -0.952887 0.2440214 0.3375452 -0.9091298 0.2405056 0.3336046 -0.911518 0.240513 0.3335863 -0.9115228 -0.2261801 -0.3179634 0.9207291 -0.2247532 -0.3179418 0.9210859 -0.2222279 -0.314619 0.9228378 -0.2211245 -0.3142084 0.9232427 -0.218471 -0.3107886 0.9250302 -0.2170791 -0.3100118 0.9256184 -0.2134282 -0.3053506 0.9280138 -0.2126635 -0.3049867 0.9283089 -0.2077665 -0.3000934 0.9310086 -0.1999732 -0.2915799 0.9354101 -0.1965857 -0.2885143 0.9370772 -0.1945912 -0.2859408 0.9382815 -0.1903916 -0.2818903 0.9403664 -0.1890283 -0.2801106 0.941173 -0.1717975 -0.2613917 0.9498211 -0.1691992 -0.2590585 0.9509261 -0.1636087 -0.2529218 0.9535528 -0.1622428 -0.2516186 0.9541307 -0.1576294 -0.2464171 0.9562592 -0.1550027 -0.2438192 0.9573539 -0.1512502 -0.239461 0.9590526 -0.1475381 -0.2357404 0.9605514 -0.1441758 -0.2317805 0.9620245 -0.1396324 -0.2271258 0.9638033 -0.1366016 -0.2235434 0.9650744 -0.1313635 -0.2181069 0.9670435 -0.1294656 -0.2158364 0.9678086 -0.122859 -0.2087023 0.9702314 -0.1226168 -0.2084795 0.97031 -0.1162443 -0.2013211 0.9726033 -0.1133869 -0.1984118 0.9735381 -0.1096241 -0.1940666 0.974844 -0.1036546 -0.1876593 0.9767496 -0.1025791 -0.1863676 0.9771105 -0.09540462 -0.1784352 0.9793155 -0.09345877 -0.1764225 0.9798676 -0.08827126 -0.1705098 0.9813943 -0.08264279 -0.1644516 0.982917 -0.08141624 -0.162988 0.9832631 -0.07199901 -0.1524475 0.9856855 -0.07119154 -0.1516361 0.9858693 -0.05970746 -0.1387732 0.9885227 -0.05920207 -0.1382806 0.9886221 -0.0472517 -0.124895 0.9910442 -0.04709792 -0.1247456 0.9910704 -0.03427481 -0.1103866 0.9932976 -0.03441065 -0.1105204 0.9932781 -0.02079206 -0.09529048 0.9952324 -0.02131301 -0.0958116 0.9951713 -0.007355034 -0.08019244 0.9967523 -0.00820893 -0.08105289 0.996676 0.005935907 -0.0652135 0.9978538 0.004777371 -0.06637495 0.9977834 0.01958674 -0.04981726 0.9985663 0.01808983 -0.05130523 0.9985192 0.03315317 -0.03447437 0.9988555 0.03130984 -0.03630948 0.99885 0.04735583 -0.01835221 0.9987096 0.04522228 -0.02049952 0.9987667 0.06253701 -0.001127541 0.9980421 0.06000232 -0.003654241 0.9981916 0.07876181 0.01734018 0.9967427 0.07588708 0.01445025 0.9970118 0.09603238 0.03701949 0.9946897 0.0927273 0.03369563 0.9951213 0.1096578 0.05264657 0.9925742 0.1061912 0.04899764 0.9931378 0.1195011 0.06387156 0.9907774 0.1155736 0.05972349 0.9915019 0.1295748 0.0754289 0.9886966 0.125634 0.07122868 0.9895164 0.1401109 0.08750343 0.9862617 0.1359311 0.08300608 0.987235 0.1510559 0.1000384 0.9834504 0.1465872 0.09524673 0.9846016 0.1636205 0.1143937 0.9798687 0.1588348 0.109327 0.9812335 0.1774709 0.1302183 0.9754729 0.1725472 0.1250122 0.9770361 0.1915673 0.1463615 0.9705052 0.1861832 0.1406845 0.9723908 0.2074909 0.1646537 0.9642804 0.2018722 0.1586815 0.9664719 0.2256809 0.1855287 0.956372 0.2196841 0.1791439 0.958982 0.2468357 0.2098103 0.9460718 0.2405978 0.2031301 0.9491317 0.2713509 0.2379932 0.9325921 0.2647253 0.2308993 0.9362725 0.2915444 0.2613774 0.9201542 0.2847843 0.2538298 0.9243746 0.3066017 0.2787213 0.9101154 0.2993909 0.2707349 0.9149141 0.3226554 0.2972491 0.8986304 0.3153324 0.2891718 0.9038503 0.3407752 0.3182532 0.8846396 0.3333606 0.3100411 0.8903625 0.3611086 0.3417519 0.8676441 0.3535287 0.3334294 0.8739807 0.385226 0.3698117 0.8454824 0.3778105 0.3615626 0.8523684 0.4193255 0.409542 0.8102107 0.4114651 0.400795 0.8185719 0.4455212 0.4404146 0.7794522 0.4383468 0.4321251 0.7881118 0.4784607 0.4791432 0.735865 0.4784606 0.4791432 0.7358649 0.4784607 0.4791432 0.7358649 0.4716144 0.4713925 0.7452309 0.5222139 0.531329 0.6670698 0.5160854 0.5243183 0.6773082 0.5160853 0.5243183 0.6773082 0.5697054 0.5890275 0.5731338 0.5658711 0.5845009 0.5815055 0.6090834 0.6382229 0.4708386 0.6064167 0.6349499 0.4786413 0.6063045 0.6347423 0.4790586 0.6372142 0.6748301 0.3722398 0.6372142 0.6748301 0.3722398 0.6362084 0.67344 0.3764537 0.6583937 0.70414 0.2659034 0.658654 0.704324 0.264769 0.658654 0.704324 0.2647689 0.6586541 0.7043241 0.264769 0.6707884 0.7237748 0.1618432 0.6713832 0.7247632 0.1547995 0.6713832 0.7247632 0.1547995 0.6713832 0.7247632 0.1547996 0.6755985 0.7364516 0.03472459 0.6755216 0.7370966 0.01895958 0.6672192 0.7357318 -0.1162638 0.6641275 0.7338334 -0.14291 0.6641276 0.7338333 -0.14291 0.6641461 0.7338349 -0.142816 0.6446311 0.7192519 -0.2590896 0.6446311 0.7192519 -0.2590895 0.6446312 0.7192519 -0.2590895 0.6362071 0.7119453 -0.2972787 0.6362072 0.7119452 -0.2972786 0.6362072 0.7119453 -0.2972785 0.6167366 0.6947293 -0.3701178 0.6023059 0.6816576 -0.4154161 0.5896731 0.669571 -0.4516199 0.5709859 0.6519784 -0.4988981 0.5710725 0.651737 -0.4991143 0.5711106 0.6516332 -0.4992064 0.5491942 0.6308473 -0.5481035 0.5261522 0.6079224 -0.5946381 0.5261521 0.6079223 -0.5946381 0.5261522 0.6079223 -0.594638 0.5118612 0.5936987 -0.6209027 0.5118203 0.5936554 -0.6209777 0.5118613 0.5936987 -0.6209025 0.4868283 0.5686086 -0.6630856 0.4868652 0.5686604 -0.663014 0.4867913 0.5685569 -0.6631572 0.4774501 0.5591304 -0.6778013 0.4774501 0.5591305 -0.6778013 0.4512276 0.5323185 -0.7162617 0.3207752 0.3968031 -0.8600294 0.3046125 0.379426 -0.8736402 0.2766749 0.350141 -0.8949036 0.2577279 0.3295637 -0.9082754 0.2337619 0.3041675 -0.9234921 0.218137 0.2870723 -0.932741 0.2036817 0.2717441 -0.9405685 0.1907606 0.2573222 -0.9473098 0.1778196 0.2435402 -0.9534508 0.1670109 0.2313213 -0.9584351 0.1589428 0.2226354 -0.9618579 0.1494178 0.2118333 -0.9658163 0.1441109 0.2061519 -0.9678499 0.1355291 0.1963588 -0.9711205 0.1318934 0.1924508 -0.9724026 0.1242452 0.1837504 -0.9750892 0.1220822 0.181409 -0.9758006 0.1150106 0.1733542 -0.9781212 0.1146029 0.1728624 -0.9782561 0.1082162 0.1656122 -0.9802356 0.1061642 0.1633678 -0.9808365 0.1005289 0.1565776 -0.9825363 0.09684097 0.1525461 -0.9835403 0.09186291 0.1465524 -0.9849283 0.08831024 0.1426689 -0.985823 0.08414381 0.137364 -0.9869403 0.08100873 0.1339387 -0.9876731 0.07747155 0.1296342 -0.9885309 0.07555234 0.1275245 -0.9889537 0.07241505 0.1236916 -0.9896749 0.07045984 0.1215506 -0.9900813 0.06774008 0.1182209 -0.9906741 0.06568068 0.1159569 -0.9910804 0.06137204 0.1106777 -0.9919596 0.06127965 0.1105878 -0.9919754 0.05484044 0.1034383 -0.9931229 0.053424 0.1015247 -0.9933975 0.04787391 0.09535115 -0.9942919 0.04692411 0.0941624 -0.9944504 0.04279291 0.08954107 -0.9950634 0.04223459 0.08886945 -0.9951475 0.03741103 0.08343875 -0.9958105 0.03715932 0.08313798 -0.9958451 0.03201621 0.07737767 -0.9964877 0.03221279 0.07760226 -0.9964639 0.02703589 0.07176607 -0.997055 0.02520221 0.06949716 -0.9972638 0.02209746 0.06634479 -0.997552 0.01364195 0.0620045 -0.9979827 0.01719248 0.06715989 -0.9975941 0.02060621 0.07058417 -0.9972931 0.02368563 0.07543873 -0.9968692 0.02911567 0.08105552 -0.9962843 0.03149855 0.08524882 -0.9958617 0.03983938 0.09407472 -0.9947677 0.04964232 0.1065459 -0.9930679 0.05291318 0.1128549 -0.9922016 0.05680018 0.1153213 -0.991703 0.06638652 0.1277419 -0.9895833 0.06305938 0.1122301 -0.9916794 0.07054376 0.1330386 -0.9885972 -0.6398637 -0.7672945 -0.04282307 -0.6398637 -0.7672945 -0.04282313 -0.6398637 -0.7672945 -0.04282319 -0.6398431 -0.7673393 -0.04232513 -0.6398431 -0.7673392 -0.04232543 -0.6398431 -0.7673392 -0.04232567 -0.6399097 -0.767273 -0.04251939 -0.6399098 -0.767273 -0.04251933 -0.6399101 -0.7672726 -0.04251939 -0.6399191 -0.7672811 -0.04223221 -0.6399192 -0.7672809 -0.04223221 -0.6399306 -0.7672637 -0.04237449</float_array>
          <technique_common>
            <accessor source="#right_aileron-mesh-normals-array" count="1550" stride="3">
              <param name="X" type="float"/>
              <param name="Y" type="float"/>
              <param name="Z" type="float"/>
            </accessor>
          </technique_common>
        </source>
        <vertices id="right_aileron-mesh-vertices">
          <input semantic="POSITION" source="#right_aileron-mesh-positions"/>
        </vertices>
        <triangles count="1340">
          <input semantic="VERTEX" source="#right_aileron-mesh-vertices" offset="0"/>
          <input semantic="NORMAL" source="#right_aileron-mesh-normals" offset="1"/>
          <p>0 0 1 1 2 2 3 3 4 4 5 5 6 6 7 6 8 6 9 7 10 8 11 9 12 10 13 10 14 10 15 11 16 12 17 13 15 14 17 14 18 14 15 15 18 15 5 15 15 16 5 16 4 16 19 17 7 17 6 17 19 18 6 19 20 20 19 21 20 22 21 23 19 24 21 24 22 24 19 25 22 26 16 27 19 28 16 28 15 28 23 29 24 29 25 29 23 30 25 31 26 32 23 33 26 34 27 35 23 36 27 36 28 36 23 37 28 38 29 39 23 40 29 41 8 42 23 43 8 43 7 43 30 44 31 45 32 46 30 47 32 47 33 47 30 48 33 49 34 50 30 51 34 52 35 53 30 54 35 55 36 56 30 57 36 57 37 57 30 58 37 58 38 58 39 59 40 59 41 59 39 60 41 60 42 60 39 61 42 62 38 63 39 64 38 64 37 64 37 65 36 66 43 67 37 68 43 68 44 69 37 70 44 70 45 70 37 71 45 71 46 71 37 72 46 72 47 72 37 73 47 73 48 73 37 74 48 74 49 74 1 75 0 76 50 77 50 78 0 79 51 80 50 81 51 82 52 83 52 84 51 85 53 86 52 87 53 88 54 89 54 90 53 90 55 90 54 91 55 92 56 93 56 94 55 95 57 96 56 97 57 98 58 99 58 100 57 100 59 100 58 101 59 102 60 103 60 104 59 104 61 104 60 105 61 105 62 105 62 106 61 106 63 106 63 107 61 108 4 107 63 109 4 110 3 111 64 112 65 113 24 114 24 115 65 116 66 117 24 118 66 119 25 120 32 121 31 121 67 121 67 122 31 123 68 124 67 125 68 126 69 127 69 128 68 129 70 130 69 131 70 131 71 131 71 132 70 132 72 132 71 133 72 134 64 135 64 136 72 136 73 136 64 137 73 138 65 139 40 140 39 141 74 142 74 143 39 143 75 143 74 144 75 144 76 144 76 145 75 145 77 145 77 146 75 146 78 146 78 147 75 147 79 147 78 148 79 148 80 148 80 149 79 149 81 149 80 150 81 150 82 150 82 151 81 151 83 151 82 152 83 152 84 153 84 154 83 154 85 154 85 155 83 155 86 155 85 156 86 156 87 156 87 157 86 157 88 157 88 158 86 159 89 159 88 160 89 160 90 160 90 161 89 161 91 161 90 162 91 162 92 162 92 163 91 163 93 163 92 164 93 165 94 166 94 167 93 168 95 169 94 170 95 170 96 170 96 171 95 171 97 171 96 172 97 173 98 174 98 175 97 176 99 177 98 178 99 179 100 180 100 181 99 182 101 181 101 183 99 184 102 185 101 186 102 186 103 186 103 187 102 188 104 189 103 190 104 191 105 192 105 193 104 193 106 193 105 194 106 195 107 196 107 197 106 198 108 199 107 200 108 201 109 202 109 203 108 204 110 205 109 206 110 207 111 208 109 209 111 209 112 209 112 210 111 211 113 212 112 213 113 214 114 215 112 216 114 217 115 218 115 219 114 219 116 219 115 220 116 221 117 222 117 223 116 224 118 225 117 226 118 226 119 226 119 227 118 228 120 229 119 230 120 231 121 232 119 233 121 234 9 235 9 236 121 237 122 238 9 239 122 240 10 241 14 242 13 243 123 244 123 245 13 245 124 245 123 246 124 247 125 246 125 248 124 248 49 248 125 249 49 250 48 251 126 252 127 253 128 254 129 255 130 255 131 255 132 256 133 256 134 256 135 257 136 257 137 257 138 255 139 255 140 255 141 258 142 258 143 258 144 259 145 259 146 259 147 260 148 261 149 262 150 263 130 263 129 263 150 264 129 264 151 264 150 255 151 255 152 255 150 255 152 255 132 255 150 265 132 265 134 265 153 266 136 266 135 266 153 267 135 267 154 267 153 255 154 255 155 255 153 255 155 255 140 255 153 268 140 268 139 268 156 269 142 269 141 269 156 270 141 270 157 270 156 255 157 255 158 255 156 271 158 271 159 271 156 272 159 272 160 272 161 255 148 255 147 255 161 273 147 274 162 275 161 255 162 255 163 255 161 255 163 255 144 255 161 255 144 255 146 255 164 276 165 276 166 276 166 255 165 255 167 255 166 255 167 255 168 255 168 277 167 278 128 279 168 280 128 281 127 282 169 283 170 283 171 283 171 255 170 255 172 255 171 284 172 284 173 284 173 255 172 255 174 255 173 285 174 285 175 285 175 286 174 286 176 286 175 287 176 287 177 287 177 255 176 255 178 255 177 288 178 288 179 288 179 289 178 289 164 289 179 255 164 255 166 255 180 255 181 255 182 255 182 255 181 255 183 255 182 290 183 290 184 290 184 255 183 255 185 255 184 291 185 291 186 291 186 292 185 292 187 292 186 293 187 294 188 295 188 255 187 255 189 255 188 255 189 255 190 255 190 255 189 255 170 255 190 296 170 296 169 296 191 297 192 297 193 297 193 255 192 255 194 255 193 298 194 298 195 298 195 299 194 300 181 301 195 302 181 302 180 302 196 255 197 255 198 255 198 255 197 255 199 255 198 255 199 255 200 255 200 255 199 255 192 255 200 255 192 255 191 255 196 303 201 303 197 303 197 304 201 304 202 304 201 255 203 255 202 255 202 255 203 255 204 255 131 255 130 255 205 255 205 255 130 255 202 255 205 305 202 305 204 305 206 306 207 306 208 306 208 255 207 255 134 255 208 307 134 307 133 307 209 255 210 255 211 255 211 308 210 308 212 308 211 309 212 309 213 309 213 255 212 255 207 255 213 310 207 310 206 310 209 311 214 311 210 311 210 312 214 312 215 312 210 313 215 313 216 313 215 314 217 314 216 314 216 315 217 315 137 315 216 255 137 255 136 255 138 255 218 255 139 255 139 255 218 255 219 255 139 316 219 316 220 316 219 255 221 255 220 255 220 255 221 255 143 255 220 317 143 317 142 317 222 255 223 255 224 255 224 255 223 255 160 255 224 255 160 255 159 255 225 255 226 255 227 255 227 255 226 255 223 255 227 318 223 318 222 318 228 255 229 255 230 255 230 319 229 319 231 319 230 320 231 320 232 320 232 255 231 255 226 255 232 255 226 255 225 255 233 255 234 255 235 255 235 255 234 255 236 255 235 321 236 321 237 321 237 255 236 255 228 255 237 322 228 322 230 322 238 323 239 323 240 323 240 324 239 324 241 324 240 325 241 325 242 325 242 255 241 255 233 255 242 326 233 326 235 326 243 255 244 255 245 255 245 255 244 255 238 255 245 327 238 327 240 327 243 328 245 328 246 328 246 329 245 329 146 329 246 330 146 330 145 330 12 331 14 331 247 331 161 332 146 332 248 332 43 333 36 333 249 333 249 334 250 334 43 334 251 335 75 335 39 335 251 336 39 336 252 336 11 337 10 337 253 337 253 338 254 338 11 338 9 339 11 339 254 339 254 340 255 340 9 340 119 341 9 341 255 341 255 342 256 342 119 342 117 343 119 343 256 343 256 344 257 344 117 344 117 345 257 345 115 345 115 346 257 346 258 346 115 347 258 347 112 347 112 348 258 348 259 348 112 349 259 349 109 349 109 350 259 350 260 350 109 351 260 351 107 351 100 352 261 352 262 352 100 353 262 353 98 353 87 354 263 354 85 354 263 355 264 355 85 355 84 356 85 356 264 356 264 357 265 357 84 357 84 358 265 358 82 358 74 359 266 359 40 359 40 360 266 360 267 360 40 361 267 361 41 361 267 362 268 362 41 362 269 363 270 363 38 363 68 364 31 365 271 366 271 367 272 367 68 367 68 368 272 368 70 368 70 369 272 369 273 369 70 370 273 370 72 371 72 372 273 373 274 374 72 375 274 376 73 377 275 378 276 379 27 380 20 381 277 381 278 381 20 382 278 383 21 384 279 385 280 385 18 385 63 386 3 386 281 386 281 387 282 387 63 387 63 388 282 388 62 388 62 389 282 389 283 389 62 390 283 390 60 390 54 391 284 391 52 391 284 392 285 392 52 392 50 393 52 393 285 393 285 394 286 394 50 394 51 395 287 395 53 395 53 396 287 396 288 396 135 397 137 397 289 397 290 398 213 398 291 398 213 399 206 399 291 399 292 400 291 400 206 400 206 401 208 401 292 401 293 402 292 402 208 402 208 403 133 403 293 403 294 404 293 404 133 404 133 405 132 405 294 405 295 406 294 406 132 406 132 407 152 407 295 407 198 408 200 408 296 408 297 409 180 409 298 409 180 410 182 410 298 410 299 411 171 411 300 411 171 412 173 412 300 412 301 413 179 413 302 413 302 414 179 414 166 414 302 415 166 415 303 415 303 416 166 416 168 416 303 417 168 418 304 417 304 419 168 420 127 421 304 422 127 423 305 423 127 424 126 425 305 426 306 427 187 427 307 427 307 428 187 428 185 428 307 429 185 429 308 429 308 430 185 430 183 430 308 431 183 431 309 431 310 432 197 432 311 432 130 433 150 433 312 433 312 434 150 434 313 434 313 435 150 435 134 435 313 436 134 436 314 436 134 437 207 437 314 437 315 438 216 438 316 438 216 439 136 439 316 439 317 440 316 440 136 440 136 441 153 441 317 441 318 442 317 442 153 442 153 443 139 443 318 443 318 444 139 444 319 444 320 445 223 445 321 445 223 446 226 446 321 446 322 447 321 447 226 447 226 448 231 448 322 448 229 449 228 449 323 449 324 450 323 450 228 450 228 451 236 451 324 451 325 452 324 452 236 452 236 453 234 453 325 453 326 454 145 454 327 454 327 455 145 455 144 455 327 456 144 456 328 456 144 457 163 457 328 457 163 458 162 458 329 458 162 459 147 459 330 459 331 460 329 460 332 460 124 461 333 461 49 461 49 462 333 462 37 462 252 463 39 463 334 463 335 464 336 464 337 464 338 465 337 465 336 465 338 466 336 466 339 466 45 467 340 467 46 467 46 468 340 468 341 468 46 469 341 469 47 469 331 470 332 470 125 470 342 471 247 471 14 471 251 472 343 472 75 472 86 473 344 473 89 473 344 474 345 474 89 474 95 475 346 475 347 475 95 476 347 476 97 476 347 477 348 477 97 477 277 478 349 478 278 478 278 479 349 479 350 479 278 480 350 480 351 480 352 481 353 481 354 481 355 482 356 482 64 482 64 483 356 483 71 483 356 484 357 484 71 484 358 485 359 485 33 485 249 486 36 486 360 486 149 487 12 487 247 487 149 488 247 488 342 488 149 489 342 489 330 489 149 490 330 490 147 490 124 491 161 491 333 491 333 492 161 492 248 492 333 493 248 493 361 493 361 494 248 494 362 494 361 495 362 495 334 495 334 496 362 496 363 496 334 497 363 497 252 497 252 498 363 498 364 498 252 499 364 499 365 499 365 500 364 500 366 500 365 501 366 501 367 501 367 502 366 502 368 502 367 503 368 503 369 503 369 504 368 504 370 504 369 505 370 505 371 505 371 506 370 506 372 506 371 507 372 507 373 507 373 508 372 508 374 508 373 509 374 509 375 509 375 510 374 510 376 510 375 511 376 511 377 511 377 512 376 512 378 512 377 513 378 513 379 513 379 514 378 514 380 514 379 515 380 515 381 515 381 516 380 516 382 516 381 517 382 517 383 517 383 518 382 518 384 518 383 519 384 519 385 519 385 520 384 520 386 520 385 521 386 521 387 521 387 522 386 522 388 522 387 523 388 523 389 523 389 524 388 524 390 524 389 525 390 525 391 525 391 526 390 526 392 526 391 527 392 527 393 527 393 528 392 528 394 528 393 529 394 529 395 529 395 530 394 530 396 530 395 531 396 531 397 531 397 532 396 532 398 532 397 533 398 533 399 533 399 534 398 534 400 534 399 535 400 535 401 535 401 536 400 536 402 536 401 537 402 537 403 537 403 538 402 538 404 538 403 539 404 539 405 539 405 540 404 540 406 540 405 541 406 541 407 541 407 542 406 542 408 542 407 543 408 543 409 543 409 544 408 544 410 544 409 545 410 545 411 545 411 546 410 546 289 546 411 547 289 547 412 547 412 548 289 548 413 548 412 549 413 549 414 549 414 550 413 550 415 550 414 551 415 551 416 551 416 552 415 552 417 552 416 553 417 553 418 553 418 554 417 554 290 554 418 555 290 555 419 555 419 556 290 556 291 556 419 557 291 557 420 557 420 558 291 558 292 558 420 559 292 559 421 559 421 560 292 560 293 560 421 561 293 561 422 561 422 562 293 562 294 562 422 563 294 563 423 563 423 564 294 564 295 564 423 565 295 565 424 565 424 566 295 566 425 566 424 567 425 567 426 567 426 568 425 568 427 568 426 569 427 569 428 569 428 570 427 570 429 570 428 571 429 571 430 571 59 572 431 572 61 572 61 573 431 573 353 573 61 574 353 574 4 574 4 575 353 575 352 575 4 576 352 576 15 576 15 577 352 577 432 577 15 578 432 578 19 578 19 579 432 579 433 579 19 580 433 580 7 580 7 581 433 581 434 581 7 582 434 582 23 582 23 583 434 583 435 583 23 584 435 584 24 584 24 585 435 585 355 585 24 586 355 586 64 586 253 587 10 587 436 587 436 588 10 588 122 588 436 589 122 589 121 589 107 590 260 590 105 590 105 591 260 591 437 591 105 592 437 592 103 592 103 593 437 593 438 593 103 594 438 594 101 594 101 595 438 595 261 595 101 596 261 596 100 596 98 597 262 597 96 597 96 598 262 598 439 598 96 599 439 599 94 599 94 600 439 600 440 600 94 601 440 601 441 601 94 602 441 602 92 602 92 603 441 603 442 603 92 604 442 604 90 604 90 605 442 605 443 605 90 606 443 606 444 606 90 607 444 607 88 607 88 608 444 608 445 608 88 609 445 609 87 609 87 610 445 610 446 610 87 611 446 611 263 611 82 612 265 612 80 612 80 613 265 613 447 613 80 614 447 614 78 614 78 615 447 615 448 615 78 616 448 616 77 616 77 617 448 617 449 617 77 618 449 618 450 618 77 619 450 619 76 619 76 620 450 620 451 620 76 621 451 621 74 621 74 622 451 622 452 622 74 623 452 623 266 623 41 624 268 624 42 624 42 625 268 626 269 627 42 628 269 629 38 630 271 631 31 631 270 631 270 632 31 632 30 632 270 633 30 633 38 633 73 634 274 634 65 634 65 635 274 635 453 635 65 636 453 637 66 638 66 639 453 640 454 641 66 642 454 643 25 644 25 645 454 645 455 645 25 646 455 646 26 646 26 647 455 648 275 649 26 650 275 650 27 650 27 651 276 652 28 653 28 654 276 655 456 656 28 657 456 658 29 659 29 660 456 660 457 660 29 661 457 661 8 661 8 662 457 662 458 662 8 663 458 663 6 663 6 664 458 665 459 664 6 666 459 666 460 666 20 667 6 667 277 667 277 668 6 668 460 668 277 669 460 669 349 669 349 670 460 670 461 670 21 671 278 671 22 671 22 672 278 672 351 672 22 673 351 673 16 673 16 674 351 674 462 674 16 675 462 675 17 675 17 676 462 676 279 676 17 677 279 677 18 677 281 678 3 678 280 678 280 679 3 679 5 679 280 680 5 680 18 680 463 681 56 681 464 681 464 682 56 682 58 682 464 683 58 683 465 683 465 684 58 684 60 684 465 685 60 685 283 685 56 686 463 686 54 686 54 687 463 687 466 687 54 688 466 688 284 688 50 689 286 689 1 689 1 690 286 690 467 690 1 691 467 691 2 691 2 692 467 692 468 692 2 693 468 693 469 693 2 694 469 694 0 694 0 695 469 695 470 695 0 696 470 696 51 696 51 697 470 697 471 697 51 698 471 698 287 698 53 699 288 699 55 699 55 700 288 700 472 700 55 701 472 701 57 701 57 702 472 702 473 702 57 703 473 703 59 703 59 704 473 704 474 704 59 705 474 705 431 705 248 706 146 706 362 706 362 707 146 707 245 707 362 708 245 708 363 708 363 709 245 709 240 709 363 710 240 710 364 710 364 711 240 711 242 711 364 712 242 712 366 712 366 713 242 713 235 713 366 714 235 714 368 714 368 715 235 715 370 715 370 716 235 716 237 716 370 717 237 717 372 717 372 718 237 718 230 718 372 719 230 719 374 719 374 720 230 720 376 720 376 721 230 721 232 721 376 722 232 722 378 722 378 723 232 723 225 723 378 724 225 724 380 724 380 725 225 725 227 725 380 726 227 726 382 726 382 727 227 727 222 727 382 728 222 728 384 728 384 729 222 729 224 729 384 730 224 730 386 730 386 731 224 731 159 731 386 732 159 732 388 732 388 733 159 733 158 733 388 734 158 734 390 734 390 735 158 735 157 735 390 736 157 736 392 736 392 737 157 737 141 737 392 738 141 738 394 738 394 739 141 739 143 739 394 740 143 740 396 740 396 741 143 741 221 741 396 742 221 742 398 742 398 743 221 743 219 743 398 744 219 744 400 744 400 745 219 745 218 745 400 746 218 746 402 746 402 747 218 747 138 747 402 748 138 748 404 748 404 749 138 749 140 749 404 750 140 750 406 750 406 751 140 751 155 751 406 752 155 752 408 752 408 753 155 753 154 753 408 754 154 754 410 754 410 755 154 755 135 755 410 756 135 756 289 756 289 757 137 757 413 757 413 758 137 758 217 758 413 759 217 759 415 759 415 760 217 760 215 760 415 761 215 761 214 761 415 762 214 762 417 762 417 763 214 763 209 763 417 764 209 764 290 764 290 765 209 765 211 765 290 766 211 766 213 766 295 767 152 767 425 767 425 768 152 768 151 768 425 769 151 769 427 769 427 770 151 770 129 770 427 771 129 771 131 771 427 772 131 772 429 772 429 773 131 773 205 773 429 774 205 774 475 774 475 775 205 775 204 775 475 776 204 776 476 776 476 777 204 777 203 777 476 778 203 778 477 778 477 779 203 779 478 779 478 780 203 780 201 780 478 781 201 781 479 781 479 782 201 782 196 782 479 783 196 783 480 783 480 784 196 784 198 784 480 785 198 785 296 785 296 786 200 786 481 786 481 787 200 787 191 787 481 788 191 788 482 788 482 789 191 789 193 789 482 790 193 790 297 790 297 791 193 791 195 791 297 792 195 792 180 792 298 793 182 793 483 793 483 794 182 794 184 794 483 795 184 795 484 795 484 796 184 796 485 796 485 797 184 797 186 797 485 798 186 798 486 798 486 799 186 799 188 799 486 800 188 800 487 800 487 801 188 801 190 801 487 802 190 803 299 804 299 805 190 806 169 805 299 807 169 807 171 807 300 808 173 808 488 808 488 809 173 809 175 809 488 810 175 811 301 811 301 812 175 812 177 812 301 813 177 813 179 813 305 814 126 815 489 816 489 817 126 818 128 819 489 820 128 821 167 822 489 823 167 823 490 823 490 824 167 825 165 826 490 827 165 827 491 827 491 828 165 828 164 828 491 829 164 830 492 831 492 832 164 832 178 832 492 833 178 833 493 833 493 834 178 834 176 834 493 835 176 835 494 835 494 836 176 836 495 836 495 837 176 837 174 837 495 838 174 838 496 839 496 840 174 840 172 840 496 841 172 841 497 841 497 842 172 842 170 842 497 843 170 843 306 843 306 844 170 844 189 844 306 845 189 845 187 845 309 846 183 846 498 846 498 847 183 847 181 847 498 848 181 848 499 848 499 849 181 849 194 849 499 850 194 850 500 850 500 851 194 851 192 851 500 852 192 852 310 852 310 853 192 853 199 853 310 854 199 854 197 854 311 855 197 855 501 855 501 856 197 856 202 856 501 857 202 857 502 857 502 858 202 858 130 858 502 859 130 859 312 859 314 860 207 860 503 860 503 861 207 861 212 861 503 862 212 862 315 862 315 863 212 863 210 863 315 864 210 864 216 864 319 865 139 865 504 865 504 866 139 866 220 866 504 867 220 867 505 867 505 868 220 868 142 868 505 869 142 869 156 869 505 870 156 870 320 870 320 871 156 871 160 871 320 872 160 872 223 872 229 873 323 873 231 873 231 874 323 874 506 874 231 875 506 875 322 875 325 876 234 876 507 876 507 877 234 877 233 877 507 878 233 878 508 878 508 879 233 879 241 879 508 880 241 880 509 880 509 881 241 881 239 881 509 882 239 882 510 882 510 883 239 883 511 883 511 884 239 884 238 884 511 885 238 885 512 885 512 886 238 886 244 886 512 887 244 887 513 887 513 888 244 888 243 888 513 889 243 889 326 889 326 890 243 890 246 890 326 891 246 891 145 891 430 892 429 892 514 892 514 893 429 893 475 893 514 894 475 894 515 894 515 895 475 895 476 895 515 896 476 896 516 896 516 897 476 897 477 897 516 898 477 898 517 898 517 899 477 899 478 899 517 900 478 900 518 900 518 901 478 901 479 901 518 902 479 902 519 902 519 903 479 903 480 903 519 904 480 904 520 904 520 905 480 905 296 905 520 906 296 906 521 906 521 907 296 907 481 907 521 908 481 908 522 908 522 909 481 909 482 909 522 910 482 910 523 910 523 911 482 911 297 911 523 912 297 912 524 912 524 913 297 913 298 913 524 914 298 914 525 914 525 915 298 915 483 915 525 916 483 916 526 916 526 917 483 917 484 917 526 918 484 918 527 918 527 919 484 919 485 919 527 920 485 920 528 920 528 921 485 921 486 921 528 922 486 922 529 922 529 923 486 923 487 923 529 924 487 924 335 924 335 925 487 925 299 925 335 926 299 926 336 926 336 927 299 927 300 927 336 928 300 928 339 928 339 929 300 929 488 929 339 930 488 930 530 930 530 931 488 931 301 931 530 932 301 933 531 932 531 934 301 934 302 934 531 935 302 935 532 935 532 936 302 936 303 936 532 937 303 937 533 937 533 938 303 938 304 938 533 939 304 940 534 941 534 942 304 943 305 944 534 945 305 946 535 947 535 948 305 948 489 948 535 949 489 949 536 949 536 950 489 950 490 950 536 951 490 951 537 951 537 952 490 952 491 952 537 953 491 953 538 953 538 954 491 955 492 955 538 956 492 956 539 956 539 957 492 957 493 957 539 958 493 958 540 958 540 959 493 959 494 959 540 960 494 960 541 960 541 961 494 962 495 963 541 964 495 965 542 966 542 967 495 968 496 969 542 970 496 970 543 970 543 971 496 971 497 971 543 972 497 972 544 972 544 973 497 973 306 973 544 974 306 974 545 974 545 975 306 975 546 975 546 976 306 976 307 976 546 977 307 977 547 977 547 978 307 978 308 978 547 979 308 979 548 979 548 980 308 980 309 980 548 981 309 981 549 981 549 982 309 982 498 982 549 983 498 983 550 983 550 984 498 984 499 984 550 985 499 985 551 985 551 986 499 986 500 986 551 987 500 987 552 987 552 988 500 988 310 988 552 989 310 989 553 989 553 990 310 990 554 990 554 991 310 991 311 991 554 992 311 992 555 992 555 993 311 993 501 993 555 994 501 994 556 994 556 995 501 995 502 995 556 996 502 996 557 996 557 997 502 997 312 997 557 998 312 998 558 998 558 999 312 999 313 999 558 1000 313 1000 559 1000 559 1001 313 1001 314 1001 559 1002 314 1002 560 1002 560 1003 314 1003 503 1003 560 1004 503 1004 561 1004 561 1005 503 1005 315 1005 561 1006 315 1006 562 1006 562 1007 315 1007 316 1007 562 1008 316 1008 563 1008 563 1009 316 1009 317 1009 563 1010 317 1010 564 1010 564 1011 317 1011 318 1011 564 1012 318 1012 565 1012 565 1013 318 1013 319 1013 565 1014 319 1014 566 1014 566 1015 319 1015 504 1015 566 1016 504 1016 567 1016 567 1017 504 1017 505 1017 567 1018 505 1018 568 1018 568 1019 505 1019 569 1019 569 1020 505 1020 320 1020 569 1021 320 1021 570 1021 570 1022 320 1022 321 1022 570 1023 321 1023 571 1023 571 1024 321 1024 322 1024 571 1025 322 1025 572 1025 572 1026 322 1026 506 1026 572 1027 506 1027 573 1027 573 1028 506 1028 323 1028 573 1029 323 1029 574 1029 574 1030 323 1030 324 1030 574 1031 324 1031 575 1031 575 1032 324 1032 325 1032 575 1033 325 1033 576 1033 576 1034 325 1034 507 1034 576 1035 507 1035 577 1035 577 1036 507 1036 508 1036 577 1037 508 1037 578 1037 578 1038 508 1038 509 1038 578 1039 509 1039 579 1039 579 1040 509 1040 510 1040 579 1041 510 1041 250 1041 250 1042 510 1042 511 1042 250 1043 511 1043 580 1043 580 1044 511 1044 512 1044 580 1045 512 1045 581 1045 581 1046 512 1046 513 1046 581 1047 513 1047 340 1047 340 1048 513 1048 326 1048 340 1049 326 1049 341 1049 341 1050 326 1050 327 1050 341 1051 327 1051 582 1051 582 1052 327 1052 328 1052 582 1053 328 1053 583 1053 125 1054 48 1054 331 1054 331 1055 48 1055 583 1055 331 1056 583 1056 329 1056 329 1057 583 1057 328 1057 329 1058 328 1058 163 1058 123 1059 125 1059 584 1059 584 1060 125 1060 332 1060 584 1061 332 1061 330 1061 330 1062 332 1062 329 1062 330 1063 329 1063 162 1063 334 1064 39 1064 361 1064 361 1065 39 1065 37 1065 361 1066 37 1066 333 1066 251 1067 252 1067 343 1067 343 1068 252 1068 365 1068 343 1069 365 1069 585 1069 585 1070 365 1070 367 1070 585 1071 367 1071 586 1071 586 1072 367 1072 369 1072 586 1073 369 1073 587 1073 587 1074 369 1074 371 1074 587 1075 371 1075 588 1075 588 1076 371 1076 373 1076 588 1077 373 1077 344 1077 344 1078 373 1078 375 1078 344 1079 375 1079 345 1079 345 1080 375 1080 377 1080 345 1081 377 1081 589 1081 589 1082 377 1082 379 1082 589 1083 379 1083 346 1083 346 1084 379 1084 381 1084 346 1085 381 1085 347 1085 347 1086 381 1086 383 1086 347 1087 383 1087 348 1087 348 1088 383 1088 385 1088 348 1089 385 1089 590 1089 590 1090 385 1090 387 1090 590 1091 387 1091 591 1091 591 1092 387 1092 389 1092 591 1093 389 1093 592 1093 592 1094 389 1094 391 1094 592 1095 391 1095 593 1095 593 1096 391 1096 393 1096 593 1097 393 1097 594 1097 594 1098 393 1098 395 1098 594 1099 395 1099 595 1099 595 1100 395 1100 397 1100 595 1101 397 1101 596 1101 596 1102 397 1102 399 1102 596 1103 399 1103 597 1103 597 1104 399 1104 401 1104 597 1105 401 1105 598 1105 598 1106 401 1106 403 1106 598 1107 403 1107 599 1107 599 1108 403 1108 405 1108 599 1109 405 1109 600 1109 600 1110 405 1110 407 1110 600 1111 407 1111 601 1111 601 1112 407 1112 409 1112 601 1113 409 1113 602 1113 602 1114 409 1114 411 1114 602 1115 411 1115 603 1115 603 1116 411 1116 412 1116 603 1117 412 1117 604 1117 604 1118 412 1118 414 1118 604 1119 414 1119 605 1119 605 1120 414 1120 416 1120 605 1121 416 1121 606 1121 606 1122 416 1122 418 1122 606 1123 418 1123 607 1123 607 1124 418 1124 419 1124 607 1125 419 1125 608 1125 608 1126 419 1126 420 1126 608 1127 420 1127 609 1127 609 1128 420 1128 421 1128 609 1129 421 1129 610 1129 610 1130 421 1130 422 1130 610 1131 422 1131 611 1131 611 1132 422 1132 423 1132 611 1133 423 1133 612 1133 612 1134 423 1134 424 1134 612 1135 424 1135 613 1135 613 1136 424 1136 426 1136 613 1137 426 1137 614 1137 614 1138 426 1138 428 1138 614 1139 428 1139 615 1139 615 1140 428 1140 430 1140 615 1141 430 1141 616 1141 616 1142 430 1142 514 1142 616 1143 514 1143 617 1143 617 1144 514 1144 515 1144 617 1145 515 1145 618 1145 618 1146 515 1146 516 1146 618 1147 516 1147 619 1147 619 1148 516 1148 517 1148 619 1149 517 1149 620 1149 620 1150 517 1150 518 1150 620 1151 518 1151 621 1151 621 1152 518 1152 519 1152 621 1153 519 1153 622 1153 622 1154 519 1154 520 1154 622 1155 520 1155 623 1155 623 1156 520 1156 521 1156 623 1157 521 1157 624 1157 624 1158 521 1158 522 1158 624 1159 522 1159 625 1159 625 1160 522 1160 523 1160 625 1161 523 1161 626 1161 626 1162 523 1162 524 1162 626 1163 524 1163 627 1163 627 1164 524 1164 628 1164 628 1165 524 1165 525 1165 628 1166 525 1166 629 1166 629 1167 525 1167 526 1167 629 1168 526 1168 630 1168 630 1169 526 1169 527 1169 630 1170 527 1170 631 1170 631 1171 527 1171 528 1171 631 1172 528 1172 632 1172 632 1173 528 1173 529 1173 632 1174 529 1174 633 1174 633 1175 529 1175 335 1175 633 1176 335 1176 337 1176 338 1177 339 1177 634 1177 634 1178 339 1179 530 1180 634 1181 530 1181 635 1181 635 1182 530 1182 531 1182 635 1183 531 1184 636 1185 636 1186 531 1186 532 1186 636 1187 532 1187 637 1187 637 1188 532 1189 533 1190 637 1191 533 1192 638 1193 638 1194 533 1194 534 1194 638 1195 534 1195 639 1196 639 1197 534 1197 535 1197 639 1198 535 1199 640 1200 640 1201 535 1202 536 1203 640 1204 536 1205 641 1206 641 1207 536 1208 537 1209 641 1210 537 1210 642 1210 642 1211 537 1211 538 1211 642 1212 538 1212 643 1212 643 1213 538 1213 539 1213 643 1214 539 1215 644 1216 644 1217 539 1218 540 1218 644 1219 540 1220 645 1221 645 1222 540 1223 541 1224 645 1225 541 1225 461 1225 461 1226 541 1226 542 1226 461 1227 542 1227 349 1227 349 1228 542 1228 543 1228 349 1229 543 1229 350 1229 350 1230 543 1230 544 1230 350 1231 544 1231 646 1232 646 1233 544 1233 545 1233 646 1234 545 1234 647 1234 647 1235 545 1235 546 1235 647 1236 546 1236 648 1236 648 1237 546 1237 547 1237 648 1238 547 1238 649 1238 649 1239 547 1239 548 1239 649 1240 548 1240 650 1240 650 1241 548 1241 549 1241 650 1242 549 1242 651 1242 651 1243 549 1243 550 1243 651 1244 550 1244 652 1244 652 1245 550 1245 551 1245 652 1246 551 1246 653 1246 653 1247 551 1247 552 1247 653 1248 552 1248 654 1248 654 1249 552 1249 553 1249 654 1250 553 1250 655 1250 655 1251 553 1251 554 1251 655 1252 554 1252 656 1252 656 1253 554 1253 657 1253 657 1254 554 1254 555 1254 657 1255 555 1255 658 1255 658 1256 555 1256 556 1256 658 1257 556 1257 659 1257 659 1258 556 1258 557 1258 659 1259 557 1259 660 1259 660 1260 557 1260 661 1260 661 1261 557 1261 558 1261 661 1262 558 1262 662 1262 662 1263 558 1263 559 1263 662 1264 559 1264 663 1264 663 1265 559 1265 560 1265 663 1266 560 1266 664 1266 664 1267 560 1267 561 1267 664 1268 561 1268 665 1268 665 1269 561 1269 666 1269 666 1270 561 1270 562 1270 666 1271 562 1271 667 1271 667 1272 562 1272 354 1272 354 1273 562 1273 563 1273 354 1274 563 1274 352 1274 352 1275 563 1275 564 1275 352 1276 564 1276 432 1276 432 1277 564 1277 565 1277 432 1278 565 1278 433 1278 433 1279 565 1279 566 1279 433 1280 566 1280 434 1280 434 1281 566 1281 567 1281 434 1282 567 1282 435 1282 435 1283 567 1283 568 1283 435 1284 568 1284 355 1284 355 1285 568 1285 569 1285 355 1286 569 1286 356 1286 356 1287 569 1287 570 1287 356 1288 570 1288 357 1288 357 1289 570 1289 571 1289 357 1290 571 1290 668 1290 668 1291 571 1291 572 1291 668 1292 572 1292 669 1292 669 1293 572 1293 573 1293 669 1294 573 1294 358 1294 358 1295 573 1295 574 1295 358 1296 574 1296 359 1296 359 1297 574 1297 575 1297 359 1298 575 1298 670 1298 670 1299 575 1299 576 1299 670 1300 576 1300 671 1300 671 1301 576 1301 577 1301 671 1302 577 1302 360 1302 360 1303 577 1303 578 1303 360 1304 578 1304 249 1304 249 1305 578 1305 579 1305 249 1306 579 1306 250 1306 43 1307 250 1307 44 1307 44 1308 250 1308 580 1308 44 1309 580 1309 45 1309 45 1310 580 1310 581 1310 45 1311 581 1311 340 1311 583 1312 48 1312 582 1312 582 1313 48 1313 47 1313 582 1314 47 1314 341 1314 14 1315 123 1315 342 1315 342 1316 123 1316 584 1316 342 1317 584 1317 330 1317 75 1318 343 1318 79 1318 79 1319 343 1319 585 1319 79 1320 585 1320 81 1320 81 1321 585 1321 586 1321 81 1322 586 1322 83 1322 83 1323 586 1323 587 1323 83 1324 587 1324 86 1324 86 1325 587 1325 588 1325 86 1326 588 1326 344 1326 89 1327 345 1327 91 1327 91 1328 345 1328 589 1328 91 1329 589 1329 93 1329 93 1330 589 1330 346 1330 93 1331 346 1331 95 1331 97 1332 348 1332 99 1332 99 1333 348 1333 590 1333 99 1334 590 1334 102 1334 102 1335 590 1335 591 1335 102 1336 591 1336 104 1336 104 1337 591 1337 592 1337 104 1338 592 1338 106 1338 106 1339 592 1339 593 1339 106 1340 593 1340 108 1340 108 1341 593 1341 594 1341 108 1342 594 1342 110 1342 110 1343 594 1343 595 1343 110 1344 595 1344 111 1344 111 1345 595 1345 113 1345 113 1346 595 1346 596 1346 113 1347 596 1347 114 1347 114 1348 596 1348 597 1348 114 1349 597 1349 116 1349 116 1350 597 1350 598 1350 116 1351 598 1351 118 1351 118 1352 598 1352 120 1352 120 1353 598 1353 599 1353 120 1354 599 1354 121 1354 121 1355 599 1355 600 1355 121 1356 600 1356 436 1356 436 1357 600 1357 253 1357 253 1358 600 1358 601 1358 253 1359 601 1359 254 1359 254 1360 601 1360 602 1360 254 1361 602 1361 255 1361 255 1362 602 1362 603 1362 255 1363 603 1363 256 1363 256 1364 603 1364 604 1364 256 1365 604 1365 257 1365 257 1366 604 1366 605 1366 257 1367 605 1367 258 1367 258 1368 605 1368 606 1368 258 1369 606 1369 259 1369 259 1370 606 1370 607 1370 259 1371 607 1371 260 1371 260 1372 607 1372 608 1372 260 1373 608 1373 437 1373 437 1374 608 1374 609 1374 437 1375 609 1375 438 1375 438 1376 609 1376 610 1376 438 1377 610 1377 261 1377 261 1378 610 1378 611 1378 261 1379 611 1379 262 1379 262 1380 611 1380 612 1380 262 1381 612 1381 439 1381 439 1382 612 1382 613 1382 439 1383 613 1383 440 1383 440 1384 613 1384 614 1384 440 1385 614 1385 441 1385 441 1386 614 1386 615 1386 441 1387 615 1387 442 1387 442 1388 615 1388 616 1388 442 1389 616 1389 443 1389 443 1390 616 1390 617 1390 443 1391 617 1391 444 1391 444 1392 617 1392 618 1392 444 1393 618 1393 445 1393 445 1394 618 1394 619 1394 445 1395 619 1395 446 1395 446 1396 619 1396 620 1396 446 1397 620 1397 263 1397 263 1398 620 1398 621 1398 263 1399 621 1399 264 1399 264 1400 621 1400 622 1400 264 1401 622 1401 265 1401 265 1402 622 1402 623 1402 265 1403 623 1403 447 1403 447 1404 623 1404 624 1404 447 1405 624 1405 448 1405 448 1406 624 1406 625 1406 448 1407 625 1407 449 1407 449 1408 625 1408 626 1408 449 1409 626 1409 450 1409 450 1410 626 1410 627 1410 450 1411 627 1411 451 1411 451 1412 627 1412 628 1412 451 1413 628 1413 452 1413 452 1414 628 1414 629 1414 452 1415 629 1415 266 1415 266 1416 629 1416 630 1416 266 1417 630 1417 267 1417 267 1418 630 1418 631 1418 267 1419 631 1419 268 1419 268 1420 631 1420 632 1420 268 1421 632 1421 269 1421 269 1422 632 1422 633 1422 269 1423 633 1424 270 1425 270 1426 633 1426 337 1426 270 1427 337 1427 271 1427 271 1428 337 1429 338 1428 271 1430 338 1430 272 1430 272 1431 338 1431 634 1431 272 1432 634 1432 273 1432 273 1433 634 1433 635 1434 273 1435 635 1436 274 1436 274 1437 635 1437 636 1437 274 1438 636 1438 453 1438 453 1439 636 1440 637 1441 453 1442 637 1442 454 1442 454 1443 637 1444 638 1445 454 1446 638 1446 455 1446 455 1447 638 1447 639 1447 455 1448 639 1448 275 1448 275 1449 639 1450 640 1451 275 1452 640 1453 276 1454 276 1455 640 1456 641 1457 276 1458 641 1458 456 1458 456 1459 641 1459 642 1459 456 1460 642 1460 457 1460 457 1461 642 1462 643 1463 457 1464 643 1464 458 1464 458 1465 643 1466 644 1467 458 1468 644 1469 459 1470 459 1471 644 1472 645 1473 459 1474 645 1475 460 1474 460 1476 645 1476 461 1476 351 1477 350 1477 462 1477 462 1478 350 1478 646 1478 462 1479 646 1479 279 1479 279 1480 646 1480 647 1480 279 1481 647 1481 280 1481 280 1482 647 1482 648 1482 280 1483 648 1483 281 1483 281 1484 648 1484 649 1484 281 1485 649 1485 282 1485 282 1486 649 1486 650 1486 282 1487 650 1487 283 1487 283 1488 650 1488 651 1488 283 1489 651 1489 465 1489 465 1490 651 1490 652 1490 465 1491 652 1491 464 1491 464 1492 652 1492 653 1492 464 1493 653 1493 463 1493 463 1494 653 1494 654 1494 463 1495 654 1495 466 1495 466 1496 654 1496 655 1496 466 1497 655 1497 284 1497 284 1498 655 1498 656 1498 284 1499 656 1499 285 1499 285 1500 656 1500 657 1500 285 1501 657 1501 286 1501 286 1502 657 1502 658 1502 286 1503 658 1503 467 1503 467 1504 658 1504 659 1504 467 1505 659 1505 468 1505 468 1506 659 1506 660 1506 468 1507 660 1507 469 1507 469 1508 660 1508 661 1508 469 1509 661 1509 470 1509 470 1510 661 1510 662 1510 470 1511 662 1511 471 1511 471 1512 662 1512 287 1512 287 1513 662 1513 663 1513 287 1514 663 1514 288 1514 288 1515 663 1515 664 1515 288 1516 664 1516 472 1516 472 1517 664 1517 665 1517 472 1518 665 1518 473 1518 473 1519 665 1519 666 1519 473 1520 666 1520 474 1520 474 1521 666 1521 667 1521 474 1522 667 1522 431 1522 431 1523 667 1523 354 1523 431 1524 354 1524 353 1524 71 1525 357 1525 69 1525 69 1526 357 1526 668 1526 69 1527 668 1527 67 1527 67 1528 668 1528 669 1528 67 1529 669 1529 32 1529 32 1530 669 1530 358 1530 32 1531 358 1531 33 1531 33 1532 359 1532 34 1532 34 1533 359 1533 670 1533 34 1534 670 1534 35 1534 35 1535 670 1535 36 1535 36 1536 670 1536 671 1536 36 1537 671 1537 360 1537 12 1538 149 1539 13 1540 13 1541 149 1542 124 1543 124 1544 149 1545 148 1546 124 1547 148 1548 161 1549</p>
        </triangles>
      </mesh>
    </geometry>
  </library_geometries>
  <library_visual_scenes>
    <visual_scene id="Scene" name="Scene">
      <node id="right_aileron" name="right_aileron" type="NODE">
        <matrix sid="transform">0.001980197 0 0 0.004484674 0 0.001980197 0 0 0 0 0.001980197 0.003122766 0 0 0 1</matrix>
        <instance_geometry url="#right_aileron-mesh" name="right_aileron"/>
      </node>
    </visual_scene>
  </library_visual_scenes>
  <scene>
    <instance_visual_scene url="#Scene"/>
  </scene>
</COLLADA>