<?xml version="1.0" encoding="utf-8"?>
<COLLADA xmlns="http://www.collada.org/2005/11/COLLADASchema" version="1.4.1" xmlns:xsi="http://www.w3.org/2001/XMLSchema-instance">
  <asset>
    <contributor>
      <author>Blender User</author>
      <authoring_tool>Blender 4.4.3 commit date:2025-04-29, commit time:14:09, hash:802179c51ccc</authoring_tool>
    </contributor>
    <created>2025-08-27T14:13:24</created>
    <modified>2025-08-27T14:13:24</modified>
    <unit name="meter" meter="1"/>
    <up_axis>Z_UP</up_axis>
  </asset>
  <library_images/>
  <library_geometries>
    <geometry id="left_aileron-mesh" name="left_aileron">
      <mesh>
        <source id="left_aileron-mesh-positions">
          <float_array id="left_aileron-mesh-positions-array" count="2016">-830.6423 895.2953 156.6712 -828.1926 893.697 157.0679 -833.1613 896.9421 156.3005 -816.0054 885.8265 160.0133 -850.7682 908.5342 154.6763 -816.2241 885.9646 159.9227 -814.1645 884.7101 161.3172 -859.1503 914.093 154.3809 -814.2831 884.7749 161.151 -844.5907 905.5422 168.0118 -845.7518 906.3 167.8261 -842.9008 904.4364 168.2486 -891.5192 935.3146 150.3348 -892.1795 935.7389 150.1486 -892.1829 935.7263 149.9723 -853.5823 910.3989 154.559 -815.6111 885.5789 160.1918 -815.2192 885.335 160.3962 -815.0372 885.223 160.5056 -857.3829 912.9199 154.4326 -814.8376 885.1014 160.6413 -814.6402 884.9827 160.7909 -814.4447 884.8673 160.9687 -863.4591 916.9531 154.2594 -814.0885 884.6707 161.4502 -814.0226 884.6388 161.5952 -813.9699 884.6171 161.7529 -813.9343 884.6078 161.9216 -813.9238 884.6085 162.0126 -865.6096 918.3802 154.1947 -814.3796 885.0291 163.4041 -814.6035 885.2019 163.6853 -888.1073 933.2117 152.3504 -882.9557 929.822 152.8498 -881.3721 928.7872 153.0896 -880.4577 928.1884 153.2116 -879.312 927.4368 153.3495 -877.2531 926.0829 153.56 -814.2746 884.9462 163.2499 -885.179 931.3809 153.7754 -814.7518 885.3143 163.8467 -814.9578 885.4686 164.0491 -815.3632 885.7682 164.4001 -890.9125 934.9631 150.9566 -889.5067 934.0511 151.2484 -888.7033 933.5401 151.5363 -887.8655 933.004 151.7978 -886.9396 932.4081 152.0462 -886.0256 931.8174 152.2606 -884.5387 930.8528 152.5688 -817.3972 886.71 159.4945 -847.9481 906.6679 154.8235 -818.4489 887.3827 159.1638 -845.358 904.9568 154.9923 -819.1051 887.804 158.9764 -842.5289 903.0912 155.2189 -820.3797 888.6252 158.6445 -841.0255 902.1016 155.3587 -821.7153 889.4883 158.3291 -838.2136 900.2535 155.6569 -823.6963 890.7721 157.9039 -835.3209 898.3563 156.0094 -825.8713 892.1854 157.4804 -816.6625 886.2424 159.7535 -813.9201 884.6195 162.1772 -813.9329 884.6415 162.3382 -868.1216 920.0463 154.1082 -813.9586 884.6721 162.4925 -813.9952 884.7087 162.6392 -871.1121 922.0275 153.979 -814.0706 884.7773 162.8583 -873.1753 923.3923 153.866 -814.1762 884.8667 163.0845 -875.2374 924.7543 153.727 -815.7841 886.0751 164.715 -882.2382 929.5391 155.1656 -816.2418 886.4059 165.0226 -816.7595 886.7771 165.3355 -819.2649 888.5444 166.5029 -876.7515 926.0945 157.6637 -818.6461 888.1115 166.2571 -878.4614 927.1691 156.8988 -818.1526 887.7648 166.0437 -880.1685 928.241 156.1223 -817.3818 887.2201 165.6733 -820.8403 889.6391 167.0396 -874.1965 924.4865 158.7804 -819.8879 888.9785 166.7289 -829.4222 895.4871 168.5981 -862.1981 916.8894 163.4783 -827.8651 894.4368 168.4437 -864.5146 918.3632 162.6537 -826.8301 893.7365 168.3138 -866.8967 919.8748 161.7609 -825.3776 892.7502 168.092 -868.4172 920.8378 161.1689 -824.1265 891.8973 167.8605 -870.0272 921.8561 160.5247 -822.9492 891.0916 167.6056 -871.6345 922.8712 159.8647 -821.8333 890.3246 167.3256 -854.2695 911.8148 165.9359 -855.3976 912.54 165.6233 -835.5865 899.6094 168.7875 -856.8584 913.4774 165.1994 -833.8853 898.4769 168.7965 -858.2559 914.3725 164.7743 -832.7106 897.6927 168.7768 -859.6509 915.2645 164.3316 -831.3585 896.7877 168.7262 -860.9251 916.0781 163.9119 -830.7023 896.3477 168.6904 -852.0699 910.3976 166.5061 -853.1403 911.0879 166.2353 -837.2032 900.6821 168.7376 -847.8827 907.6867 167.4372 -848.853 908.3165 167.2405 -841.2103 903.3268 168.4445 -849.9263 909.012 167.0092 -839.9525 902.4989 168.5626 -850.9987 909.7057 166.7643 -838.7295 901.6919 168.6544 -846.9122 907.0558 167.6219 -890.1802 934.4766 150.9736 -892.1761 935.7515 150.325 -890.8513 934.8979 150.6688 -687.9331 999.9 155.3716 -687.9348 999.9 155.562 -687.9263 999.9 155.4665 -707.8864 999.9 160.8196 -709.3228 999.9 152.4379 -709.4189 999.9 160.9584 -718.0002 999.9 151.9115 -717.7303 999.9 161.4571 -715.4384 999.9 161.3593 -735.4268 999.9 161.3407 -737.3468 999.9 151.0836 -737.994 999.9 161.2006 -745.6866 999.9 160.6071 -749.6389 999.9 150.8212 -748.2856 999.9 160.3514 -758.6541 999.9 159.0845 -760.7511 999.9 150.6784 -761.2389 999.9 158.712 -808.8553 999.9 148.8194 -808.5295 999.9 148.3857 -809.7736 999.9 148.1579 -815.0295 999.9 146.8495 -815.0413 999.9 147.0265 -813.6367 999.9 147.2517 -714.1277 999.9 152.1341 -713.1456 999.9 161.2323 -710.9538 999.9 161.0818 -743.1689 999.9 150.9385 -743.1241 999.9 160.8327 -740.5598 999.9 161.0309 -767.1281 999.9 150.6024 -770.3319 999.9 150.5595 -769.6199 999.9 157.3634 -766.3995 999.9 157.9064 -763.8207 999.9 158.3191 -815.0531 999.9 147.2034 -811.012 999.9 147.9003 -812.2336 999.9 147.6161 -687.9741 999.9 155.7113 -687.9564 999.9 155.2795 -688.0375 999.9 155.8519 -687.9959 999.9 155.1924 -688.0787 999.9 155.077 -688.1432 999.9 156.0157 -688.1815 999.9 154.979 -688.3547 999.9 156.2545 -688.3268 999.9 154.8771 -688.5439 999.9 156.4176 -688.5284 999.9 154.7687 -688.7375 999.9 156.5591 -688.7624 999.9 154.6698 -688.9386 999.9 156.6903 -689.2424 999.9 154.5058 -689.3078 999.9 156.9024 -689.6886 999.9 157.094 -689.5342 999.9 154.4272 -690.2011 999.9 157.3249 -690.0954 999.9 154.301 -690.794 999.9 157.5623 -690.788 999.9 154.1726 -691.5866 999.9 157.8482 -691.7266 999.9 154.0244 -692.3888 999.9 158.1098 -693.0403 999.9 153.8431 -692.8661 999.9 158.2547 -693.8411 999.9 158.5294 -693.8578 999.9 153.7412 -694.8184 999.9 158.7802 -696.0133 999.9 153.5018 -695.8008 999.9 159.0108 -696.7915 999.9 159.2246 -697.4277 999.9 153.3627 -698.1506 999.9 159.4919 -700.2971 999.9 153.108 -699.6507 999.9 159.7581 -701.2969 999.9 160.0206 -705.05 999.9 152.7365 -702.9817 999.9 160.2596 -704.8261 999.9 160.4921 -706.3557 999.9 160.6645 -720.1841 999.9 161.5316 -721.8684 999.9 151.7065 -722.6417 999.9 161.5764 -725.1451 999.9 161.5921 -725.7333 999.9 151.5194 -726.8599 999.9 161.5853 -729.5991 999.9 151.3521 -728.5743 999.9 161.5644 -733.47 999.9 151.2066 -732.0017 999.9 161.4803 -730.2883 999.9 161.5293 -733.7145 999.9 161.4174 -754.8152 999.9 150.7493 -753.4756 999.9 159.7645 -750.882 999.9 160.0702 -756.0663 999.9 159.4356 -772.2424 999.9 156.8995 -775.09 999.9 150.4831 -774.8651 999.9 156.417 -777.4863 999.9 155.9171 -779.4372 999.9 150.3928 -780.1036 999.9 155.4012 -782.715 999.9 154.8707 -783.8596 999.9 150.2718 -787.1972 999.9 153.9254 -786.0703 999.9 150.1972 -788.2806 999.9 150.1113 -792.2236 999.9 152.8174 -791.5921 999.9 149.9577 -797.2392 999.9 151.6663 -794.9017 999.9 149.7685 -796.8321 999.9 149.6386 -799.2995 999.9 151.1809 -798.7614 999.9 149.4921 -803.6013 999.9 150.1414 -800.6891 999.9 149.3273 -803.1312 999.9 149.0881 -807.8941 999.9 149.0653 -804.5865 999.9 148.9276 -806.0392 999.9 148.7516 -807.2906 999.9 148.5816 -869.7063 953.7831 149.323 -836.9198 976.8416 149.8672 -883.7271 930.7247 152.6593 -857.8865 953.7831 151.3784 -882.9853 930.7247 154.5638 -855.5494 953.7831 153.3266 -843.5821 907.6663 167.7702 -840.8637 907.6663 167.9344 -838.1434 907.6663 168.0641 -835.4217 907.6663 168.158 -832.699 907.6663 168.2149 -829.9757 907.6663 168.235 -827.2525 907.6663 168.2188 -824.5298 907.6663 168.1654 -813.6557 907.6663 167.5613 -816.3702 907.6663 167.7758 -800.1808 907.6663 165.6807 -798.8503 907.6663 165.3944 -797.5259 907.6663 165.0819 -791.7083 907.6663 163.2003 -791.0898 907.6663 162.9185 -790.4865 907.6663 162.6063 -789.7645 907.6663 162.1601 -790.1916 907.6663 162.4377 -789.3636 907.6663 161.8462 -789.1229 907.6663 161.6069 -788.9671 907.6663 161.4053 -788.8384 907.6663 161.1852 -788.8153 907.6663 160.3804 -788.7547 907.6663 160.5311 -789.8219 907.6663 159.5803 -789.525 907.6663 159.7323 -791.7481 907.6663 158.9679 -791.0914 907.6663 159.1341 -792.7429 907.6663 158.7525 -794.0786 907.6663 158.5034 -795.4199 907.6663 158.2818 -803.5206 907.6663 157.2786 -806.2297 907.6663 157.0119 -810.2973 907.6663 156.6475 -829.3156 907.6663 155.3759 -832.0358 907.6663 155.2449 -762.4251 976.8416 162.9566 -749.5931 976.8416 163.2448 -752.1605 976.8416 163.2507 -747.0261 976.8416 163.2065 -744.4596 976.8416 163.1358 -741.8943 976.8416 163.0316 -739.3309 976.8416 162.8911 -722.7809 976.8416 160.863 -717.8076 976.8416 159.6013 -719.0372 976.8416 159.9679 -713.991 976.8416 157.9555 -714.3977 976.8416 158.2121 -713.3468 976.8416 157.3598 -713.5554 976.8416 157.6029 -713.2218 976.8416 157.1545 -713.1626 976.8416 157.0055 -713.1301 976.8416 156.8487 -715.4283 976.8416 155.4961 -714.6534 976.8416 155.6908 -716.2137 976.8416 155.3406 -717.1618 976.8416 155.1799 -726.0841 976.8416 154.1597 -723.5286 976.8416 154.3998 -736.3216 976.8416 153.3638 -741.4456 976.8416 153.0336 -746.572 976.8416 152.7402 -761.962 976.8416 152.0803 -756.8303 976.8416 152.2586 -767.095 976.8416 151.9432 -772.2289 976.8416 151.8425 -777.3632 976.8416 151.7695 -805.3289 976.8416 151.4766 -799.0479 976.8416 151.567 -808.4691 976.8416 151.4134 -814.7481 976.8416 151.2335 -817.8865 976.8416 151.1088 -821.0234 976.8416 150.9538 -836.6465 976.8416 149.4344 -835.0963 976.8416 149.6848 -838.189 976.8416 149.1394 -839.7216 976.8416 148.7971 -841.2431 976.8416 148.4075 -867.3826 953.7831 149.9359 -866.6017 953.7831 150.1148 -864.5268 953.7831 151.0327 -858.5458 953.7831 152.5773 -764.5511 930.7247 160.7883 -739.2031 953.7831 159.3237 -739.6141 953.7831 159.5909 -764.1539 930.7247 160.4853 -738.9442 953.7831 159.1243 -862.6606 953.7831 150.8238 -864.2432 953.7831 150.5747 -868.9351 953.7831 149.5399 -879.9286 930.7247 155.3235 -864.5953 930.7247 158.9122 -861.5173 930.7247 159.5795 -852.2562 930.7247 161.4527 -855.3478 930.7247 160.8512 -849.1597 930.7247 162.0291 -764.5139 930.7247 158.382 -764.8171 930.7247 158.2543 -790.1316 907.6663 159.4509 -819.4617 930.7247 153.8505 -845.645 907.6663 154.8041 -824.8036 930.7247 153.7607 -859.2431 930.7247 153.5955 -852.7078 930.7247 153.6382 -862.5104 930.7247 153.5562 -875.575 930.7247 153.1835 -872.3102 930.7247 153.319 -882.0984 930.7247 152.7895 -757.1859 953.7831 163.8138 -731.6585 976.8416 162.2271 -758.4872 953.7831 163.9602 -734.212 976.8416 162.4919 -759.7899 953.7831 164.0945 -736.7698 976.8416 162.7121 -762.3984 953.7831 164.3285 -765.0107 953.7831 164.5193 -767.6255 953.7831 164.6697 -770.2424 953.7831 164.7822 -772.8606 953.7831 164.8594 -775.4796 953.7831 164.9028 -778.0989 953.7831 164.9121 -754.7278 976.8416 163.225 -780.7182 953.7831 164.8883 -757.2946 976.8416 163.1673 -783.337 953.7831 164.8308 -759.8604 976.8416 163.0775 -785.9548 953.7831 164.7397 -788.5712 953.7831 164.6159 -764.988 976.8416 162.8059 -791.186 953.7831 164.4606 -767.5491 976.8416 162.6255 -793.7988 953.7831 164.2743 -770.108 976.8416 162.4165 -796.4092 953.7831 164.0579 -772.6646 976.8416 162.1805 -799.0171 953.7831 163.8131 -775.2185 976.8416 161.9187 -801.6223 953.7831 163.5412 -777.7699 976.8416 161.6321 -804.2246 953.7831 163.2434 -780.3184 976.8416 161.3219 -806.8239 953.7831 162.9209 -782.8641 976.8416 160.9892 -809.4202 953.7831 162.5747 -785.4069 976.8416 160.635 -812.0134 953.7831 162.2061 -787.9467 976.8416 160.2602 -814.6034 953.7831 161.816 -790.4835 976.8416 159.8655 -817.1901 953.7831 161.4051 -793.0173 976.8416 159.4517 -819.7736 953.7831 160.9743 -795.5479 976.8416 159.0193 -822.3538 953.7831 160.5242 -798.528 976.8416 158.4865 -825.3921 953.7831 159.9696 -801.5038 976.8416 157.9303 -828.4258 953.7831 159.3907 -804.4755 976.8416 157.3522 -831.4551 953.7831 158.7892 -807.4431 976.8416 156.7536 -834.4802 953.7831 158.1665 -810.4066 976.8416 156.1356 -837.501 953.7831 157.5239 -813.3663 976.8416 155.4995 -840.5178 953.7831 156.8629 -816.3224 976.8416 154.8467 -843.5309 953.7831 156.1848 -819.2751 976.8416 154.1783 -846.5404 953.7831 155.491 -822.2244 976.8416 153.4954 -849.5466 953.7831 154.7828 -825.1706 976.8416 152.7992 -852.5496 953.7831 154.0614 -828.1136 976.8416 152.0893 -831.0531 976.8416 151.3645 -833.9883 976.8416 150.6235 -861.5382 953.7831 151.8126 -846.1724 930.7247 153.654 -840.8303 930.7247 153.6627 -835.4882 930.7247 153.6771 -830.1459 930.7247 153.7063 -842.9224 907.6663 154.8644 -846.2982 907.6663 167.5718 -819.088 907.6663 167.9461 -821.8081 907.6663 168.0751 -808.2407 907.6663 166.9871 -809.5923 907.6663 167.1501 -810.9454 907.6663 167.2996 -804.1978 907.6663 166.412 -805.5432 907.6663 166.6187 -806.8909 907.6663 166.8102 -801.5161 907.6663 165.9442 -802.8552 907.6663 166.1878 -793.6104 907.6663 163.9357 -794.2548 907.6663 164.1528 -794.9031 907.6663 164.3583 -796.2094 907.6663 164.7384 -792.3359 907.6663 163.4615 -792.9703 907.6663 163.7059 -788.7263 907.6663 160.6944 -788.7349 907.6663 160.8625 -788.7747 907.6663 161.0275 -789.3836 907.6663 159.8183 -789.1832 907.6663 159.9596 -789.1206 907.6663 160.0112 -788.9503 907.6663 160.1818 -788.8773 907.6663 160.2771 -764.2242 930.7247 158.5329 -790.4465 907.6663 159.3335 -796.765 907.6663 158.0815 -798.1129 907.6663 157.8987 -799.463 907.6663 157.7298 -800.8145 907.6663 157.5715 -818.4422 907.6663 156.0242 -815.726 907.6663 156.2175 -813.0111 907.6663 156.4249 -823.8774 907.6663 155.6762 -821.1594 907.6663 155.8441 -840.2 907.6663 154.9382 -837.4781 907.6663 155.0257 -834.7567 907.6663 155.1279 -727.8393 976.8416 161.7368 -729.1107 976.8416 161.9133 -730.3838 976.8416 162.0766 -724.0405 976.8416 161.1094 -725.3038 976.8416 161.3358 -726.5702 976.8416 161.5449 -720.2775 976.8416 160.2969 -721.5261 976.8416 160.5936 -716.5928 976.8416 159.1885 -717.1979 976.8416 159.4015 -714.8213 976.8416 158.4398 -715.4011 976.8416 158.7139 -715.9932 976.8416 158.9606 -713.7344 976.8416 157.7634 -713.1335 976.8416 156.6893 -713.6238 976.8416 156.1053 -713.4292 976.8416 156.2381 -713.3409 976.8416 156.3158 -713.2622 976.8416 156.4035 -713.1799 976.8416 156.5377 -714.1986 976.8416 155.8396 -713.9053 976.8416 155.962 -713.6924 976.8416 156.0665 -720.9763 976.8416 154.67 -719.7023 976.8416 154.8229 -718.4305 976.8416 154.9915 -733.7607 976.8416 153.5446 -729.9211 976.8416 153.8367 -751.7002 976.8416 152.4802 -792.7665 976.8416 151.6284 -782.4976 976.8416 151.7154 -811.6089 976.8416 151.3336 -828.8552 976.8416 150.3928 -827.2906 976.8416 150.5287 -825.725 976.8416 150.6516 -824.1584 976.8416 150.7628 -833.5399 976.8416 149.8941 -831.9801 976.8416 150.0771 -830.4184 976.8416 150.2428 -740.1232 953.7831 156.8489 -739.6588 953.7831 156.9954 -739.3563 953.7831 157.1108 -739.0647 953.7831 157.2475 -738.856 953.7831 157.3642 -738.7894 953.7831 157.4072 -738.6029 953.7831 157.5526 -738.5197 953.7831 157.6362 -738.4466 953.7831 157.7291 -738.3715 953.7831 157.8688 -738.3312 953.7831 158.0243 -738.3317 953.7831 158.1866 -738.3666 953.7831 158.3462 -738.4273 953.7831 158.4981 -738.5536 953.7831 158.7083 -738.7635 953.7831 158.9586 -740.043 953.7831 159.8286 -740.6307 953.7831 160.1154 -741.2315 953.7831 160.3738 -741.8405 953.7831 160.6128 -742.4554 953.7831 160.8363 -743.0751 953.7831 161.0461 -744.3259 953.7831 161.4314 -745.5881 953.7831 161.7774 -746.8594 953.7831 162.0897 -748.1374 953.7831 162.3735 -749.4206 953.7831 162.6331 -750.7079 953.7831 162.8719 -751.9985 953.7831 163.0925 -753.2921 953.7831 163.2952 -754.5881 953.7831 163.4818 -755.8862 953.7831 163.6545 -748.84 953.7831 155.5098 -747.5389 953.7831 155.6528 -746.2392 953.7831 155.8072 -744.9415 953.7831 155.9758 -743.6465 953.7831 156.1621 -742.3555 953.7831 156.3708 -741.3918 953.7831 156.5497 -740.5952 953.7831 156.7242 -819.4694 953.7831 152.6412 -814.2312 953.7831 152.6669 -808.9929 953.7831 152.6963 -803.7545 953.7831 152.7379 -798.5162 953.7831 152.8016 -793.2784 953.7831 152.8968 -788.0414 953.7831 153.0329 -782.8057 953.7831 153.215 -777.572 953.7831 153.4454 -772.3405 953.7831 153.7188 -767.1111 953.7831 154.0305 -764.4975 953.7831 154.2018 -759.2729 953.7831 154.5789 -755.3573 953.7831 154.8951 -751.4451 953.7831 155.247 -865.8181 953.7831 150.2808 -865.0317 953.7831 150.4338 -861.0721 953.7831 151.0324 -859.4802 953.7831 151.2144 -856.2911 953.7831 151.5261 -854.6945 953.7831 151.6591 -853.0968 953.7831 151.7787 -851.4983 953.7831 151.8861 -848.2993 953.7831 152.0686 -845.0983 953.7831 152.2139 -841.8962 953.7831 152.3279 -838.6932 953.7831 152.4167 -835.4897 953.7831 152.4848 -832.2859 953.7831 152.5361 -825.8779 953.7831 152.6026 -868.1605 953.7831 149.7443 -768.3428 930.7247 162.4909 -768.9768 930.7247 162.6984 -769.6145 930.7247 162.8948 -770.8988 930.7247 163.2579 -772.1926 930.7247 163.5858 -773.4938 930.7247 163.8839 -774.8007 930.7247 164.1569 -776.1121 930.7247 164.408 -777.4268 930.7247 164.6402 -778.7449 930.7247 164.8536 -780.0657 930.7247 165.0502 -781.3885 930.7247 165.2323 -782.7133 930.7247 165.4005 -784.0397 930.7247 165.5551 -785.3676 930.7247 165.6971 -788.0271 930.7247 165.9449 -790.6904 930.7247 166.1476 -793.3568 930.7247 166.3079 -796.0253 930.7247 166.4287 -798.6952 930.7247 166.5124 -801.366 930.7247 166.5608 -804.0373 930.7247 166.5736 -806.7086 930.7247 166.5516 -809.3793 930.7247 166.4944 -812.0491 930.7247 166.4019 -814.7175 930.7247 166.2751 -817.384 930.7247 166.1154 -820.0485 930.7247 165.923 -822.7104 930.7247 165.6992 -825.3696 930.7247 165.4456 -828.0261 930.7247 165.1637 -830.6793 930.7247 164.8547 -833.3295 930.7247 164.5198 -835.9763 930.7247 164.1602 -838.6199 930.7247 163.7772 -841.26 930.7247 163.3717 -843.8967 930.7247 162.9448 -846.53 930.7247 162.497 -858.4348 930.7247 160.2262 -867.6693 930.7247 158.2262 -870.7394 930.7247 157.5229 -873.8057 930.7247 156.8038 -876.8687 930.7247 156.0702 -764.9734 930.7247 161.0555 -765.2648 930.7247 161.2175 -765.8603 930.7247 161.5169 -766.4699 930.7247 161.7871 -767.0882 930.7247 162.0372 -767.7129 930.7247 162.2711 -778.1346 930.7247 156.2015 -775.4783 930.7247 156.4733 -774.1515 930.7247 156.6198 -772.8259 930.7247 156.7757 -771.5021 930.7247 156.9444 -770.1807 930.7247 157.1288 -768.8625 930.7247 157.3327 -767.5492 930.7247 157.5616 -766.57 930.7247 157.7588 -765.9226 930.7247 157.9102 -765.2849 930.7247 158.0912 -764.0195 930.7247 158.6619 -763.955 930.7247 158.7092 -763.7766 930.7247 158.8672 -763.6985 930.7247 158.9566 -763.6309 930.7247 159.0547 -763.5631 930.7247 159.2 -763.5287 930.7247 159.3593 -763.5333 930.7247 159.5246 -763.5707 930.7247 159.6869 -763.6329 930.7247 159.8416 -763.7603 930.7247 160.0568 -763.9152 930.7247 160.253 -790.1118 930.7247 155.2096 -787.4479 930.7247 155.4045 -784.7852 930.7247 155.6132 -780.7935 930.7247 155.9535 -808.7812 930.7247 154.1714 -806.1122 930.7247 154.2847 -803.4438 930.7247 154.4106 -798.1089 930.7247 154.6975 -792.7767 930.7247 155.0274 -814.1207 930.7247 153.9855 -811.4507 930.7247 154.0718 -880.4686 930.7247 152.9058 -878.8381 930.7247 153.0095 -869.0442 930.7247 153.4223 -865.7775 930.7247 153.4999</float_array>
          <technique_common>
            <accessor source="#left_aileron-mesh-positions-array" count="672" stride="3">
              <param name="X" type="float"/>
              <param name="Y" type="float"/>
              <param name="Z" type="float"/>
            </accessor>
          </technique_common>
        </source>
        <source id="left_aileron-mesh-normals">
          <float_array id="left_aileron-mesh-normals-array" count="4614">-0.553189 -0.8299098 0.0723319 -0.5531883 -0.8299102 0.07233256 -0.5531882 -0.8299103 0.07233107 -0.5530008 -0.8302963 0.06926929 -0.5529788 -0.8303185 0.06917858 -0.5530006 -0.8302964 0.06926929 -0.5531257 -0.8300541 0.07115095 -0.5530635 -0.8302085 0.06981903 -0.5530614 -0.8302096 0.06982266 -0.5530471 -0.8302161 0.06985914 -0.5531713 -0.8301004 0.07024818 -0.5530536 -0.8302289 0.069655 -0.5530099 -0.8302041 0.07029372 -0.5530582 -0.830214 0.06979501 -0.5530554 -0.8301738 0.0702939 -0.5530553 -0.8301739 0.0702939 -0.5530619 -0.8301816 0.07015025 -0.5530064 -0.8302413 0.06988036 -0.5528636 -0.83041 0.06900227 -0.5528636 -0.83041 0.06900221 -0.5528637 -0.8304099 0.06900197 -0.55313 -0.8300148 0.07157319 -0.5528814 -0.8304269 0.06865507 -0.5529945 -0.830314 0.06910711 -0.5530073 -0.8302829 0.06937944 -0.5530132 -0.830271 0.06947457 -0.5530073 -0.8302829 0.06937932 -0.5530706 -0.8301942 0.06993228 -0.5530775 -0.8301614 0.07026618 -0.5530083 -0.8302428 0.06984806 -0.5530819 -0.8301797 0.07001596 -0.5530819 -0.8301796 0.0700162 -0.5530819 -0.8301798 0.07001543 -0.5527498 -0.8305104 0.06870418 -0.5527498 -0.8305104 0.06870418 -0.5527499 -0.8305104 0.06870406 -0.5530791 -0.8301547 0.0703333 -0.5530968 -0.8301054 0.07077473 -0.5530968 -0.8301054 0.07077479 -0.5530968 -0.8301054 0.07077473 -0.5530433 -0.8301726 0.07040381 -0.5530706 -0.8301469 0.07049226 -0.5530433 -0.8301725 0.07040393 -0.5530961 -0.830186 0.06982928 -0.5530381 -0.830221 0.06987214 -0.553022 -0.8302545 0.06960117 -0.5530219 -0.8302545 0.06960117 -0.5541636 -0.8278044 0.08742356 -0.554159 -0.8278081 0.08741778 -0.5541609 -0.8278062 0.08742177 -0.5529449 -0.830401 0.06845533 -0.5529441 -0.8304014 0.06845718 -0.552946 -0.8303963 0.06850415 -0.5530483 -0.8301982 0.07006305 -0.5530481 -0.8302063 0.0699675 -0.553048 -0.8302063 0.0699675 -0.5529763 -0.8301919 0.07070118 -0.5530985 -0.8301368 0.07039356 -0.552919 -0.8302864 0.07003718 -0.552919 -0.8302864 0.0700373 -0.5529192 -0.8302863 0.07003736 -0.5530204 -0.8302388 0.06980031 -0.5530119 -0.830257 0.06965172 -0.5530118 -0.8302571 0.06965178 -0.5530118 -0.8302571 0.06965166 -0.5530609 -0.8301842 0.07012844 -0.5530093 -0.8302177 0.0701397 -0.5531396 -0.8301425 0.07000023 -0.5530632 -0.8301986 0.06994014 -0.5530393 -0.830233 0.06971973 -0.5530851 -0.8301926 0.06983631 -0.5529888 -0.8302264 0.07019644 -0.5530222 -0.8302361 0.06981825 -0.5531249 -0.83015 0.07002747 -0.5530698 -0.8301905 0.06998312 -0.5530119 -0.8302785 0.06939351 -0.5530079 -0.8302807 0.06939989 -0.553008 -0.8302806 0.06940019 -0.5530079 -0.8302806 0.06940025 -0.5530644 -0.8301868 0.07006961 -0.5530436 -0.8301946 0.07014161 -0.5530435 -0.8301947 0.07014173 -0.5530436 -0.8301946 0.07014167 -0.5529629 -0.8303528 0.0688942 -0.5529614 -0.8303458 0.06899017 -0.5529628 -0.8303529 0.0688945 -0.5531077 -0.8301387 0.07029736 -0.5531075 -0.8301388 0.07029771 -0.5531077 -0.8301387 0.07029765 -0.5531011 -0.8301194 0.07057654 -0.5531012 -0.8301194 0.0705766 -0.5531012 -0.8301194 0.0705766 -0.5530372 -0.8302146 0.06995433 -0.5530372 -0.8302146 0.06995475 -0.5530372 -0.8302146 0.06995457 -0.5529584 -0.8303532 0.06892555 -0.5529583 -0.8303532 0.06892573 -0.5529584 -0.8303532 0.06892567 -0.5529474 -0.8303973 0.06848049 -0.5529476 -0.8303971 0.0684815 -0.5529475 -0.8303972 0.06848108 -0.553237 -0.829831 0.07286626 -0.5532367 -0.8298311 0.07286709 -0.5532368 -0.8298311 0.07286667 -0.5529466 -0.8303711 0.06880509 -0.5529432 -0.8303692 0.06885391 -0.5529434 -0.8303692 0.06885343 -0.5530318 -0.8302178 0.06995898 -0.5530319 -0.8302177 0.06995922 -0.5530319 -0.8302177 0.06995928 -0.5530549 -0.8301938 0.07006257 -0.5530548 -0.8301938 0.07006257 -0.5530465 -0.8302482 0.06948137 -0.5528895 -0.8304601 0.06818461 -0.5528896 -0.8304603 0.06818431 -0.5528895 -0.8304602 0.06818455 -0.5530217 -0.8303038 0.06901234 -0.5530206 -0.8303006 0.06906026 -0.5530205 -0.8303006 0.06905996 -0.5530942 -0.8302245 0.06938397 -0.553107 -0.8299495 0.07250285 -0.553107 -0.8299494 0.07250267 -0.553107 -0.8299495 0.07250285 -0.5529338 -0.8303509 0.06915122 -0.5530095 -0.8302531 0.06971704 -0.5530095 -0.8302531 0.06971704 -0.5530095 -0.8302531 0.06971704 -0.5529938 -0.8302535 0.06983554 -0.5530014 -0.8302873 0.06937265 -0.5530959 -0.8301411 0.0703628 -0.5530958 -0.8301411 0.07036286 -0.5530959 -0.8301411 0.07036286 -0.5530536 -0.8301935 0.07007622 -0.5530536 -0.8301935 0.07007616 -0.5530536 -0.8301935 0.07007628 -0.5530764 -0.8301802 0.07005357 -0.5530765 -0.8301802 0.07005357 -0.5530764 -0.8301802 0.07005351 -0.5529114 -0.8303115 0.06979978 -0.5530132 -0.8302103 0.07019639 -0.5530132 -0.8302103 0.07019639 -0.5530131 -0.8302103 0.07019639 -0.553062 -0.8301855 0.07010358 -0.5530382 -0.8302273 0.06979554 -0.5530366 -0.830201 0.07012146 -0.5530365 -0.830201 0.07012146 -0.5530366 -0.830201 0.07012146 -0.5530585 -0.8302289 0.06961661 -0.5530585 -0.8302289 0.06961673 -0.5530585 -0.8302288 0.06961673 -0.553038 -0.8302192 0.06989371 -0.553043 -0.8301942 0.07015067 -0.5530388 -0.8302494 0.06952804 -0.5530377 -0.8302185 0.0699042 -0.5530607 -0.830187 0.07009816 -0.5530437 -0.8302068 0.06999611 -0.5530697 -0.8301849 0.07004994 -0.5530382 -0.8302382 0.06966555 -0.5530415 -0.8301976 0.0701217 -0.5530196 -0.8302097 0.07015091 -0.5530196 -0.8302099 0.07015097 -0.5530197 -0.8302098 0.07015091 -0.5530291 -0.8302391 0.06972664 -0.5530292 -0.8302392 0.06972664 -0.5530292 -0.8302392 0.06972664 -0.553015 -0.8302388 0.06984299 -0.5530151 -0.8302388 0.06984305 -0.5530149 -0.8302388 0.06984299 -0.5530384 -0.8302192 0.0698899 -0.5530398 -0.8301984 0.07012659 -0.5531681 -0.8301584 0.06958472 -0.5531681 -0.8301585 0.06958472 -0.5531681 -0.8301585 0.06958472 -0.5530292 -0.830219 0.06996679 -0.5530292 -0.830219 0.06996685 -0.5530292 -0.830219 0.06996679 -0.5529842 -0.8302695 0.06972217 -0.5530569 -0.8301834 0.07016867 -0.5530458 -0.8301967 0.07009959 -0.5530606 -0.830228 0.06961041 -0.5530115 -0.8302494 0.06974452 -0.5530115 -0.8302494 0.06974452 -0.5530115 -0.8302494 0.06974452 -0.5529907 -0.8302464 0.06994456 -0.5529225 -0.8303032 0.06981104 -0.5529226 -0.830303 0.06981158 -0.5529224 -0.8303032 0.06981074 -0.5531758 -0.8301463 0.06966942 -0.5531759 -0.8301462 0.06966954 -0.5531759 -0.8301461 0.06966972 -0.5530944 -0.8302032 0.06963694 -0.5530945 -0.8302032 0.069637 -0.5530944 -0.8302032 0.06963694 -0.553072 -0.8301671 0.07024151 -0.553072 -0.8301672 0.07024157 -0.5530722 -0.8301671 0.07024163 -0.5530369 -0.8302174 0.06992429 -0.5530369 -0.8302174 0.06992435 -0.5530524 -0.8302224 0.06974053 -0.5530399 -0.8302062 0.07003372 -0.5530399 -0.8302062 0.07003372 -0.5530399 -0.8302062 0.07003372 -0.5530604 -0.8302069 0.06986379 -0.5530558 -0.8302178 0.06976866 -0.5530604 -0.8302068 0.06986379 -0.5530372 -0.8302768 0.06921374 -0.5530658 -0.8301777 0.07016712 -0.5530656 -0.8301778 0.07016712 -0.5530657 -0.8301777 0.07016712 -0.5531194 -0.8301485 0.07009029 -0.5531194 -0.8301484 0.07009029 -0.5531194 -0.8301485 0.07009029 -0.5530086 -0.830268 0.06954538 -0.5530086 -0.830268 0.0695455 -0.5530086 -0.8302721 0.06949758 -0.5531193 -0.8301157 0.07047659 -0.5531082 -0.8301352 0.07033455 -0.553112 -0.8301287 0.07038187 -0.5529753 -0.8302068 0.07053393 -0.5530351 -0.8302276 0.06981676 -0.5530356 -0.8302232 0.06986486 -0.5530352 -0.8302275 0.06981664 -0.5529597 -0.8303208 0.0693044 -0.5529667 -0.83032 0.06925714 -0.5529595 -0.8303209 0.0693047 -0.5530778 -0.8302698 0.06897139 -0.5531638 -0.8300264 0.07117706 -0.5531639 -0.8300263 0.07117736 -0.5531639 -0.8300263 0.07117784 -0.5530379 -0.8301842 0.07030957 -0.5530378 -0.8301843 0.07030963 -0.5530699 -0.8301705 0.07022017 -0.5530868 -0.8302507 0.0691303 -0.5531225 -0.8301218 0.0703808 -0.5531226 -0.8301217 0.07038092 -0.5531226 -0.8301216 0.0703808 -0.5528218 -0.8303166 0.07044428 -0.5528205 -0.8303171 0.07044827 -0.5528099 -0.8303211 0.07048636 -0.5531063 -0.8300945 0.07082808 -0.5530673 -0.8301132 0.07091403 -0.5530478 -0.8301225 0.0709573 -0.5530204 -0.8302164 0.07006692 -0.5530205 -0.8302162 0.0700671 -0.5530215 -0.8302075 0.07016229 -0.5531839 -0.8301002 0.07015264 -0.5531838 -0.8301001 0.07015264 -0.5531838 -0.8301002 0.07015264 -0.5530166 -0.8301997 0.0702936 -0.5531362 -0.8300656 0.07093447 -0.5531491 -0.830065 0.07083958 -0.5531361 -0.8300656 0.07093453 -0.5529474 -0.8302311 0.07046633 -0.5534126 -0.829858 0.07120561 -0.5534125 -0.8298581 0.07120573 -0.5534126 -0.829858 0.07120567 0 1 0 0 1 4.67849e-6 0 1 2.2291e-5 0 1 -9.36715e-6 0 1 -1.74825e-5 0 1 -1.25539e-5 0 1 -1.31803e-5 0 1 -1.30608e-5 0 1 -1.35575e-5 0 1 1.72838e-5 0 1 -7.44881e-6 0 1 -7.7688e-6 0 1 -1.91844e-5 0 1 8.2765e-6 0 1 -1.12153e-5 0 1 2.11142e-5 0 1 -2.62189e-5 0 1 -2.38109e-6 0 1 6.52193e-5 0 1 6.51716e-5 0 1 6.52225e-5 -1.02633e-5 1 8.75821e-6 -1.05316e-5 1 8.82012e-6 -1.3747e-5 1 8.77157e-6 0 1 7.88404e-5 0 1 7.89002e-5 0 1 7.89447e-5 0 1 -1.48434e-4 0 1 1.19275e-4 0 1 -9.12909e-5 0 1 5.25504e-5 0 1 -6.78426e-5 3.35569e-4 1 0 3.35569e-4 1 0 3.35569e-4 1 0 0 1 -5.19788e-5 0 1 1.43184e-5 -3.35569e-4 1 0 -3.35569e-4 1 0 -3.35569e-4 1 0 0 1 2.60661e-5 0 1 -2.23534e-5 0 1 1.20285e-5 0 1 -1.09803e-5 0 1 6.37755e-6 0 1 2.05137e-5 0 1 -5.03992e-6 0 1 -1.41379e-5 0 1 1.24874e-5 0 1 -1.39626e-5 0 1 -1.39729e-5 0 1 -1.39489e-5 0 1 -1.0485e-5 0 1 9.8147e-6 0 1 3.94895e-6 0 1 2.5e-5 0 1 5.8647e-5 0 1 -2.7171e-5 0 1 -6.15418e-5 0 1 1.11601e-4 0 1 -1.1914e-4 -4.15948e-5 1 2.08273e-5 -4.15914e-5 1 2.08321e-5 -4.1642e-5 1 2.08381e-5 -4.16277e-5 1 -7.31143e-5 -4.16287e-5 1 -7.31976e-5 -4.16044e-5 1 -7.31534e-5 0 1 1.99035e-4 0 1 -9.29047e-6 0 1 -9.3476e-6 0 1 -9.31727e-6 0.2643793 -0.3612324 -0.8942118 -0.2380573 0.3312361 0.9130233 0.08927083 -0.1320999 -0.9872084 0.08598035 -0.1510552 -0.9847791 -0.2349223 0.3182407 0.9184413 -0.2321097 0.3253663 0.9166581 -0.06459426 0.1429946 0.9876134 -0.05970197 0.1407515 0.9882433 -0.05359309 0.1301077 0.9900504 -0.04723143 0.1261765 0.9908828 -0.03956633 0.1149673 0.9925811 -0.03425562 0.1112808 0.9931985 -0.02671825 0.1012905 0.9944981 -0.02079272 0.09615123 0.9951496 -0.01584899 0.08925688 0.9958826 -0.007373154 0.08074951 0.9967072 -0.004080235 0.07598286 0.9971008 0.005930542 0.06566554 0.9978241 0.009462416 0.06067091 0.998113 0.01958233 0.05022847 0.9985458 0.02406674 0.0440852 0.9987379 0.07876598 -0.01711344 0.9967463 0.08326601 -0.02299553 0.9962621 0.2036623 -0.1606084 0.9657778 0.2075021 -0.1647242 0.964266 0.221542 -0.1809669 0.958212 0.2256453 -0.1854641 0.9563928 0.2377929 -0.1997264 0.9505599 0.376392 -0.3598203 0.8537321 0.3852433 -0.3698113 0.8454747 0.411846 -0.4011609 0.818201 0.4192441 -0.409535 0.8102564 0.4782585 -0.4788717 0.736173 0.555166 -0.5712975 0.6044915 0.555165 -0.5712987 0.6044914 0.555166 -0.5712975 0.6044915 0.5697731 -0.5889602 0.5731357 0.5915085 -0.6163277 0.5198635 0.6091448 -0.6382142 0.4707708 0.6091449 -0.6382142 0.4707708 0.6091449 -0.6382142 0.4707708 0.6243492 -0.6580243 0.420942 0.6243492 -0.6580242 0.420942 0.6243433 -0.6579509 0.4210655 0.6371652 -0.6745368 0.3728546 0.6461874 -0.6868507 0.3326832 0.644751 -0.7190903 -0.2592397 0.644751 -0.7190903 -0.2592397 0.6448062 -0.7191576 -0.2589157 0.399922 -0.4794641 -0.7811381 0.4103679 -0.4900659 -0.7690472 0.4103679 -0.490066 -0.7690473 0.4104396 -0.4901502 -0.7689553 0.2337803 -0.3037542 -0.9236234 0.1971477 -0.264343 -0.9440634 0.1971478 -0.264343 -0.9440634 0.1971478 -0.264343 -0.9440634 0.1778337 -0.2431179 -0.953556 0.1798257 -0.2451732 -0.9526557 0.1589239 -0.2223281 -0.9619321 0.1596685 -0.223089 -0.9616326 0.1054385 -0.1622387 -0.9811021 0.09682458 -0.1520453 -0.9836195 0.09444028 -0.1496035 -0.9842255 0.08833312 -0.1419081 -0.9859307 0.05391764 -0.1023588 -0.9932852 0.047876 -0.09516519 -0.9943096 -0.05402654 0.1326036 0.9896957 0.002287447 0.06906902 0.9976093 0.006262898 0.06488615 0.9978731 0.01489877 0.05482608 0.9983848 0.01819628 0.05133885 0.9985156 0.02750885 0.04052442 0.9987999 0.03033399 0.03755968 0.9988339 0.04056698 0.02569061 0.9988465 0.04262501 0.02353936 0.9988138 0.05472463 0.009620845 0.9984552 0.05530172 0.009025871 0.998429 0.1909462 -0.1462175 0.9706494 0.2769767 -0.2453446 0.9290264 0.2812237 -0.2501245 0.9264724 0.4709131 -0.4706799 0.7461242 0.479306 -0.4804722 0.734447 0.4793059 -0.4804722 0.734447 0.4791789 -0.4802567 0.7346707 0.5950998 -0.6206818 0.5105002 0.6286476 -0.6634155 0.4058104 0.6286476 -0.6634155 0.4058103 0.6286476 -0.6634155 0.4058103 0.633782 -0.6703566 0.3859307 0.633782 -0.6703566 0.3859307 0.633782 -0.6703566 0.3859305 0.6534392 -0.6970347 0.2952286 0.6589776 -0.7052446 0.2614931 0.6695893 -0.721621 0.1758216 0.6695893 -0.721621 0.1758217 0.6724228 -0.7269067 0.1394789 0.6724059 -0.7270119 0.1390115 0.6755695 -0.7348278 0.06028264 0.23218 -0.3029969 -0.9242755 0.1768055 -0.2436433 -0.9536131 0.187816 -0.2551269 -0.9484912 0.1522576 -0.2167354 -0.964284 0.1627462 -0.2276334 -0.9600504 0.09250599 -0.148349 -0.9845991 0.06269752 -0.1132274 -0.991589 0.06388497 -0.1143604 -0.9913831 0.05706274 -0.106329 -0.9926924 0.05682349 -0.1060822 -0.9927324 0.05264604 -0.1009445 -0.9934982 0.03461551 -0.0805127 -0.9961524 0.03161418 -0.07682156 -0.9965435 0.02662611 -0.07152938 -0.9970831 0.02485805 -0.06924563 -0.9972899 0.01956492 -0.06377941 -0.9977722 0.01809442 -0.06192386 -0.9979169 0.01419514 -0.05811566 -0.998209 0.01436704 -0.06183892 -0.9979828 0.0207194 -0.07013839 -0.9973221 0.02006983 -0.06941854 -0.9973857 0.02726536 -0.07843697 -0.9965462 0.038652 -0.09280145 -0.9949342 0.03952783 -0.09378069 -0.994808 0.04608833 -0.1021646 -0.9936993 0.04907846 -0.1055454 -0.9932027 0.05669504 -0.115206 -0.9917224 0.1550794 -0.2327634 -0.9600894 0.1741325 -0.2555701 -0.9509795 0.181186 -0.2636178 -0.9474583 0.195469 -0.2808482 -0.9396363 0.2158153 -0.3047862 -0.9276471 0.2373141 -0.3299044 -0.9136987 0.2129076 -0.3013041 -0.9294548 -0.2435828 0.3378424 0.909137 -0.2423694 0.3361105 0.9101027 -0.2296678 0.3221599 0.918404 0.4784774 -0.4792003 0.7358169 0.5163239 -0.5246142 0.6768971 0.5185828 -0.5271873 0.6731609 0.1297851 -0.2029363 -0.9705529 0.1513492 -0.2286694 -0.9616672 0.1527037 -0.2301478 -0.9611002 0.2129158 -0.3013874 -0.929426 0.253723 -0.3490702 -0.9020946 -0.2282969 0.3223925 0.918664 -0.206474 0.2980831 0.9319416 -0.2024548 0.2947361 0.9338859 -0.1836276 0.274593 0.9438642 -0.1816368 0.2719382 0.9450173 -0.1763674 0.2669488 0.9474349 0.3999308 -0.4794435 -0.7811462 0.3506485 -0.4282489 -0.8328557 0.3487907 -0.4262141 -0.8346776 0.01677876 -0.06032502 -0.9980378 0.006528973 -0.05337095 -0.9985535 0.007329523 -0.05404126 -0.9985119 0.0119965 -0.06039035 -0.9981028 0.04127007 -0.09711384 -0.9944173 0.07888108 -0.140843 -0.9868846 0.259276 -0.3554584 -0.8980119 0.2586565 -0.3547502 -0.8984705 0.253682 -0.3491626 -0.9020704 0.2667034 -0.3640611 -0.8923727 0.1116253 -0.05530399 0.9922103 0.1030399 -0.04520457 0.9936496 0.1024562 -0.04458826 0.9937378 0.08574086 -0.02589362 0.995981 0.08931368 -0.0294668 0.9955676 0.06972795 -0.007565379 0.9975374 0.07283532 -0.01070702 0.9972865 0.05472826 0.009556055 0.9984557 0.05741912 0.006847918 0.9983267 0.04056495 0.02568054 0.9988468 0.0429477 0.02330034 0.9988056 0.02751749 0.04055231 0.9987985 0.02943599 0.03860443 0.998821 0.01489949 0.05487906 0.9983819 0.01654118 0.05321198 0.9984462 0.002303838 0.06915658 0.9976032 0.003532707 0.06790047 0.9976859 -0.009970068 0.08301961 0.9964981 -0.00905627 0.08210313 0.9965828 -0.02236068 0.09698545 0.9950346 -0.02184557 0.09646254 0.9950969 -0.03477305 0.1109157 0.9932214 -0.0345664 0.1107178 0.9932507 -0.04671865 0.1243258 0.9911411 -0.04690045 0.1244984 0.9911108 -0.05814796 0.1370863 0.988851 -0.05872517 0.1376687 0.988736 -0.06946575 0.1497121 0.9862865 -0.07032239 0.150563 0.9860962 -0.08032345 0.1617717 0.9835538 -0.08151799 0.1629722 0.9832573 -0.09052354 0.1730837 0.9807382 -0.09202951 0.1745823 0.9803324 -0.1002239 0.1837816 0.9778443 -0.1020109 0.1855714 0.9773214 -0.1095164 0.1939966 0.97487 -0.1114833 0.1959857 0.974249 -0.1182859 0.2036228 0.9718777 -0.1205053 0.205864 0.9711326 -0.1266261 0.2127398 0.9688693 -0.1290688 0.2152121 0.9680006 -0.1345351 0.2213554 0.9658686 -0.1371504 0.2239982 0.9648911 -0.1421026 0.229567 0.9628634 -0.1448587 0.2323582 0.9617826 -0.1493362 0.2374162 0.9598606 -0.1523066 0.2403929 0.9586522 -0.1562602 0.2448707 0.9568809 -0.1593447 0.2479932 0.9555673 -0.1629847 0.2521108 0.9538743 -0.166141 0.2553126 0.9524772 -0.1699663 0.2596255 0.9506346 -0.1732506 0.2628991 0.9491409 -0.1770448 0.2671976 0.9472385 -0.1804644 0.2705811 0.9456313 -0.1836254 0.2741836 0.9439836 -0.1870997 0.2776394 0.9422898 -0.189791 0.2806968 0.9408448 -0.1933028 0.2842023 0.9390758 -0.1955774 0.2867757 0.9378215 -0.199099 0.2903092 0.9359916 -0.2009367 0.2923964 0.9349486 -0.2044396 0.2959018 0.9330844 -0.2058776 0.2975435 0.9322459 -0.2093634 0.3010342 0.930347 -0.2104685 0.3022939 0.9296889 -0.2138829 0.3057247 0.9277858 -0.2147184 0.3066811 0.9272772 -0.2179966 0.309985 0.9254117 -0.2186074 0.3106608 0.9250409 -0.2217659 0.3138614 0.9232069 -0.2225637 0.3147686 0.9227059 -0.2255772 0.3178169 0.9209274 -0.2268674 0.3193017 0.9200965 -0.2296562 0.3221298 0.9184173 -0.2315518 0.3243235 0.9171685 -0.2339971 0.3267987 0.9156681 -0.2358952 0.3289951 0.9143937 -0.2382442 0.3313797 0.9129224 -0.2382841 0.3314102 0.912901 -0.2417761 0.3349975 0.9106706 0.002670645 -0.04782557 -0.9988522 0.0024181 -0.04755371 -0.9988659 4.9422e-4 -0.04454046 -0.9990075 0.001630902 -0.04595178 -0.9989423 -2.71327e-4 -0.04284608 -0.9990817 0.002695441 -0.04610192 -0.9989332 5.88953e-4 -0.04313224 -0.9990692 0.005465388 -0.04909539 -0.9987792 0.00307691 -0.04545289 -0.9989618 0.01016098 -0.05361378 -0.9985101 0.008071303 -0.05064499 -0.9986842 0.01495581 -0.05868744 -0.9981644 0.01554137 -0.05525523 -0.9983513 0.02208638 -0.07032549 -0.9972796 0.02127367 -0.0662136 -0.9975787 -0.0814234 0.1625941 0.9833278 -0.07293349 0.1542286 0.9853397 -0.07199335 0.1546269 0.9853464 0.06813371 -0.005657374 0.9976602 0.06253206 0.00146228 0.9980419 0.0583586 0.005793094 0.9982789 0.04735326 0.01818901 0.9987126 0.04873889 0.01698762 0.9986672 0.03315907 0.03404849 0.99887 0.03721559 0.03069239 0.9988358 0.1194922 -0.06387913 0.9907781 0.1096666 -0.05336928 0.9925346 0.1130142 -0.05664873 0.9919773 0.09604531 -0.0370984 0.9946854 0.09826809 -0.03921991 0.9943869 0.1511071 -0.1001136 0.9834347 0.1400961 -0.08843576 0.9861807 0.1476153 -0.09576255 0.984398 0.1295714 -0.07576572 0.9886713 0.1305555 -0.07678943 0.9884628 0.1915104 -0.1463099 0.9705242 0.1774289 -0.1309273 0.9753856 0.1847253 -0.1383318 0.9730061 0.1636672 -0.1147854 0.979815 0.165492 -0.1167193 0.9792799 0.3066185 -0.2788056 0.9100839 0.2916499 -0.2620728 0.919923 0.3016202 -0.2728504 0.9135525 0.2713628 -0.2383801 0.9324899 0.2754402 -0.2426865 0.9301806 0.2468396 -0.2101112 0.946004 0.2542896 -0.2180138 0.9422351 0.361098 -0.3417847 0.8676356 0.3407602 -0.3187118 0.8844803 0.3507691 -0.3296639 0.8765174 0.322647 -0.2975037 0.8985491 0.3257704 -0.3009921 0.8962575 0.4666491 -0.4652909 0.7521591 0.4666491 -0.4652909 0.752159 0.4453808 -0.4403839 0.77955 0.4453808 -0.4403839 0.77955 0.4453807 -0.4403839 0.77955 0.4424158 -0.4368495 0.7832184 0.4983275 -0.5030882 0.7060964 0.5309312 -0.5413766 0.6519382 0.5222175 -0.5313884 0.6670197 0.6590492 -0.7304233 -0.1792653 0.6672963 -0.73565 -0.1163393 0.6672964 -0.73565 -0.1163392 0.6672962 -0.73565 -0.1163395 0.6712601 -0.7377926 -0.07121789 0.6757203 -0.7363588 0.03432106 0.6756659 -0.7364245 0.03398215 0.6756657 -0.7364245 0.03398209 0.675667 -0.7364234 0.03398203 0.6707828 -0.7237629 0.1619189 0.6707829 -0.7237629 0.1619189 0.6707825 -0.7237842 0.1618253 0.6715875 -0.7250722 0.1524485 0.6715875 -0.7250723 0.1524483 0.6715875 -0.7250723 0.1524482 0.6582902 -0.7041945 0.2660154 0.6607422 -0.7076362 0.2503411 0.4778118 -0.5592144 -0.6774771 0.5119434 -0.5935183 -0.6210073 0.5119434 -0.5935183 -0.6210073 0.5119435 -0.5935183 -0.6210074 0.52006 -0.6018129 -0.6061013 0.5491858 -0.6303824 -0.5486465 0.564709 -0.6456665 -0.5140218 0.5896466 -0.6694152 -0.4518854 0.6001082 -0.6794723 -0.4221228 0.6001082 -0.6794723 -0.4221229 0.6001081 -0.6794723 -0.422123 0.6167472 -0.6947136 -0.3701297 0.6167476 -0.6946457 -0.3702564 0.6167477 -0.6946457 -0.3702564 0.6333301 -0.7095822 -0.3088465 0.6333211 -0.7095704 -0.3088923 0.6333302 -0.7095819 -0.3088471 0.4678353 -0.5489633 -0.692654 0.442638 -0.5237904 -0.7278154 0.4430679 -0.5232588 -0.7279363 0.4041835 -0.4842537 -0.775973 0.2629771 -0.3352837 -0.9046701 0.2768136 -0.3496669 -0.895046 0.2985818 -0.3729451 -0.8784992 0.3207163 -0.396422 -0.8602271 0.3308346 -0.4070926 -0.8513661 0.3487818 -0.4259765 -0.8348026 0.3605277 -0.438364 -0.8233205 0.2304683 -0.3002984 -0.9255838 0.2113322 -0.2794888 -0.9366028 0.2037106 -0.2711513 -0.9407333 0.1441338 -0.2057297 -0.9679363 0.1442777 -0.2058779 -0.9678834 0.1318802 -0.1921405 -0.9724658 0.1304631 -0.1906884 -0.9729427 0.1220781 -0.1809672 -0.9758832 0.1061775 -0.1629565 -0.9809035 0.1145839 -0.1725211 -0.9783185 0.1172606 -0.1757619 -0.977424 0.07046455 -0.1212735 -0.9901149 0.075549 -0.1273663 -0.9889743 0.07631111 -0.128451 -0.9887756 0.08102691 -0.1335126 -0.9877293 0.08503979 -0.1386381 -0.9866852 0.05483943 -0.1029539 -0.9931734 0.06127899 -0.1108236 -0.9919492 0.06120425 -0.1107207 -0.9919652 0.0657019 -0.1156997 -0.991109 0.06803995 -0.1189072 -0.9905714 0.02702933 -0.07136875 -0.9970837 0.03203237 -0.08085596 -0.996211 0.0301364 -0.07536423 -0.9967006 0.03740179 -0.0833376 -0.9958193 0.03755068 -0.08361101 -0.9957908 0.04279297 -0.08947694 -0.9950692 0.04467546 -0.09251618 -0.9947085 -0.2186232 0.3102831 0.925164 -0.2180532 0.3096131 0.9255229 -0.2225849 0.3144964 0.9227937 -0.2229316 0.314927 0.922563 -0.2268985 0.318936 0.9202157 -0.2301427 0.3226925 0.918098 -0.2315782 0.3240466 0.9172598 -0.2342424 0.3269294 0.9155587 -0.2359165 0.3286971 0.9144953 -0.2058853 0.2973026 0.9323211 -0.2055609 0.2969022 0.9325201 -0.2104922 0.301824 0.9298362 -0.2130463 0.3047321 0.9283047 -0.2147413 0.3062444 0.9274161 -0.05814027 0.1369108 0.9888757 -0.06529295 0.1451745 0.9872493 -0.06947714 0.1495186 0.986315 -0.07609713 0.1571618 0.9846367 -0.08032935 0.1615785 0.9835851 -0.08645761 0.1686061 0.9818845 -0.09052664 0.1728366 0.9807816 -0.0963298 0.1795091 0.9790287 -0.1002389 0.1835483 0.9778867 -0.1057095 0.1898217 0.9761114 -0.1095177 0.1937335 0.9749222 -0.1146928 0.199666 0.9731286 -0.1183015 0.2033591 0.971931 -0.1231648 0.2089052 0.970149 -0.1266214 0.2124421 0.9689352 -0.1312316 0.2176646 0.9671611 -0.1345456 0.2210559 0.9659357 -0.1389377 0.2260373 0.9641596 -0.1421081 0.2292387 0.9629408 -0.1462825 0.2339702 0.961176 -0.1493519 0.2370768 0.959942 -0.1533336 0.2415665 0.9581934 -0.1562891 0.2445387 0.9569612 -0.1609904 0.2498359 0.954811 -0.1630054 0.2517843 0.953957 -0.1683095 0.2575907 0.9514825 -0.1699851 0.2592136 0.9507436 -0.1744963 0.2641952 0.9485526 -0.1770802 0.2667495 0.9473581 -0.1803437 0.2704191 0.9457007 -0.1836736 0.2737243 0.9441076 -0.1858561 0.2762475 0.9429448 -0.1898089 0.2802282 0.9409807 -0.1910226 0.2816415 0.9403129 -0.1955959 0.2863467 0.9379488 -0.1975835 0.2886717 0.9368188 -0.2009538 0.2919009 0.9350997 -0.02844196 0.1039146 0.9941796 -0.0364598 0.1126525 0.9929654 -0.03476595 0.1109297 0.99322 -0.0443896 0.1217404 0.9915689 -0.04672962 0.1241732 0.9911597 -0.003952145 0.07634657 0.9970735 -0.01214647 0.08529269 0.9962819 -0.009978055 0.08307534 0.9964934 -0.02037495 0.0947954 0.9952883 -0.02237057 0.09688723 0.995044 0.09015309 -0.0307365 0.9954535 0.08013486 -0.01987648 0.9965859 0.08573406 -0.02557921 0.9959897 0.06850969 -0.006162524 0.9976315 0.06972801 -0.007414877 0.9975385 0.1370477 -0.08449578 0.9869541 0.1247416 -0.07038372 0.9896897 0.1268817 -0.07266366 0.9892528 0.1118267 -0.05576741 0.9921618 0.1170537 -0.06125229 0.9912349 0.1007028 -0.04315984 0.9939799 0.1030433 -0.04558044 0.993632 0.1899006 -0.1451351 0.9710168 0.1733375 -0.1261044 0.9767557 0.1749463 -0.127839 0.9762434 0.1565768 -0.1070134 0.9818513 0.1618541 -0.1125963 0.98037 0.1399043 -0.08814203 0.9862341 0.1487852 -0.09736222 0.9840648 0.2638877 -0.2299253 0.9367485 0.2432309 -0.2066372 0.9477024 0.2504343 -0.2144069 0.9440934 0.2245712 -0.1850433 0.9567271 0.2270728 -0.1877338 0.9556118 0.2080118 -0.1658971 0.9639551 0.2070146 -0.1648209 0.9643542 0.3176443 -0.2920187 0.9021237 0.298515 -0.26991 0.9154438 0.2997823 -0.2712717 0.9146268 0.4468721 -0.4420647 0.777743 0.4115937 -0.4014438 0.8181893 0.429172 -0.4214581 0.7988646 0.429172 -0.4214581 0.7988646 0.429172 -0.4214581 0.7988646 0.3820788 -0.3669846 0.8481381 0.395068 -0.3814108 0.8357314 0.3508394 -0.3306841 0.8761049 0.3614009 -0.3423475 0.8672876 0.3237108 -0.2993456 0.8975543 0.337273 -0.3141468 0.8874451 0.5905157 -0.6147868 0.5228083 0.5425597 -0.5561074 0.629582 0.5504551 -0.5655217 0.6141535 0.5504552 -0.5655217 0.6141535 0.5504552 -0.5655217 0.6141535 0.5065347 -0.5128399 0.6931219 0.5119984 -0.5193933 0.6841698 0.6606554 -0.7316312 -0.1680784 0.6606385 -0.7316247 -0.168173 0.6606553 -0.7316312 -0.1680785 0.6728703 -0.738206 -0.04793208 0.6728879 -0.7381992 -0.04778951 0.6728703 -0.738206 -0.04793232 0.6745158 -0.738125 -0.0141437 0.6745167 -0.738125 -0.01409596 0.6745157 -0.738125 -0.01414406 0.4699983 -0.5524166 -0.6884313 0.476352 -0.5585467 -0.679054 0.5249266 -0.6073353 -0.5963189 0.5402662 -0.6222318 -0.5665158 0.5666085 -0.6480705 -0.5088807 0.5667677 -0.6482552 -0.508468 0.5667676 -0.6482552 -0.508468 0.5975258 -0.6774821 -0.4289301 0.6145088 -0.6930192 -0.3769659 0.6379095 -0.7136014 -0.2895593 0.6379095 -0.7136015 -0.2895593 0.6379095 -0.7136015 -0.2895594 0.6555501 -0.7279947 -0.2006935 0.210562 -0.2807582 -0.9363966 0.2464445 -0.3185653 -0.9153039 0.2895287 -0.3645581 -0.8850257 0.2997988 -0.3752093 -0.8771195 0.3482777 -0.426476 -0.8347581 0.351497 -0.4298214 -0.8316872 0.3892752 -0.4692413 -0.7926396 0.3892753 -0.4692413 -0.7926396 0.3892751 -0.4692413 -0.7926396 0.4121956 -0.4929699 -0.7662085 0.4245769 -0.5058653 -0.7508893 0.08750361 -0.1433847 -0.985791 0.09671616 -0.1537061 -0.983372 0.1038854 -0.1621825 -0.9812772 0.1088162 -0.1674574 -0.9798557 0.1172559 -0.1772602 -0.977154 0.1216213 -0.1820899 -0.9757314 0.1290181 -0.1905176 -0.9731688 0.1340645 -0.196 -0.9713963 0.1436927 -0.2070105 -0.9677289 0.06989324 -0.121605 -0.9901148 0.06920677 -0.120868 -0.9902532 0.07522362 -0.1283255 -0.9888752 0.07726335 -0.1304934 -0.9884341 0.08308291 -0.1379314 -0.986951 0.03743028 -0.08335602 -0.9958167 0.04306423 -0.0899713 -0.9950129 0.04297769 -0.08986341 -0.9950265 0.04814118 -0.09563481 -0.9942517 0.05038475 -0.09853696 -0.9938571 0.01189357 -0.05764317 -0.9982665 0.01192283 -0.05768531 -0.9982636 0.008461654 -0.05199676 -0.9986115 0.0138632 -0.058465 -0.9981932 0.01052182 -0.05371701 -0.9985008 0.01601827 -0.06355243 -0.99785 0.01336538 -0.06025791 -0.9980934 0.009761214 -0.05527824 -0.9984233 0.0253303 -0.07638257 -0.9967569 0.03176361 -0.08408492 -0.9959522 0.03360903 -0.08653324 -0.995682 0.08556932 -0.1500162 -0.9849737 0.08422887 -0.1485127 -0.9853169 0.07746779 -0.1402552 -0.9870802 0.07500696 -0.1373638 -0.9876767 0.07019621 -0.1313908 -0.9888423 0.06659024 -0.1271698 -0.9896432 0.06037533 -0.1193449 -0.9910155 0.1520072 -0.2293173 -0.9614091 0.1317483 -0.2052558 -0.9698002 0.1304762 -0.2036982 -0.9703004 0.1181164 -0.189162 -0.974816 0.1145244 -0.184724 -0.976095 0.1078875 -0.1769427 -0.9782902 0.1039203 -0.1720449 -0.9795923 0.09618675 -0.1629936 -0.9819273 0.09428989 -0.1605684 -0.9825107 0.2812605 -0.3554273 -0.8913833 0.289631 -0.3641549 -0.8851582 0.3261188 -0.4029952 -0.8551266 0.3484902 -0.4261633 -0.8348291 0.3775948 -0.4569307 -0.8053797 0.3893254 -0.4690747 -0.7927135 0.3893254 -0.4690747 -0.7927136 0.3893255 -0.4690747 -0.7927135 0.4218307 -0.502781 -0.7545 0.4220468 -0.5030713 -0.7541857 0.4218955 -0.5028681 -0.7544057 0.4247862 -0.5055419 -0.7509889 0.4247862 -0.5055419 -0.7509889 0.4247859 -0.5055418 -0.7509891 0.4572936 -0.5387604 -0.7075449 0.470022 -0.5518646 -0.6888576 0.4998863 -0.5822362 -0.6411823 0.524809 -0.6069445 -0.59682 0.549642 -0.6315383 -0.5468575 0.566726 -0.647941 -0.5089148 0.566726 -0.647941 -0.5089148 0.5857811 -0.6662642 -0.4614679 0.6145921 -0.6928951 -0.3770584 0.6259329 -0.7034242 -0.3367529 0.6261558 -0.7034288 -0.3363286 0.6259968 -0.7034289 -0.3366242 0.6556207 -0.7279202 -0.2007331 0.6601693 -0.7313512 -0.1711783 0.6746059 -0.7380462 -0.01396185 0.6750703 -0.7377494 0.002448558 0.6750702 -0.7377495 0.002448558 0.6750528 -0.7377665 0.002113938 0.6724236 -0.7268944 0.1395396 0.6724236 -0.7268944 0.1395396 0.6724234 -0.7268944 0.1395395 0.6719112 -0.7258999 0.1469853 0.6719112 -0.7258998 0.1469852 0.6719112 -0.7258999 0.1469849 0.6589716 -0.7051094 0.2618726 0.6587339 -0.7046451 0.263714 0.6338393 -0.6703327 0.3858781 0.6350169 -0.6718629 0.3812533 0.5949935 -0.6206629 0.5106471 0.5981894 -0.624498 0.5021672 0.5981893 -0.624498 0.5021672 0.5504626 -0.5657399 0.6139457 0.5550064 -0.5710537 0.6048683 0.5120086 -0.5194134 0.6841468 0.5185839 -0.527093 0.6732338 0.4708815 -0.4705269 0.7462406 0.4783846 -0.4792093 0.7358714 0.4293429 -0.4216999 0.798645 0.43737 -0.4309014 0.7893235 0.395042 -0.3817851 0.8355729 0.4036895 -0.3914319 0.8269317 0.3613098 -0.3426043 0.867224 0.3698559 -0.3520799 0.8597944 0.3372311 -0.3147343 0.8872529 0.3456397 -0.3240928 0.8806232 0.3175173 -0.2919296 0.9021973 0.3258266 -0.3011002 0.8962007 0.2997278 -0.2714059 0.914605 0.3078987 -0.2804278 0.9091528 0.2769528 -0.2452814 0.9290502 0.2847897 -0.2536438 0.9244241 0.2504031 -0.2147285 0.9440286 0.2577416 -0.2225426 0.9402362 0.227065 -0.1878926 0.9555824 0.233969 -0.1952465 0.9524376 0.2070335 -0.1649 0.9643367 0.2135733 -0.1718482 0.9616937 0.1899315 -0.1452523 0.9709933 0.1959733 -0.1516954 0.968805 0.1749632 -0.1280833 0.9762083 0.1807169 -0.1342036 0.9743362 0.1618794 -0.1130215 0.9803169 0.1672695 -0.1187924 0.9787284 0.1487886 -0.09804373 0.9839966 0.1539709 -0.1035507 0.9826344 0.1370326 -0.08453786 0.9869526 0.1419259 -0.08977687 0.9857978 0.1269108 -0.07290571 0.9892312 0.1314486 -0.07778263 0.9882668 0.1170397 -0.06160151 0.991215 0.1213946 -0.06624019 0.9903917 0.1077479 -0.1654752 -0.9803103 0.1038953 -0.1615109 -0.9813868 0.1161018 -0.1754469 -0.977619 0.1172927 -0.1766913 -0.9772526 0.1265662 -0.1872228 -0.9741297 0.1290104 -0.1898978 -0.9732909 0.1394923 -0.2017399 -0.969455 0.1437212 -0.2063156 -0.967873 0.1556831 -0.2198258 -0.9630366 0.1627199 -0.2273874 -0.9601131 0.1770678 -0.2433504 -0.9536391 0.187792 -0.2548039 -0.9485827 0.2057554 -0.2746111 -0.9392835 0.2322338 -0.3026854 -0.9243641 0.2424994 -0.3139766 -0.9179394 0.004901707 -0.0495463 -0.9987598 0.00845915 -0.0528478 -0.9985669 0.005604028 -0.04892569 -0.9987868 0.01052123 -0.05456519 -0.9984549 0.007932722 -0.05102002 -0.9986662 0.01419138 -0.05816626 -0.998206 0.01214408 -0.05536484 -0.9983924 0.01956552 -0.06381249 -0.9977701 0.01813465 -0.06186467 -0.9979198 0.02663487 -0.07147687 -0.9970866 0.02591717 -0.07050615 -0.9971747 0.03461527 -0.08029943 -0.9961696 0.03464651 -0.0803551 -0.996164 0.04297834 -0.08969181 -0.9950419 0.0438013 -0.09078377 -0.994907 0.05038589 -0.09814065 -0.9938963 0.05192553 -0.1001973 -0.9936118 0.05682075 -0.1056324 -0.9927806 0.05915015 -0.1087407 -0.9923089 0.06388938 -0.113978 -0.9914269 0.06497704 -0.1154024 -0.9911913 0.0698933 -0.1213983 -0.9901401 0.07144105 -0.1234433 -0.9897768 0.07523488 -0.1276012 -0.988968 0.07977646 -0.1333383 -0.9878545 0.08309143 -0.136967 -0.9870846 0.08865243 -0.1439842 -0.985601 0.09250569 -0.148176 -0.9846252 0.09914863 -0.1561346 -0.982747 0.1840487 -0.267324 -0.9458668 0.1811907 -0.2640983 -0.9473237 0.1702418 -0.2509039 -0.9529244 0.155077 -0.2330704 -0.9600154 0.1513807 -0.2284575 -0.9617126 0.1304886 -0.2039066 -0.9702551 0.1275503 -0.2002701 -0.9714025 0.1145263 -0.1849177 -0.9760581 0.111718 -0.1814394 -0.9770357 0.1039254 -0.1722506 -0.9795557 0.100911 -0.1684933 -0.9805238 0.09424608 -0.1606742 -0.9824976 0.09105247 -0.156669 -0.9834451 0.08557462 -0.1502214 -0.9849419 0.08211314 -0.1459339 -0.9858807 0.07748717 -0.1404739 -0.9870475 0.07396388 -0.1360926 -0.9879313 0.07018047 -0.1316511 -0.9888088 0.06649512 -0.1270415 -0.9896661 0.0603758 -0.1198556 -0.9909539 0.05657595 -0.1148802 -0.9917671 0.04907512 -0.1060631 -0.9931477 0.045111 -0.1008719 -0.9938763 0.03952687 -0.09431666 -0.9947573 0.03544104 -0.08896791 -0.9954038 0.03175663 -0.08466196 -0.9959036 0.02762335 -0.0792616 -0.9964711 0.02532941 -0.07656919 -0.9967426 0.02119988 -0.07117879 -0.9972383 0.02007591 -0.06986427 -0.9973545 0.01597952 -0.06452655 -0.9977881 0.01435911 -0.06264495 -0.9979326 0.01036566 -0.05689167 -0.9983265 0.009760618 -0.05619549 -0.9983721 0.006009161 -0.05082708 -0.9986894 0.2082443 -0.2955571 -0.9323521 0.2082204 -0.2956487 -0.9323285 0.1986682 -0.285169 -0.9376619 0.1986548 -0.2845352 -0.9378571 0.2008913 -0.2869694 -0.9366384 0.2344575 -0.3263949 -0.9156944 0.2344483 -0.3264665 -0.9156712 0.2267054 -0.3180425 -0.9205725 0.2267911 -0.3172785 -0.920815 0.2228739 -0.3129926 -0.923235 -0.2382218 0.3315546 0.9128647 -0.2376258 0.330783 0.9132999 -0.2339655 0.327115 0.9155632 0.2994244 -0.2707651 0.9148941 0.2847542 -0.2536339 0.9244377 0.2847834 -0.2536458 0.9244254 0.2576917 -0.2229588 0.9401513 0.2647402 -0.23048 0.9363715 0.2339679 -0.1956561 0.9523538 0.2405692 -0.202722 0.9492262 0.213544 -0.1722209 0.9616335 0.2197052 -0.1787905 0.9590431 0.195999 -0.1520731 0.9687405 0.2018713 -0.1583448 0.9665272 0.1807752 -0.1345506 0.9742774 0.1861789 -0.1403564 0.972439 0.1672689 -0.1191045 0.9786906 0.1725704 -0.1247146 0.97707 0.1539772 -0.1038485 0.982602 0.158867 -0.1090299 0.9812613 0.1419281 -0.09004706 0.9857729 0.1465521 -0.09497314 0.9846333 0.1315091 -0.07805782 0.9882371 0.1358767 -0.08275395 0.9872636 0.1213926 -0.06649321 0.990375 0.1256371 -0.07098823 0.9895332 0.1116296 -0.05529409 0.9922105 0.1155505 -0.05948477 0.9915189 0.1024646 -0.04480147 0.9937273 0.1062005 -0.04877686 0.9931477 0.08929729 -0.02987384 0.995557 0.09272146 -0.03329473 0.9951354 0.07285171 -0.01105618 0.9972816 0.07588136 -0.01410287 0.9970172 0.05741971 0.006552636 0.9983287 0.0600087 0.003951668 0.9981901 0.04293394 0.02304607 0.9988121 0.04520803 0.02075731 0.998762 0.02945429 0.03839665 0.9988285 0.03130888 0.03652566 0.9988422 0.01655775 0.05303657 0.9984553 0.01809066 0.05148118 0.9985101 0.003548741 0.06776213 0.9976953 0.004777491 0.0665214 0.9977736 -0.009056091 0.08199781 0.9965914 -0.008209168 0.08114755 0.9966684 -0.02185493 0.09641212 0.9951016 -0.02130466 0.09586721 0.9951662 -0.03456509 0.1106936 0.9932534 -0.03441381 0.1105568 0.9932739 -0.04690074 0.1245135 0.9911089 -0.04709655 0.1247218 0.9910734 -0.05870962 0.1377326 0.9887279 -0.05921828 0.1382126 0.9886307 -0.07030767 0.1506631 0.9860819 -0.07120048 0.1515332 0.9858846 -0.08150905 0.1630954 0.9832377 -0.08264511 0.1642385 0.9829525 -0.09202182 0.1747348 0.980306 -0.09345084 0.1761832 0.9799115 -0.1019875 0.1857519 0.9772895 -0.1036609 0.1874274 0.9767935 -0.1114818 0.1962124 0.9742036 -0.1133931 0.1981174 0.9735972 -0.1204879 0.2060903 0.9710868 -0.1226209 0.2082386 0.9703612 -0.1290706 0.2154862 0.9679393 -0.1313878 0.217814 0.9671062 -0.1371358 0.2242805 0.9648275 -0.1396551 0.2268122 0.9638738 -0.1448425 0.2326613 0.9617118 -0.1475478 0.2353715 0.9606404 -0.1522681 0.240722 0.9585757 -0.1550192 0.2434626 0.957442 -0.1593337 0.248346 0.9554774 -0.1622461 0.2512877 0.9542174 -0.16614 0.2556691 0.9523817 -0.1692085 0.2587634 0.9510048 -0.1732318 0.263331 0.9490245 -0.1763866 0.2664495 0.9475719 -0.180429 0.2710165 0.9455134 -0.1836534 0.2742194 0.9439678 -0.1870849 0.2781034 0.9421559 -0.1904065 0.2814002 0.9405102 -0.1932751 0.2846644 0.9389414 -0.1966299 0.2879849 0.9372307 -0.1990758 0.2907807 0.9358501 -0.2024903 0.2941706 0.9340565 -0.2044256 0.2963635 0.932941 -0.2077789 0.2997252 0.9311245 -0.209342 0.3015036 0.9301998 -0.2126702 0.3048126 0.9283646 -0.2138556 0.3061818 0.9276413 -0.217122 0.3094367 0.9258008 -0.2179778 0.3104346 0.9252654 -0.2211735 0.3136169 0.9234321 -0.221742 0.3142864 0.9230681 -0.2248207 0.3173707 0.9212663 -0.2255527 0.3182194 0.9207946 -0.2284219 0.3210965 0.9190868 0.4715272 -0.4712842 0.7453545 0.4373309 -0.4308513 0.7893725 0.4382558 -0.4318968 0.7882875 0.4035216 -0.3915764 0.8269453 0.4116027 -0.4005842 0.818606 0.369749 -0.3523119 0.8597453 0.377807 -0.3612706 0.8524938 0.3456104 -0.324293 0.880561 0.3536036 -0.3331987 0.8740385 0.3257254 -0.3013033 0.8961693 0.333377 -0.3097605 0.890454 0.3077732 -0.2805581 0.9091551 0.3154042 -0.2889964 0.9038812 0.1005333 -0.1570285 -0.9824638 0.09914439 -0.1556022 -0.9828319 0.1082077 -0.1659839 -0.9801737 0.1077539 -0.1654809 -0.9803088 0.1150233 -0.1737495 -0.9780495 0.1161575 -0.1749976 -0.9776929 0.124246 -0.1842012 -0.9750041 0.126575 -0.1867257 -0.9742239 0.1355218 -0.1968872 -0.9710146 0.1394611 -0.2011333 -0.9695855 0.1493819 -0.2123872 -0.9657002 0.1556987 -0.219171 -0.9631834 0.1670209 -0.2319851 -0.9582729 0.1770802 -0.242732 -0.9537944 0.1907203 -0.2579415 -0.9471494 0.2057676 -0.2739246 -0.9394813 0.218165 -0.2875791 -0.9325783 0.2424796 -0.3135933 -0.9180756 0.2577673 -0.3301928 -0.9080357 0.2812528 -0.3548954 -0.8915975 0.3044621 -0.3797023 -0.8735727 0.3044621 -0.3797023 -0.8735726 0.3044621 -0.3797023 -0.8735727 0.3263992 -0.4027315 -0.8551438 0.3506493 -0.4285132 -0.8327195 0.3777463 -0.4565075 -0.8055487 0.4041482 -0.4842971 -0.7759644 0.4220092 -0.5025071 -0.7545826 0.4512838 -0.5327697 -0.7158907 0.4570719 -0.5386277 -0.7077892 0.4570718 -0.5386278 -0.7077891 0.4570192 -0.5385838 -0.7078565 0.4866528 -0.5686243 -0.6632009 0.4866527 -0.5686243 -0.663201 0.4867516 -0.5687059 -0.6630585 0.5000296 -0.5818078 -0.6414594 0.5000296 -0.5818079 -0.6414594 0.5260661 -0.6081802 -0.5944505 0.5498383 -0.6313145 -0.5469187 0.5707686 -0.6521427 -0.4989321 0.5860363 -0.6663082 -0.4610803 0.6025499 -0.6817198 -0.4149599 0.6263146 -0.7032531 -0.3364002 0.6263146 -0.7032531 -0.3364002 0.6263146 -0.7032531 -0.3364002 0.6360611 -0.7120775 -0.2972741 0.6360613 -0.7120773 -0.2972742 0.6360517 -0.7120667 -0.2973204 0.6603826 -0.7311944 -0.1710254 0.6602125 -0.7312436 -0.1714709 0.6602635 -0.7312288 -0.1713373 0.6640135 -0.7339016 -0.1430897 0.6640135 -0.7339015 -0.1430899 0.6640136 -0.7339014 -0.14309 0.6751167 -0.737707 0.002428233 0.6754705 -0.7371354 0.01926541 0.6754705 -0.7371354 0.01926541 0.6754705 -0.7371354 0.01926541 0.67199 -0.7258558 0.1468431 0.6714376 -0.7248353 0.154225 0.6714376 -0.7248354 0.1542247 0.6714377 -0.7248354 0.1542243 0.6586772 -0.7047222 0.2636492 0.6586771 -0.7047223 0.2636494 0.6586772 -0.7047223 0.2636491 0.6584953 -0.7045133 0.2646601 0.634883 -0.6717332 0.3817045 0.6361325 -0.6733655 0.3767154 0.6361479 -0.6734002 0.3766272 0.636148 -0.6734002 0.3766272 0.5983569 -0.6247321 0.5016763 0.6064459 -0.6345887 0.4790831 0.5549571 -0.5712779 0.6047018 0.5657461 -0.5842896 0.5818395 0.07240837 -0.1236898 -0.9896757 0.07144957 -0.1227415 -0.9898635 0.07746732 -0.1300628 -0.9884749 0.07978868 -0.1325795 -0.9879557 0.08411777 -0.1381022 -0.9868395 0.08867835 -0.1430618 -0.985733 0.09185123 -0.1470847 -0.9848499 0.04223299 -0.08886569 -0.9951479 0.04380273 -0.09042167 -0.9949398 0.0469172 -0.0942744 -0.9944401 0.05192816 -0.09985893 -0.9936457 0.05341863 -0.1018594 -0.9933636 0.05915254 -0.1082252 -0.9923651 0.06136757 -0.1111886 -0.9919028 0.06496393 -0.1151631 -0.9912201 0.06773227 -0.1185433 -0.9906361 0.03221231 -0.07759487 -0.9964645 0.03465372 -0.08005946 -0.9961876 0.03715926 -0.083162 -0.995843 0.09103024 -0.1566499 -0.9834503 0.08213734 -0.1461669 -0.9858441 0.07887268 -0.1421068 -0.9867041 0.07393103 -0.1363243 -0.9879018 0.07057535 -0.1320784 -0.9887236 0.06646811 -0.1273006 -0.9896346 0.06299418 -0.1229429 -0.9904125 0.05658489 -0.1153968 -0.9917066 0.05292159 -0.1105899 -0.9924562 0.04510849 -0.1014147 -0.993821 0.04127788 -0.09637641 -0.9944887 0.03543835 -0.08952087 -0.9953544 0.03149271 -0.08435463 -0.995938 0.02762925 -0.07982486 -0.9964259 0.02368378 -0.07463949 -0.9969294 0.02119225 -0.07174599 -0.9971978 0.01720064 -0.06650376 -0.9976379 0.01596564 -0.06507992 -0.9977524 0.01200693 -0.05989098 -0.9981328 0.01036149 -0.05797421 -0.9982643 0.006523251 -0.05244332 -0.9986026 0.006015539 -0.05184805 -0.998637 0.002417743 -0.04667484 -0.9989073 0.004901647 -0.0495463 -0.9987598 0.001623511 -0.0450133 -0.9989852 0.005603849 -0.04959505 -0.9987538 0.002692639 -0.04558765 -0.9989567 0.00792855 -0.05159193 -0.9986369 0.005467593 -0.0481981 -0.9988229 0.01213198 -0.05582219 -0.998367 0.01016819 -0.05312585 -0.9985361 0.01813441 -0.06218391 -0.9979 0.0167827 -0.06033188 -0.9980373 0.02591347 -0.07066875 -0.9971632 0.02520245 -0.0697081 -0.9972491 0.1275531 -0.2004227 -0.9713706 0.1117131 -0.1815285 -0.9770199 0.1117703 -0.1816352 -0.9769935 0.1008982 -0.1686254 -0.9805024 0.09717231 -0.1639056 -0.9816785 0.1702708 -0.2510263 -0.952887 0.1763414 -0.2579511 -0.949929 0.1840343 -0.2672724 -0.9458842 0.2405312 -0.3336068 -0.9115105 0.2405056 -0.3336046 -0.911518 0.2440257 -0.3375499 -0.9091269 -0.2077665 0.3000934 0.9310086 -0.2126635 0.3049867 0.9283089 -0.2134323 0.3053578 0.9280105 -0.2170791 0.3100118 0.9256184 -0.2184711 0.3107874 0.9250305 -0.2211245 0.3142084 0.9232427 -0.2222268 0.3146303 0.9228342 -0.2247532 0.3179418 0.9210859 -0.2261819 0.317971 0.920726 -0.1890282 0.2801125 0.9411724 -0.1903916 0.2818903 0.9403664 -0.1945911 0.2859429 0.9382809 -0.1965857 0.2885143 0.9370772 -0.1999809 0.2915885 0.9354057 -0.1294655 0.2158395 0.9678078 -0.1313635 0.2181069 0.9670435 -0.1366017 0.2235409 0.9650748 -0.1396324 0.2271258 0.9638033 -0.1441758 0.2317833 0.9620239 -0.1475381 0.2357404 0.9605514 -0.1512572 0.2394752 0.9590479 -0.1550027 0.2438192 0.9573539 -0.1576294 0.2464171 0.9562592 -0.1622428 0.2516186 0.9541307 -0.1636087 0.2529218 0.9535528 -0.1691992 0.2590585 0.9509261 -0.1717932 0.2613897 0.9498224 -0.1025791 0.1863676 0.9771105 -0.1036546 0.1876593 0.9767496 -0.1096241 0.1940666 0.974844 -0.1133869 0.1984118 0.9735381 -0.1162443 0.2013211 0.9726033 -0.1226168 0.2084795 0.97031 -0.122859 0.2087023 0.9702314 -0.08141624 0.162988 0.9832631 -0.08264279 0.1644516 0.982917 -0.08827126 0.1705098 0.9813943 -0.09345877 0.1764225 0.9798676 -0.09540462 0.1784352 0.9793155 0.2468357 -0.2098103 0.9460718 0.2196841 -0.1791439 0.958982 0.2256809 -0.1855287 0.956372 0.2018722 -0.1586815 0.9664719 0.2074908 -0.1646574 0.9642798 0.1861832 -0.1406845 0.9723908 0.1915674 -0.1463578 0.9705058 0.1725472 -0.1250122 0.9770361 0.1774709 -0.1302183 0.9754729 0.1588348 -0.109327 0.9812335 0.1636205 -0.1143937 0.9798687 0.1465872 -0.09524673 0.9846016 0.1510559 -0.1000384 0.9834504 0.1359311 -0.08300608 0.987235 0.1401109 -0.08750343 0.9862617 0.125634 -0.07122868 0.9895164 0.1295748 -0.0754289 0.9886966 0.1155736 -0.05972349 0.9915019 0.1195011 -0.06387156 0.9907774 0.1061912 -0.04899764 0.9931378 0.1096578 -0.05264657 0.9925742 0.0927273 -0.03369563 0.9951213 0.09603238 -0.03701949 0.9946897 0.07588708 -0.01445025 0.9970118 0.07876181 -0.01734018 0.9967427 0.06000232 0.003654241 0.9981916 0.06253701 0.001127541 0.9980421 0.04522228 0.02049952 0.9987667 0.04735577 0.01834833 0.9987096 0.03130984 0.03630948 0.99885 0.03315317 0.03447437 0.9988555 0.01808983 0.05130523 0.9985192 0.01958674 0.04981726 0.9985663 0.004777371 0.06637495 0.9977834 0.005935907 0.0652135 0.9978538 -0.00820893 0.08105289 0.996676 -0.007355034 0.08019244 0.9967523 -0.02131301 0.0958116 0.9951713 -0.02079206 0.09529048 0.9952324 -0.03441065 0.1105204 0.9932781 -0.03427481 0.1103866 0.9932976 -0.04709792 0.1247456 0.9910704 -0.0472517 0.124895 0.9910442 -0.05920207 0.1382806 0.9886221 -0.05970746 0.1387732 0.9885227 -0.07119154 0.1516361 0.9858693 -0.07199901 0.1524513 0.9856849 0.2405927 -0.2031219 0.9491348 0.2713375 -0.2379816 0.932599 0.2647138 -0.2308893 0.9362782 0.2915744 -0.261408 0.9201361 0.2847586 -0.2537992 0.9243909 0.30661 -0.2787289 0.9101102 0.3226726 -0.297265 0.8986189 0.3153128 -0.2891557 0.9038622 0.3407997 -0.3182761 0.8846219 0.3333139 -0.3097785 0.8904714 0.333314 -0.3097784 0.8904714 0.361099 -0.3417465 0.8676503 0.3534942 -0.3333951 0.8740078 0.3852406 -0.3698221 0.845471 0.3778449 -0.3615881 0.8523423 0.419309 -0.4095241 0.8102285 0.4114473 -0.4007813 0.8185876 0.4455584 -0.4404478 0.7794123 0.4384225 -0.4322051 0.7880259 0.4783275 -0.4789797 0.7360579 0.4716281 -0.4714038 0.745215 0.5222636 -0.5313774 0.6669924 0.5165102 -0.5247014 0.6766874 0.5165102 -0.5247014 0.6766874 0.5165102 -0.5247013 0.6766874 0.569688 -0.5890095 0.5731697 0.5658743 -0.5844978 0.5815056 0.6090001 -0.6381023 0.4711098 0.6090423 -0.6381555 0.470983 0.6090425 -0.6381554 0.470983 0.6064305 -0.6349685 0.478599 0.6371681 -0.6747725 0.3724232 0.6371681 -0.6747724 0.3724232 0.6361791 -0.6733933 0.376587 0.6583469 -0.7040872 0.2661593 0.6585162 -0.7044907 0.2646685 0.6707632 -0.723753 0.1620442 0.6713722 -0.7247614 0.154856 0.6713722 -0.7247614 0.1548562 0.6713721 -0.7247614 0.1548563 0.6756507 -0.7364013 0.03477597 0.6756507 -0.7364013 0.03477597 0.6756507 -0.7364013 0.03477603 0.6754945 -0.7371196 0.01902592 0.6754945 -0.7371196 0.01902592 0.6754809 -0.7371284 0.01916879 0.6672107 -0.7357278 -0.1163386 0.6640393 -0.7338243 -0.143366 0.6446232 -0.7191496 -0.259393 0.6361593 -0.7119625 -0.2973394 0.6361594 -0.7119625 -0.2973395 0.6361594 -0.7119625 -0.2973394 0.6167405 -0.6947456 -0.3700807 0.6023948 -0.6817583 -0.4151218 0.5896823 -0.6695774 -0.4515983 0.5709605 -0.6519368 -0.4989816 0.5491147 -0.630756 -0.5482882 0.5261399 -0.6079216 -0.5946498 0.511981 -0.5938031 -0.620704 0.4870396 -0.568794 -0.6627714 0.4870396 -0.5687941 -0.6627712 0.4870397 -0.5687943 -0.662771 0.4777106 -0.559429 -0.6773712 0.4511489 -0.5322166 -0.7163869 0.06127965 -0.1105878 -0.9919754 0.06137204 -0.1106777 -0.9919596 0.06568068 -0.1159569 -0.9910804 0.06774008 -0.1182209 -0.9906741 0.07045984 -0.1215506 -0.9900813 0.07241505 -0.1236916 -0.9896749 0.07555234 -0.1275245 -0.9889537 0.07747155 -0.1296342 -0.9885309 0.08100873 -0.1339387 -0.9876731 0.08414381 -0.137364 -0.9869403 0.08831024 -0.1426689 -0.985823 0.09186291 -0.1465524 -0.9849283 0.09684097 -0.1525461 -0.9835403 0.1005289 -0.1565776 -0.9825363 0.1061642 -0.1633678 -0.9808365 0.1082162 -0.1656122 -0.9802356 0.1146029 -0.1728624 -0.9782561 0.1150106 -0.1733542 -0.9781212 0.1220822 -0.181409 -0.9758006 0.1242452 -0.1837504 -0.9750892 0.1318934 -0.1924508 -0.9724026 0.1355291 -0.1963588 -0.9711205 0.1441109 -0.2061519 -0.9678499 0.1494178 -0.2118333 -0.9658163 0.1589428 -0.2226354 -0.9618579 0.1670109 -0.2313213 -0.9584351 0.1778196 -0.2435402 -0.9534508 0.1907606 -0.2573222 -0.9473098 0.2036817 -0.2717441 -0.9405685 0.218137 -0.2870723 -0.932741 0.2337619 -0.3041675 -0.9234921 0.2577279 -0.3295637 -0.9082754 0.2766749 -0.350141 -0.8949036 0.3046125 -0.379426 -0.8736402 0.3207752 -0.3968031 -0.8600294 0.02209746 -0.06634479 -0.997552 0.02520221 -0.06949716 -0.9972638 0.02703589 -0.07176607 -0.997055 0.03221279 -0.07760226 -0.9964639 0.03201621 -0.07737767 -0.9964877 0.03715932 -0.08313798 -0.9958451 0.03741103 -0.08343875 -0.9958105 0.04223459 -0.08886945 -0.9951475 0.04279291 -0.08954107 -0.9950634 0.04692411 -0.0941624 -0.9944504 0.04787391 -0.09535115 -0.9942919 0.053424 -0.1015247 -0.9933975 0.05484044 -0.1034383 -0.9931229 0.03984177 -0.09407961 -0.9947672 0.03149855 -0.08524882 -0.9958617 0.02912026 -0.08105015 -0.9962846 0.02368563 -0.07543873 -0.9968692 0.02060139 -0.07058298 -0.9972932 0.01719248 -0.06715989 -0.9975941 0.01364153 -0.06200248 -0.9979829 0.05679601 -0.1153129 -0.9917042 0.05291318 -0.1128549 -0.9922016 0.04964232 -0.1065475 -0.9930677 0.0705437 -0.1330436 -0.9885965 0.06305938 -0.1122301 -0.9916794 0.06638121 -0.1277419 -0.9895836 -0.6398637 0.7672945 -0.04282319 -0.6398637 0.7672944 -0.04282313 -0.6398637 0.7672945 -0.04282307 -0.6399745 0.7672315 -0.0422905 -0.6399101 0.7672727 -0.04251933 -0.6399096 0.7672544 -0.04285442 -0.6398431 0.7673392 -0.04232567 -0.6398379 0.7673357 -0.04246914 -0.6398431 0.7673393 -0.04232513</float_array>
          <technique_common>
            <accessor source="#left_aileron-mesh-normals-array" count="1538" stride="3">
              <param name="X" type="float"/>
              <param name="Y" type="float"/>
              <param name="Z" type="float"/>
            </accessor>
          </technique_common>
        </source>
        <vertices id="left_aileron-mesh-vertices">
          <input semantic="POSITION" source="#left_aileron-mesh-positions"/>
        </vertices>
        <triangles count="1340">
          <input semantic="VERTEX" source="#left_aileron-mesh-vertices" offset="0"/>
          <input semantic="NORMAL" source="#left_aileron-mesh-normals" offset="1"/>
          <p>0 0 1 1 2 2 3 3 4 4 5 5 6 6 7 6 8 6 9 7 10 8 11 9 12 10 13 10 14 10 15 11 4 11 3 11 15 12 3 12 16 12 15 13 16 13 17 13 15 14 17 15 18 16 19 17 15 17 18 17 19 18 18 19 20 20 19 21 20 21 21 21 19 22 21 23 22 22 19 24 22 25 8 26 19 27 8 27 7 28 23 29 7 29 6 29 23 30 6 31 24 32 23 33 24 34 25 35 23 36 25 36 26 36 23 37 26 38 27 39 23 40 27 41 28 42 23 43 28 43 29 43 30 44 31 44 32 44 30 45 32 45 33 46 30 47 33 48 34 49 30 50 34 51 35 52 30 53 35 54 36 55 30 56 36 56 37 57 30 58 37 59 38 60 39 61 32 61 31 61 39 62 31 63 40 64 39 65 40 65 41 65 39 66 41 66 42 66 32 67 43 67 44 67 32 68 44 68 45 68 32 69 45 69 46 69 32 70 46 70 47 70 32 71 47 71 48 71 32 72 48 72 49 72 32 73 49 73 33 73 50 74 51 74 52 74 52 75 51 75 53 75 52 76 53 77 54 78 54 79 53 79 55 79 54 80 55 81 56 82 56 83 55 84 57 85 56 86 57 87 58 88 58 89 57 90 59 91 58 92 59 93 60 94 60 95 59 96 61 97 60 98 61 99 62 100 62 101 61 102 2 103 62 104 2 105 1 106 5 107 4 108 63 109 63 110 4 111 51 111 63 112 51 112 50 112 28 113 64 114 29 115 29 116 64 117 65 118 29 119 65 119 66 119 65 120 67 121 66 122 66 123 67 123 68 123 66 124 68 125 69 126 69 127 68 127 70 127 69 128 70 128 71 128 71 129 70 130 72 131 71 132 72 133 73 134 73 135 72 136 38 137 73 138 38 138 37 138 42 139 74 140 39 141 39 142 74 142 75 142 74 143 76 143 75 143 75 144 76 145 77 146 78 147 79 148 80 149 80 150 79 150 81 150 80 151 81 151 82 151 82 152 81 152 83 152 82 153 83 153 84 153 84 154 83 154 75 154 84 155 75 155 77 155 85 156 86 156 87 156 87 157 86 157 79 157 87 158 79 158 78 158 88 159 89 160 90 161 90 162 89 163 91 164 90 165 91 166 92 167 92 168 91 168 93 168 92 169 93 169 94 169 94 170 93 171 95 172 94 173 95 174 96 175 96 176 95 176 97 176 96 177 97 177 98 177 98 178 97 178 99 178 98 179 99 179 100 179 100 180 99 181 86 182 100 183 86 183 85 183 101 184 102 185 103 186 103 187 102 188 104 189 103 190 104 191 105 192 105 193 104 194 106 195 105 196 106 197 107 196 107 198 106 198 108 198 107 199 108 200 109 201 109 202 108 203 110 204 109 205 110 205 111 205 111 206 110 207 89 208 111 209 89 210 88 211 112 212 113 213 114 214 114 215 113 216 101 217 114 218 101 218 103 218 115 219 116 220 117 221 117 222 116 223 118 224 117 225 118 225 119 225 119 226 118 227 120 228 119 229 120 230 121 231 121 232 120 232 112 232 121 233 112 234 114 235 10 236 122 237 11 238 11 239 122 240 115 241 11 242 115 243 117 244 44 245 43 246 123 247 123 248 43 248 124 248 123 249 124 250 125 251 125 252 124 252 13 252 125 253 13 254 12 255 126 256 127 256 128 256 129 257 130 257 131 257 132 258 133 258 134 258 135 259 136 259 137 259 138 256 139 256 140 256 141 260 142 260 143 260 144 256 145 256 146 256 147 261 148 262 149 263 150 264 132 264 134 264 150 256 134 256 151 256 150 256 151 256 152 256 150 265 152 265 131 265 150 266 131 266 130 266 153 267 139 267 138 267 153 256 138 256 154 256 153 256 154 256 155 256 153 268 155 268 137 268 153 269 137 269 136 269 156 270 157 270 158 270 156 271 158 271 159 271 156 256 159 256 160 256 156 272 160 272 143 272 156 273 143 273 142 273 161 256 144 256 146 256 161 256 146 256 162 256 161 256 162 256 163 256 161 274 163 275 149 276 161 256 149 256 148 256 127 256 126 256 164 256 164 277 126 278 165 279 164 256 165 256 166 256 166 256 165 256 167 256 166 280 167 281 168 282 166 256 168 256 169 256 169 283 168 283 170 283 169 256 170 256 171 256 171 256 170 256 172 256 171 284 172 284 173 284 173 285 172 285 174 285 173 256 174 256 175 256 175 256 174 256 176 256 175 256 176 256 177 256 177 256 176 256 178 256 177 286 178 286 179 286 179 287 178 287 180 287 180 256 178 256 181 256 180 256 181 256 182 256 182 256 181 256 183 256 182 288 183 289 184 290 184 291 183 291 185 291 184 256 185 256 186 256 186 256 185 256 187 256 186 256 187 256 188 256 188 256 187 256 189 256 188 292 189 292 190 292 190 256 189 256 191 256 191 293 189 294 192 295 191 296 192 296 193 296 193 256 192 256 194 256 193 297 194 297 195 297 195 256 194 256 196 256 196 256 194 256 197 256 196 256 197 256 198 256 198 256 197 256 199 256 198 298 199 298 200 298 200 299 199 299 201 299 201 256 199 256 202 256 201 256 202 256 203 256 203 300 202 300 204 300 204 301 202 301 205 301 205 256 202 256 130 256 205 256 130 256 129 256 133 256 132 256 206 256 206 256 132 256 207 256 206 302 207 302 208 302 208 256 207 256 209 256 209 256 207 256 210 256 209 303 210 303 211 303 211 304 210 304 212 304 211 305 212 305 213 305 214 256 215 256 212 256 212 306 215 306 216 306 212 256 216 256 213 256 136 256 135 256 214 256 214 307 135 307 217 307 214 256 217 256 215 256 218 308 219 308 139 308 139 256 219 256 220 256 139 256 220 256 140 256 142 309 141 309 218 309 218 256 141 256 221 256 218 256 221 256 219 256 158 256 157 256 222 256 222 256 157 256 223 256 222 310 223 310 224 310 224 256 223 256 225 256 225 256 223 256 226 256 225 256 226 256 227 256 227 256 226 256 228 256 228 256 226 256 229 256 228 311 229 311 230 311 230 312 229 312 231 312 230 256 231 256 232 256 230 313 232 313 233 313 233 256 232 256 234 256 233 256 234 256 235 256 235 256 234 256 236 256 235 314 236 314 237 314 235 315 237 315 238 315 238 256 237 256 239 256 238 256 239 256 240 256 240 316 239 316 241 316 240 256 241 256 242 256 240 256 242 256 243 256 243 256 242 256 244 256 243 317 244 318 245 319 145 320 144 321 246 322 246 323 144 323 243 323 246 324 243 325 245 326 247 327 12 327 14 327 248 328 144 328 161 328 249 329 33 329 49 329 49 330 250 330 249 330 39 331 75 331 251 331 252 332 39 332 251 332 253 333 10 333 9 333 9 334 254 334 253 334 254 335 9 335 11 335 11 336 255 336 254 336 255 337 11 337 117 337 117 338 256 338 255 338 256 339 117 339 119 339 119 340 257 340 256 340 121 341 257 341 119 341 258 342 257 342 121 342 114 343 258 343 121 343 259 344 258 344 114 344 103 345 259 345 114 345 260 346 259 346 103 346 105 347 260 347 103 347 261 348 262 348 88 348 90 349 261 349 88 349 87 350 263 350 85 350 87 351 264 351 263 351 264 352 87 352 78 352 78 353 265 353 264 353 80 354 265 354 78 354 42 355 266 355 74 355 267 356 266 356 42 356 41 357 267 357 42 357 41 358 268 358 267 358 31 359 269 359 270 359 271 360 38 361 72 362 72 363 272 363 271 363 70 364 272 364 72 364 273 365 272 366 70 367 68 368 273 369 70 370 274 371 273 371 68 371 67 372 274 372 68 372 26 373 275 374 276 375 277 376 278 376 22 376 21 377 277 378 22 379 16 380 279 380 280 380 281 381 5 382 63 383 63 384 282 384 281 384 50 385 282 385 63 385 283 386 282 386 50 386 52 387 283 387 50 387 60 388 284 388 58 388 60 389 285 389 284 389 285 390 60 390 62 390 62 391 286 391 285 391 59 392 287 392 61 392 288 393 287 393 59 393 289 394 135 394 137 394 290 395 209 395 291 395 290 396 208 396 209 396 208 397 290 397 292 397 292 398 206 398 208 398 206 399 292 399 293 399 293 400 133 400 206 400 133 401 293 401 294 401 294 402 134 402 133 402 134 403 294 403 295 403 295 404 151 404 134 404 296 405 196 405 198 405 297 406 190 406 298 406 297 407 188 407 190 407 299 408 177 408 300 408 299 409 175 410 177 411 301 412 169 412 302 412 166 413 169 414 301 415 303 416 166 417 301 418 164 419 166 419 303 419 304 420 164 420 303 420 127 421 164 421 304 422 305 423 127 424 304 423 305 425 128 425 127 425 306 426 183 426 307 426 185 427 183 427 306 427 308 428 185 428 306 428 187 429 185 429 308 429 309 430 187 430 308 430 310 431 199 431 311 431 312 432 150 432 130 432 313 433 150 433 312 433 132 434 150 434 313 434 314 435 132 435 313 435 314 436 207 436 132 436 315 437 214 437 316 437 315 438 136 438 214 438 136 439 315 439 317 439 317 440 153 440 136 440 153 441 317 441 318 441 318 442 139 442 153 442 319 443 139 443 318 443 320 444 223 444 321 444 320 445 226 445 223 445 226 446 320 446 322 446 322 447 229 447 226 447 323 448 232 448 231 448 232 449 323 449 324 449 324 450 234 450 232 450 234 451 324 451 325 451 325 452 236 452 234 452 326 453 145 453 327 453 146 454 145 454 326 454 328 455 146 455 326 455 328 456 162 456 146 456 329 457 163 457 162 457 330 458 149 458 163 458 331 459 329 459 332 459 43 460 333 460 124 460 32 461 333 461 43 461 334 462 39 462 252 462 335 463 336 463 337 463 336 464 335 464 338 464 339 465 336 465 338 465 46 466 340 466 47 466 341 467 340 467 46 467 45 468 341 468 46 468 123 469 331 469 332 469 12 470 247 470 342 470 75 471 343 471 251 471 99 472 344 472 86 472 99 473 345 473 344 473 346 474 347 474 93 474 91 475 346 475 93 475 91 476 348 476 346 476 277 477 349 477 278 477 350 478 349 478 277 478 351 479 350 479 277 479 352 480 353 480 354 480 66 481 355 481 356 481 69 482 355 482 66 482 69 483 357 483 355 483 36 484 358 484 359 484 360 485 33 485 249 485 147 486 149 486 330 486 147 487 330 487 342 487 147 488 342 488 247 488 147 489 247 489 14 489 361 490 362 490 363 490 363 491 362 491 364 491 363 492 364 492 365 492 365 493 364 493 366 493 365 494 366 494 367 494 367 495 366 495 295 495 367 496 295 496 368 496 368 497 295 497 294 497 368 498 294 498 369 498 369 499 294 499 293 499 369 500 293 500 370 500 370 501 293 501 292 501 370 502 292 502 371 502 371 503 292 503 290 503 371 504 290 504 372 504 372 505 290 505 291 505 372 506 291 506 373 506 373 507 291 507 374 507 373 508 374 508 375 508 375 509 374 509 376 509 375 510 376 510 377 510 377 511 376 511 378 511 377 512 378 512 379 512 379 513 378 513 289 513 379 514 289 514 380 514 380 515 289 515 381 515 380 516 381 516 382 516 382 517 381 517 383 517 382 518 383 518 384 518 384 519 383 519 385 519 384 520 385 520 386 520 386 521 385 521 387 521 386 522 387 522 388 522 388 523 387 523 389 523 388 524 389 524 390 524 390 525 389 525 391 525 390 526 391 526 392 526 392 527 391 527 393 527 392 528 393 528 394 528 394 529 393 529 395 529 394 530 395 530 396 530 396 531 395 531 397 531 396 532 397 532 398 532 398 533 397 533 399 533 398 534 399 534 400 534 400 535 399 535 401 535 400 536 401 536 402 536 402 537 401 537 403 537 402 538 403 538 404 538 404 539 403 539 405 539 404 540 405 540 406 540 406 541 405 541 407 541 406 542 407 542 408 542 408 543 407 543 409 543 408 544 409 544 410 544 410 545 409 545 411 545 410 546 411 546 412 546 412 547 411 547 413 547 412 548 413 548 414 548 414 549 413 549 415 549 414 550 415 550 416 550 416 551 415 551 417 551 416 552 417 552 418 552 418 553 417 553 419 553 418 554 419 554 420 554 420 555 419 555 421 555 420 556 421 556 422 556 422 557 421 557 423 557 422 558 423 558 424 558 424 559 423 559 425 559 424 560 425 560 426 560 426 561 425 561 427 561 426 562 427 562 252 562 252 563 427 563 428 563 252 564 428 564 334 564 334 565 428 565 429 565 334 566 429 566 430 566 430 567 429 567 248 567 430 568 248 568 333 568 333 569 248 569 161 569 333 570 161 570 124 570 66 571 356 571 29 571 29 572 356 572 431 572 29 573 431 573 23 573 23 574 431 574 432 574 23 575 432 575 7 575 7 576 432 576 433 576 7 577 433 577 19 577 19 578 433 578 434 578 19 579 434 579 15 579 15 580 434 580 354 580 15 581 354 581 4 581 4 582 354 582 353 582 4 583 353 583 51 583 51 584 353 584 435 584 51 585 435 585 53 585 115 586 122 586 436 586 436 587 122 587 10 587 436 588 10 588 253 588 88 589 262 589 111 589 111 590 262 590 437 590 111 591 437 591 109 591 109 592 437 592 438 592 109 593 438 593 107 593 107 594 438 594 260 594 107 595 260 595 105 595 439 596 440 596 94 596 94 597 440 597 441 597 94 598 441 598 92 598 92 599 441 599 261 599 92 600 261 600 90 600 442 601 443 601 98 601 98 602 443 602 444 602 98 603 444 603 96 603 96 604 444 604 439 604 96 605 439 605 94 605 263 606 445 606 85 606 85 607 445 607 446 607 85 608 446 608 100 608 100 609 446 609 442 609 100 610 442 610 98 610 447 611 448 611 77 611 77 612 448 612 449 612 77 613 449 613 84 613 84 614 449 614 450 614 84 615 450 615 82 615 82 616 450 616 265 616 82 617 265 617 80 617 266 618 451 618 74 618 74 619 451 619 452 619 74 620 452 620 76 620 76 621 452 621 447 621 76 622 447 622 77 622 31 623 270 624 40 623 40 625 270 626 268 627 40 628 268 628 41 628 31 629 30 629 269 629 269 630 30 630 38 630 269 631 38 631 271 631 26 632 276 632 27 632 27 633 276 634 453 635 27 636 453 636 28 636 28 637 453 637 454 637 28 638 454 639 64 640 64 641 454 642 455 643 64 644 455 645 65 646 65 647 455 647 274 647 65 648 274 648 67 648 456 649 457 649 8 649 8 650 457 651 458 652 8 653 458 653 6 653 6 654 458 654 459 654 6 655 459 655 24 655 24 656 459 656 460 656 24 657 460 658 25 659 25 660 460 661 275 662 25 663 275 664 26 665 22 666 278 666 8 666 8 667 278 667 456 667 278 668 349 668 456 668 456 669 349 669 461 669 16 670 280 670 17 670 17 671 280 671 462 671 17 672 462 672 18 672 18 673 462 673 351 673 18 674 351 674 20 674 20 675 351 675 277 675 20 676 277 676 21 676 16 677 3 677 279 677 279 678 3 678 5 678 279 679 5 679 281 679 283 680 52 680 463 680 463 681 52 681 54 681 463 682 54 682 464 682 464 683 54 683 56 683 464 684 56 684 465 684 284 685 466 685 58 685 58 686 466 686 465 686 58 687 465 687 56 687 467 688 468 688 0 688 0 689 468 689 469 689 0 690 469 690 1 690 1 691 469 691 286 691 1 692 286 692 62 692 287 693 470 693 61 693 61 694 470 694 471 694 61 695 471 695 2 695 2 696 471 696 467 696 2 697 467 697 0 697 435 698 472 698 53 698 53 699 472 699 473 699 53 700 473 700 55 700 55 701 473 701 474 701 55 702 474 702 57 702 57 703 474 703 288 703 57 704 288 704 59 704 423 705 235 705 425 705 425 706 235 706 238 706 425 707 238 707 427 707 427 708 238 708 240 708 427 709 240 709 428 709 428 710 240 710 243 710 428 711 243 711 429 711 429 712 243 712 144 712 429 713 144 713 248 713 417 714 230 714 419 714 419 715 230 715 233 715 419 716 233 716 421 716 421 717 233 717 235 717 421 718 235 718 423 718 289 719 137 719 381 719 381 720 137 720 155 720 381 721 155 721 383 721 383 722 155 722 154 722 383 723 154 723 385 723 385 724 154 724 138 724 385 725 138 725 387 725 387 726 138 726 140 726 387 727 140 727 389 727 389 728 140 728 220 728 389 729 220 729 391 729 391 730 220 730 219 730 391 731 219 731 393 731 393 732 219 732 221 732 393 733 221 733 395 733 395 734 221 734 141 734 395 735 141 735 397 735 397 736 141 736 143 736 397 737 143 737 399 737 399 738 143 738 160 738 399 739 160 739 401 739 401 740 160 740 159 740 401 741 159 741 403 741 403 742 159 742 158 742 403 743 158 743 405 743 405 744 158 744 222 744 405 745 222 745 407 745 407 746 222 746 224 746 407 747 224 747 409 747 409 748 224 748 225 748 409 749 225 749 411 749 411 750 225 750 227 750 411 751 227 751 413 751 413 752 227 752 228 752 413 753 228 753 415 753 415 754 228 754 230 754 415 755 230 755 417 755 216 756 215 756 376 756 376 757 215 757 217 757 376 758 217 758 378 758 378 759 217 759 135 759 378 760 135 760 289 760 209 761 211 761 291 761 291 762 211 762 213 762 291 763 213 763 374 763 374 764 213 764 216 764 374 765 216 765 376 765 129 766 131 766 364 766 364 767 131 767 152 767 364 768 152 768 366 768 366 769 152 769 151 769 366 770 151 770 295 770 475 771 203 771 476 771 476 772 203 772 204 772 476 773 204 773 477 773 477 774 204 774 205 774 477 775 205 775 362 775 362 776 205 776 129 776 362 777 129 777 364 777 296 778 198 778 478 778 478 779 198 779 200 779 478 780 200 780 479 780 479 781 200 781 201 781 479 782 201 782 480 782 480 783 201 783 203 783 480 784 203 784 475 784 190 785 191 785 298 785 298 786 191 786 193 786 298 787 193 787 481 787 481 788 193 788 195 788 481 789 195 789 482 789 482 790 195 790 196 790 482 791 196 791 296 791 483 792 186 792 484 792 484 793 186 793 188 793 484 794 188 794 297 794 177 795 179 795 300 795 300 796 179 796 180 796 300 797 180 798 485 799 485 800 180 800 182 800 485 801 182 801 486 801 486 802 182 802 184 802 486 803 184 803 487 803 487 804 184 804 186 804 487 805 186 805 483 805 169 806 171 806 302 806 302 807 171 807 173 807 302 808 173 809 488 810 488 811 173 811 175 811 488 812 175 812 299 812 165 813 126 814 489 815 489 816 126 817 128 818 489 819 128 820 305 821 490 822 172 822 491 822 491 823 172 823 170 823 491 824 170 824 492 824 492 825 170 825 168 825 492 826 168 827 493 828 493 829 168 829 167 829 493 830 167 830 494 830 494 831 167 832 165 833 494 834 165 834 489 834 183 835 181 835 307 835 307 836 181 836 178 836 307 837 178 837 495 837 495 838 178 838 176 838 495 839 176 839 496 839 496 840 176 840 174 840 496 841 174 842 497 843 497 844 174 844 172 844 497 845 172 845 490 845 199 846 197 846 311 846 311 847 197 847 194 847 311 848 194 848 498 848 498 849 194 849 192 849 498 850 192 850 499 850 499 851 192 851 189 851 499 852 189 852 500 852 500 853 189 853 187 853 500 854 187 854 309 854 312 855 130 855 501 855 501 856 130 856 202 856 501 857 202 857 502 857 502 858 202 858 199 858 502 859 199 859 310 859 214 860 212 860 316 860 316 861 212 861 210 861 316 862 210 862 503 862 503 863 210 863 207 863 503 864 207 864 314 864 156 865 142 865 504 865 504 866 142 866 218 866 504 867 218 867 505 867 505 868 218 868 139 868 505 869 139 869 319 869 223 870 157 870 321 870 321 871 157 871 156 871 321 872 156 872 504 872 322 873 506 873 229 873 229 874 506 874 323 874 229 875 323 875 231 875 507 876 241 876 508 876 508 877 241 877 239 877 508 878 239 878 509 878 509 879 239 879 237 879 509 880 237 880 510 880 510 881 237 881 236 881 510 882 236 882 325 882 145 883 246 883 327 883 327 884 246 884 245 884 327 885 245 885 511 885 511 886 245 886 244 886 511 887 244 887 512 887 512 888 244 888 242 888 512 889 242 889 513 889 513 890 242 890 241 890 513 891 241 891 507 891 514 892 307 892 515 892 515 893 307 893 495 893 515 894 495 894 516 894 516 895 495 895 496 895 516 896 496 896 517 896 517 897 496 898 497 899 517 900 497 901 518 902 518 903 497 904 490 905 518 906 490 906 519 906 519 907 490 907 491 907 519 908 491 908 520 908 520 909 491 909 492 909 520 910 492 910 521 910 521 911 492 912 493 912 521 913 493 913 522 913 522 914 493 914 494 914 522 915 494 916 523 917 523 918 494 918 489 918 523 919 489 919 524 919 524 920 489 920 305 920 524 921 305 922 525 923 525 924 305 925 304 926 525 927 304 928 526 929 526 930 304 930 303 930 526 931 303 931 527 931 527 932 303 932 301 932 527 933 301 933 528 933 528 934 301 934 302 934 528 935 302 936 529 936 529 937 302 937 488 937 529 938 488 938 339 938 339 939 488 939 299 939 339 940 299 940 336 940 336 941 299 941 300 941 336 942 300 942 337 942 337 943 300 943 485 943 337 944 485 944 530 944 530 945 485 945 486 945 530 946 486 946 531 946 531 947 486 947 487 947 531 948 487 948 532 948 532 949 487 949 483 949 532 950 483 950 533 950 533 951 483 951 484 951 533 952 484 952 534 952 534 953 484 953 297 953 534 954 297 954 535 954 535 955 297 955 298 955 535 956 298 956 536 956 536 957 298 957 481 957 536 958 481 958 537 958 537 959 481 959 482 959 537 960 482 960 538 960 538 961 482 961 296 961 538 962 296 962 539 962 539 963 296 963 478 963 539 964 478 964 540 964 540 965 478 965 479 965 540 966 479 966 541 966 541 967 479 967 480 967 541 968 480 968 542 968 542 969 480 969 475 969 542 970 475 970 543 970 543 971 475 971 476 971 543 972 476 972 544 972 544 973 476 973 477 973 544 974 477 974 545 974 545 975 477 975 362 975 545 976 362 976 361 976 546 977 311 977 547 977 547 978 311 978 498 978 547 979 498 979 548 979 548 980 498 980 499 980 548 981 499 981 549 981 549 982 499 982 500 982 549 983 500 983 550 983 550 984 500 984 309 984 550 985 309 985 551 985 551 986 309 986 308 986 551 987 308 987 552 987 552 988 308 988 306 988 552 989 306 989 553 989 553 990 306 990 307 990 553 991 307 991 514 991 554 992 504 992 555 992 555 993 504 993 505 993 555 994 505 994 556 994 556 995 505 995 319 995 556 996 319 996 557 996 557 997 319 997 318 997 557 998 318 998 558 998 558 999 318 999 317 999 558 1000 317 1000 559 1000 559 1001 317 1001 315 1001 559 1002 315 1002 560 1002 560 1003 315 1003 316 1003 560 1004 316 1004 561 1004 561 1005 316 1005 503 1005 561 1006 503 1006 562 1006 562 1007 503 1007 314 1007 562 1008 314 1008 563 1008 563 1009 314 1009 313 1009 563 1010 313 1010 564 1010 564 1011 313 1011 312 1011 564 1012 312 1012 565 1012 565 1013 312 1013 501 1013 565 1014 501 1014 566 1014 566 1015 501 1015 502 1015 566 1016 502 1016 567 1016 567 1017 502 1017 310 1017 567 1018 310 1018 568 1018 568 1019 310 1019 311 1019 568 1020 311 1020 546 1020 569 1021 328 1021 570 1021 570 1022 328 1022 326 1022 570 1023 326 1023 341 1023 341 1024 326 1024 327 1024 341 1025 327 1025 340 1025 340 1026 327 1026 511 1026 340 1027 511 1027 571 1027 571 1028 511 1028 512 1028 571 1029 512 1029 572 1029 572 1030 512 1030 513 1030 572 1031 513 1031 250 1031 250 1032 513 1032 507 1032 250 1033 507 1033 573 1033 573 1034 507 1034 508 1034 573 1035 508 1035 574 1035 574 1036 508 1036 509 1036 574 1037 509 1037 575 1037 575 1038 509 1038 510 1038 575 1039 510 1039 576 1039 576 1040 510 1040 325 1040 576 1041 325 1041 577 1041 577 1042 325 1042 324 1042 577 1043 324 1043 578 1043 578 1044 324 1044 323 1044 578 1045 323 1045 579 1045 579 1046 323 1046 506 1046 579 1047 506 1047 580 1047 580 1048 506 1048 322 1048 580 1049 322 1049 581 1049 581 1050 322 1050 320 1050 581 1051 320 1051 582 1051 582 1052 320 1052 321 1052 582 1053 321 1053 583 1053 583 1054 321 1054 504 1054 583 1055 504 1055 554 1055 162 1056 328 1056 329 1056 329 1057 328 1057 569 1057 329 1058 569 1058 332 1058 332 1059 569 1059 44 1059 332 1060 44 1060 123 1060 163 1061 329 1061 330 1061 330 1062 329 1062 331 1062 330 1063 331 1063 584 1063 584 1064 331 1064 123 1064 584 1065 123 1065 125 1065 333 1066 32 1066 430 1066 430 1067 32 1067 39 1067 430 1068 39 1068 334 1068 585 1069 535 1069 586 1069 586 1070 535 1070 536 1070 586 1071 536 1071 587 1071 587 1072 536 1072 537 1072 587 1073 537 1073 588 1073 588 1074 537 1074 538 1074 588 1075 538 1075 589 1075 589 1076 538 1076 539 1076 589 1077 539 1077 590 1077 590 1078 539 1078 540 1078 590 1079 540 1079 591 1079 591 1080 540 1080 541 1080 591 1081 541 1081 592 1081 592 1082 541 1082 542 1082 592 1083 542 1083 593 1083 593 1084 542 1084 543 1084 593 1085 543 1085 594 1085 594 1086 543 1086 544 1086 594 1087 544 1087 595 1087 595 1088 544 1088 545 1088 595 1089 545 1089 596 1089 596 1090 545 1090 361 1090 596 1091 361 1091 597 1091 597 1092 361 1092 363 1092 597 1093 363 1093 598 1093 598 1094 363 1094 365 1094 598 1095 365 1095 599 1095 599 1096 365 1096 367 1096 599 1097 367 1097 600 1097 600 1098 367 1098 368 1098 600 1099 368 1099 601 1099 601 1100 368 1100 369 1100 601 1101 369 1101 602 1101 602 1102 369 1102 370 1102 602 1103 370 1103 603 1103 603 1104 370 1104 371 1104 603 1105 371 1105 604 1105 604 1106 371 1106 372 1106 604 1107 372 1107 605 1107 605 1108 372 1108 373 1108 605 1109 373 1109 606 1109 606 1110 373 1110 375 1110 606 1111 375 1111 607 1111 607 1112 375 1112 377 1112 607 1113 377 1113 608 1113 608 1114 377 1114 379 1114 608 1115 379 1115 609 1115 609 1116 379 1116 380 1116 609 1117 380 1117 610 1117 610 1118 380 1118 382 1118 610 1119 382 1119 611 1119 611 1120 382 1120 384 1120 611 1121 384 1121 612 1121 612 1122 384 1122 386 1122 612 1123 386 1123 613 1123 613 1124 386 1124 388 1124 613 1125 388 1125 614 1125 614 1126 388 1126 390 1126 614 1127 390 1127 615 1127 615 1128 390 1128 392 1128 615 1129 392 1129 616 1129 616 1130 392 1130 394 1130 616 1131 394 1131 617 1131 617 1132 394 1132 396 1132 617 1133 396 1133 618 1133 618 1134 396 1134 398 1134 618 1135 398 1135 619 1135 619 1136 398 1136 400 1136 619 1137 400 1137 620 1137 620 1138 400 1138 402 1138 620 1139 402 1139 621 1139 621 1140 402 1140 404 1140 621 1141 404 1141 622 1141 622 1142 404 1142 406 1142 622 1143 406 1143 348 1143 348 1144 406 1144 408 1144 348 1145 408 1145 346 1145 346 1146 408 1146 410 1146 346 1147 410 1147 347 1147 347 1148 410 1148 412 1148 347 1149 412 1149 623 1149 623 1150 412 1150 414 1150 623 1151 414 1151 345 1151 345 1152 414 1152 416 1152 345 1153 416 1153 344 1153 344 1154 416 1154 418 1154 344 1155 418 1155 624 1155 624 1156 418 1156 420 1156 624 1157 420 1157 625 1157 625 1158 420 1158 422 1158 625 1159 422 1159 626 1159 626 1160 422 1160 424 1160 626 1161 424 1161 627 1161 627 1162 424 1162 426 1162 627 1163 426 1163 343 1163 343 1164 426 1164 252 1164 343 1165 252 1165 251 1165 335 1166 337 1166 628 1166 628 1167 337 1167 530 1167 628 1168 530 1168 629 1168 629 1169 530 1169 531 1169 629 1170 531 1170 630 1170 630 1171 531 1171 532 1171 630 1172 532 1172 631 1172 631 1173 532 1173 533 1173 631 1174 533 1174 632 1174 632 1175 533 1175 534 1175 632 1176 534 1176 633 1176 633 1177 534 1177 535 1177 633 1178 535 1178 585 1178 634 1179 568 1179 635 1179 635 1180 568 1180 546 1180 635 1181 546 1181 636 1181 636 1182 546 1182 547 1182 636 1183 547 1183 637 1183 637 1184 547 1184 548 1184 637 1185 548 1185 638 1185 638 1186 548 1186 549 1186 638 1187 549 1187 639 1187 639 1188 549 1188 550 1188 639 1189 550 1189 640 1189 640 1190 550 1190 551 1190 640 1191 551 1191 641 1191 641 1192 551 1192 552 1192 641 1193 552 1193 642 1193 642 1194 552 1194 553 1194 642 1195 553 1195 643 1195 643 1196 553 1196 514 1196 643 1197 514 1197 644 1197 644 1198 514 1198 515 1198 644 1199 515 1200 350 1201 350 1202 515 1202 516 1202 350 1203 516 1203 349 1203 349 1204 516 1204 517 1204 349 1205 517 1205 461 1205 461 1206 517 1206 518 1206 461 1207 518 1207 645 1207 645 1208 518 1209 519 1210 645 1211 519 1212 646 1213 646 1214 519 1214 520 1215 646 1216 520 1216 647 1216 647 1217 520 1217 521 1217 647 1218 521 1218 648 1218 648 1219 521 1219 522 1219 648 1220 522 1220 649 1220 649 1221 522 1222 523 1223 649 1224 523 1225 650 1226 650 1227 523 1228 524 1229 650 1230 524 1231 651 1232 651 1233 524 1233 525 1233 651 1234 525 1235 652 1236 652 1237 525 1237 526 1237 652 1238 526 1239 653 1240 653 1241 526 1242 527 1243 653 1244 527 1244 654 1244 654 1245 527 1245 528 1245 654 1246 528 1247 655 1248 655 1249 528 1249 529 1249 655 1250 529 1250 656 1250 656 1251 529 1251 339 1251 656 1252 339 1252 338 1252 657 1253 565 1253 658 1253 658 1254 565 1254 566 1254 658 1255 566 1255 659 1255 659 1256 566 1256 567 1256 659 1257 567 1257 660 1257 660 1258 567 1258 568 1258 660 1259 568 1259 634 1259 661 1260 561 1260 662 1260 662 1261 561 1261 562 1261 662 1262 562 1262 663 1262 663 1263 562 1263 563 1263 663 1264 563 1264 664 1264 664 1265 563 1265 564 1265 664 1266 564 1266 665 1266 665 1267 564 1267 565 1267 665 1268 565 1268 657 1268 666 1269 560 1269 667 1269 667 1270 560 1270 561 1270 667 1271 561 1271 661 1271 250 1272 573 1272 249 1272 249 1273 573 1273 574 1273 249 1274 574 1274 360 1274 360 1275 574 1275 575 1275 360 1276 575 1276 668 1276 668 1277 575 1277 576 1277 668 1278 576 1278 669 1278 669 1279 576 1279 577 1279 669 1280 577 1280 358 1280 358 1281 577 1281 578 1281 358 1282 578 1282 359 1282 359 1283 578 1283 579 1283 359 1284 579 1284 670 1284 670 1285 579 1285 580 1285 670 1286 580 1286 671 1286 671 1287 580 1287 581 1287 671 1288 581 1288 357 1288 357 1289 581 1289 582 1289 357 1290 582 1290 355 1290 355 1291 582 1291 583 1291 355 1292 583 1292 356 1292 356 1293 583 1293 554 1293 356 1294 554 1294 431 1294 431 1295 554 1295 555 1295 431 1296 555 1296 432 1296 432 1297 555 1297 556 1297 432 1298 556 1298 433 1298 433 1299 556 1299 557 1299 433 1300 557 1300 434 1300 434 1301 557 1301 558 1301 434 1302 558 1302 354 1302 354 1303 558 1303 559 1303 354 1304 559 1304 352 1304 352 1305 559 1305 560 1305 352 1306 560 1306 666 1306 340 1307 571 1307 47 1307 47 1308 571 1308 572 1308 47 1309 572 1309 48 1309 48 1310 572 1310 250 1310 48 1311 250 1311 49 1311 341 1312 45 1312 570 1312 570 1313 45 1313 44 1313 570 1314 44 1314 569 1314 330 1315 584 1315 342 1315 342 1316 584 1316 125 1316 342 1317 125 1317 12 1317 344 1318 624 1318 86 1318 86 1319 624 1319 625 1319 86 1320 625 1320 79 1320 79 1321 625 1321 626 1321 79 1322 626 1322 81 1322 81 1323 626 1323 627 1323 81 1324 627 1324 83 1324 83 1325 627 1325 343 1325 83 1326 343 1326 75 1326 93 1327 347 1327 95 1327 95 1328 347 1328 623 1328 95 1329 623 1329 97 1329 97 1330 623 1330 345 1330 97 1331 345 1331 99 1331 101 1332 617 1332 102 1332 102 1333 617 1333 618 1333 102 1334 618 1334 104 1334 104 1335 618 1335 619 1335 104 1336 619 1336 106 1336 106 1337 619 1337 620 1337 106 1338 620 1338 108 1338 108 1339 620 1339 621 1339 108 1340 621 1340 110 1340 110 1341 621 1341 622 1341 110 1342 622 1342 89 1342 89 1343 622 1343 348 1343 89 1344 348 1344 91 1344 118 1345 614 1345 120 1345 120 1346 614 1346 615 1346 120 1347 615 1347 112 1347 112 1348 615 1348 616 1348 112 1349 616 1349 113 1349 113 1350 616 1350 617 1350 113 1351 617 1351 101 1351 436 1352 612 1352 115 1352 115 1353 612 1353 613 1353 115 1354 613 1354 116 1354 116 1355 613 1355 614 1355 116 1356 614 1356 118 1356 450 1357 589 1357 265 1357 265 1358 589 1358 590 1358 265 1359 590 1359 264 1359 264 1360 590 1360 591 1360 264 1361 591 1361 263 1361 263 1362 591 1362 592 1362 263 1363 592 1363 445 1363 445 1364 592 1364 593 1364 445 1365 593 1365 446 1365 446 1366 593 1366 594 1366 446 1367 594 1367 442 1367 442 1368 594 1368 595 1368 442 1369 595 1369 443 1369 443 1370 595 1370 596 1370 443 1371 596 1371 444 1371 444 1372 596 1372 597 1372 444 1373 597 1373 439 1373 439 1374 597 1374 598 1374 439 1375 598 1375 440 1375 440 1376 598 1376 599 1376 440 1377 599 1377 441 1377 441 1378 599 1378 600 1378 441 1379 600 1379 261 1379 261 1380 600 1380 601 1380 261 1381 601 1381 262 1381 262 1382 601 1382 602 1382 262 1383 602 1383 437 1383 437 1384 602 1384 603 1384 437 1385 603 1385 438 1385 438 1386 603 1386 604 1386 438 1387 604 1387 260 1387 260 1388 604 1388 605 1388 260 1389 605 1389 259 1389 259 1390 605 1390 606 1390 259 1391 606 1391 258 1391 258 1392 606 1392 607 1392 258 1393 607 1393 257 1393 257 1394 607 1394 608 1394 257 1395 608 1395 256 1395 256 1396 608 1396 609 1396 256 1397 609 1397 255 1397 255 1398 609 1398 610 1398 255 1399 610 1399 254 1399 254 1400 610 1400 611 1400 254 1401 611 1401 253 1401 253 1402 611 1402 612 1402 253 1403 612 1403 436 1403 589 1404 450 1404 588 1404 588 1405 450 1405 449 1405 588 1406 449 1406 587 1406 587 1407 449 1407 448 1407 587 1408 448 1408 586 1408 586 1409 448 1409 447 1409 586 1069 447 1069 585 1069 585 1410 447 1410 452 1410 585 1411 452 1411 633 1411 633 1412 452 1412 451 1412 633 1413 451 1414 632 1414 632 1415 451 1415 266 1415 632 1416 266 1416 631 1416 631 1417 266 1417 267 1417 631 1418 267 1418 630 1418 630 1419 267 1419 268 1419 630 1420 268 1420 629 1420 629 1421 268 1421 270 1421 629 1422 270 1422 628 1422 628 1423 270 1423 269 1423 628 1424 269 1424 335 1424 335 1425 269 1425 271 1425 335 1426 271 1427 338 1428 338 1429 271 1429 272 1429 338 1430 272 1430 656 1430 656 1431 272 1432 273 1433 656 1434 273 1434 655 1434 655 1435 273 1435 274 1436 655 1437 274 1437 654 1437 654 1438 274 1438 455 1438 654 1439 455 1439 653 1439 653 1440 455 1440 454 1440 653 1441 454 1442 652 1443 652 1444 454 1445 453 1446 652 1447 453 1448 651 1449 651 1450 453 1450 276 1450 651 1451 276 1451 650 1451 650 1452 276 1452 275 1452 650 1453 275 1454 649 1455 649 1456 275 1456 460 1456 649 1457 460 1457 648 1457 648 1458 460 1458 459 1458 648 1459 459 1459 647 1459 647 1460 459 1460 458 1460 647 1461 458 1461 646 1461 646 1462 458 1462 457 1462 646 1463 457 1464 645 1465 645 1466 457 1466 456 1466 645 1467 456 1467 461 1467 470 1468 664 1468 471 1468 471 1469 664 1469 665 1469 471 1470 665 1470 467 1470 467 1471 665 1471 657 1471 467 1472 657 1472 468 1472 468 1473 657 1473 658 1473 468 1474 658 1474 469 1474 469 1475 658 1475 659 1475 469 1476 659 1476 286 1476 286 1477 659 1477 660 1477 286 1478 660 1478 285 1478 285 1479 660 1479 634 1479 285 1480 634 1480 284 1480 284 1481 634 1481 635 1481 284 1482 635 1482 466 1482 466 1483 635 1483 636 1483 466 1484 636 1484 465 1484 465 1485 636 1485 637 1485 465 1486 637 1486 464 1486 464 1487 637 1487 638 1487 464 1488 638 1488 463 1488 463 1489 638 1489 639 1489 463 1490 639 1490 283 1490 283 1491 639 1491 640 1491 283 1492 640 1492 282 1492 282 1493 640 1493 641 1493 282 1494 641 1494 281 1494 281 1495 641 1495 642 1495 281 1496 642 1496 279 1496 279 1497 642 1497 643 1497 279 1498 643 1498 280 1498 280 1499 643 1499 644 1499 280 1500 644 1500 462 1500 462 1501 644 1501 350 1501 462 1502 350 1502 351 1502 353 1503 352 1503 435 1503 435 1504 352 1504 666 1504 435 1505 666 1505 472 1505 472 1506 666 1506 667 1506 472 1507 667 1507 473 1507 473 1508 667 1508 661 1508 473 1509 661 1509 474 1509 474 1510 661 1510 662 1510 474 1511 662 1511 288 1511 288 1512 662 1512 663 1512 288 1513 663 1513 287 1513 287 1514 663 1514 664 1514 287 1515 664 1515 470 1515 36 1516 359 1516 37 1516 37 1517 359 1517 670 1517 37 1518 670 1518 73 1518 73 1519 670 1519 671 1519 73 1520 671 1520 71 1520 71 1521 671 1521 357 1521 71 1522 357 1522 69 1522 34 1523 669 1523 35 1523 35 1524 669 1524 358 1524 35 1525 358 1525 36 1525 360 1526 668 1526 33 1526 33 1527 668 1527 669 1527 33 1528 669 1528 34 1528 13 1529 147 1530 14 1531 161 1532 148 1532 124 1532 124 1533 148 1534 147 1534 124 1535 147 1536 13 1537</p>
        </triangles>
      </mesh>
    </geometry>
  </library_geometries>
  <library_visual_scenes>
    <visual_scene id="Scene" name="Scene">
      <node id="left_aileron" name="left_aileron" type="NODE">
        <matrix sid="transform">0.001980197 0 0 0.004484674 0 0.001980197 0 0 0 0 0.001980197 0.003122766 0 0 0 1</matrix>
        <instance_geometry url="#left_aileron-mesh" name="left_aileron"/>
      </node>
    </visual_scene>
  </library_visual_scenes>
  <scene>
    <instance_visual_scene url="#Scene"/>
  </scene>
</COLLADA>